create table country(
	id			int NOT NULL,
	name		varchar(255) NOT NULL,
	PRIMARY KEY (id)
);
	
create table region(
	id			int NOT NULL,
	country_id	bigint not null REFERENCES country (id),
	name		varchar(255) NOT NULL,
	PRIMARY KEY (id)
);
	
create table city(
	id			int NOT NULL,
	region_id	bigint not null REFERENCES region (id),
	name		varchar(255) NOT NULL,
	PRIMARY KEY (id)
);

REPLACE INTO country(id, name) values (0, 'Россия');
REPLACE INTO country(id, name) values (1, 'Украина');
REPLACE INTO country(id, name) values (2, 'Абхазия');
REPLACE INTO country(id, name) values (3, 'Австралия');
REPLACE INTO country(id, name) values (4, 'Австрия');
REPLACE INTO country(id, name) values (5, 'Азербайджан');
REPLACE INTO country(id, name) values (6, 'Албания');
REPLACE INTO country(id, name) values (7, 'Алжир');
REPLACE INTO country(id, name) values (8, 'Ангола');
REPLACE INTO country(id, name) values (9, 'Ангуилья');
REPLACE INTO country(id, name) values (10, 'Андорра');
REPLACE INTO country(id, name) values (11, 'Антигуа и Барбуда');
REPLACE INTO country(id, name) values (12, 'Антильские о-ва');
REPLACE INTO country(id, name) values (13, 'Аргентина');
REPLACE INTO country(id, name) values (14, 'Армения');
REPLACE INTO country(id, name) values (15, 'Арулько');
REPLACE INTO country(id, name) values (16, 'Афганистан');
REPLACE INTO country(id, name) values (17, 'Багамские о-ва');
REPLACE INTO country(id, name) values (18, 'Бангладеш');
REPLACE INTO country(id, name) values (19, 'Барбадос');
REPLACE INTO country(id, name) values (20, 'Бахрейн');
REPLACE INTO country(id, name) values (21, 'Беларусь');
REPLACE INTO country(id, name) values (22, 'Белиз');
REPLACE INTO country(id, name) values (23, 'Бельгия');
REPLACE INTO country(id, name) values (24, 'Бенин');
REPLACE INTO country(id, name) values (25, 'Бермуды');
REPLACE INTO country(id, name) values (26, 'Болгария');
REPLACE INTO country(id, name) values (27, 'Боливия');
REPLACE INTO country(id, name) values (28, 'Босния/Герцеговина');
REPLACE INTO country(id, name) values (29, 'Ботсвана');
REPLACE INTO country(id, name) values (30, 'Бразилия');
REPLACE INTO country(id, name) values (31, 'Британские Виргинские о-ва');
REPLACE INTO country(id, name) values (32, 'Бруней');
REPLACE INTO country(id, name) values (33, 'Буркина Фасо');
REPLACE INTO country(id, name) values (34, 'Бурунди');
REPLACE INTO country(id, name) values (35, 'Бутан');
REPLACE INTO country(id, name) values (36, 'Валлис и Футуна о-ва');
REPLACE INTO country(id, name) values (37, 'Вануату');
REPLACE INTO country(id, name) values (38, 'Великобритания');
REPLACE INTO country(id, name) values (39, 'Венгрия');
REPLACE INTO country(id, name) values (40, 'Венесуэла');
REPLACE INTO country(id, name) values (41, 'Восточный Тимор');
REPLACE INTO country(id, name) values (42, 'Вьетнам');
REPLACE INTO country(id, name) values (43, 'Габон');
REPLACE INTO country(id, name) values (44, 'Гаити');
REPLACE INTO country(id, name) values (45, 'Гайана');
REPLACE INTO country(id, name) values (46, 'Гамбия');
REPLACE INTO country(id, name) values (47, 'Гана');
REPLACE INTO country(id, name) values (48, 'Гваделупа');
REPLACE INTO country(id, name) values (49, 'Гватемала');
REPLACE INTO country(id, name) values (50, 'Гвинея');
REPLACE INTO country(id, name) values (51, 'Гвинея-Бисау');
REPLACE INTO country(id, name) values (52, 'Германия');
REPLACE INTO country(id, name) values (53, 'Гернси о-в');
REPLACE INTO country(id, name) values (54, 'Гибралтар');
REPLACE INTO country(id, name) values (55, 'Гондурас');
REPLACE INTO country(id, name) values (56, 'Гонконг');
REPLACE INTO country(id, name) values (57, 'Гренада');
REPLACE INTO country(id, name) values (58, 'Гренландия');
REPLACE INTO country(id, name) values (59, 'Греция');
REPLACE INTO country(id, name) values (60, 'Грузия');
REPLACE INTO country(id, name) values (61, 'Дания');
REPLACE INTO country(id, name) values (62, 'Джерси о-в');
REPLACE INTO country(id, name) values (63, 'Джибути');
REPLACE INTO country(id, name) values (64, 'Доминиканская республика');
REPLACE INTO country(id, name) values (65, 'Египет');
REPLACE INTO country(id, name) values (66, 'Замбия');
REPLACE INTO country(id, name) values (67, 'Западная Сахара');
REPLACE INTO country(id, name) values (68, 'Зимбабве');
REPLACE INTO country(id, name) values (69, 'Израиль');
REPLACE INTO country(id, name) values (70, 'Индия');
REPLACE INTO country(id, name) values (71, 'Индонезия');
REPLACE INTO country(id, name) values (72, 'Иордания');
REPLACE INTO country(id, name) values (73, 'Ирак');
REPLACE INTO country(id, name) values (74, 'Иран');
REPLACE INTO country(id, name) values (75, 'Ирландия');
REPLACE INTO country(id, name) values (76, 'Исландия');
REPLACE INTO country(id, name) values (77, 'Испания');
REPLACE INTO country(id, name) values (78, 'Италия');
REPLACE INTO country(id, name) values (79, 'Йемен');
REPLACE INTO country(id, name) values (80, 'Кабо-Верде');
REPLACE INTO country(id, name) values (81, 'Казахстан');
REPLACE INTO country(id, name) values (82, 'Камбоджа');
REPLACE INTO country(id, name) values (83, 'Камерун');
REPLACE INTO country(id, name) values (84, 'Канада');
REPLACE INTO country(id, name) values (85, 'Катар');
REPLACE INTO country(id, name) values (86, 'Кения');
REPLACE INTO country(id, name) values (87, 'Кипр');
REPLACE INTO country(id, name) values (88, 'Кирибати');
REPLACE INTO country(id, name) values (89, 'Китай');
REPLACE INTO country(id, name) values (90, 'Колумбия');
REPLACE INTO country(id, name) values (91, 'Коморские о-ва');
REPLACE INTO country(id, name) values (92, 'Конго (Brazzaville)');
REPLACE INTO country(id, name) values (93, 'Конго (Kinshasa)');
REPLACE INTO country(id, name) values (94, 'Коста-Рика');
REPLACE INTO country(id, name) values (95, 'Кот-д''''Ивуар');
REPLACE INTO country(id, name) values (96, 'Куба');
REPLACE INTO country(id, name) values (97, 'Кувейт');
REPLACE INTO country(id, name) values (98, 'Кука о-ва');
REPLACE INTO country(id, name) values (99, 'Кыргызстан');
REPLACE INTO country(id, name) values (100, 'Лаос');
REPLACE INTO country(id, name) values (101, 'Латвия');
REPLACE INTO country(id, name) values (102, 'Лесото');
REPLACE INTO country(id, name) values (103, 'Либерия');
REPLACE INTO country(id, name) values (104, 'Ливан');
REPLACE INTO country(id, name) values (105, 'Ливия');
REPLACE INTO country(id, name) values (106, 'Литва');
REPLACE INTO country(id, name) values (107, 'Лихтенштейн');
REPLACE INTO country(id, name) values (108, 'Люксембург');
REPLACE INTO country(id, name) values (109, 'Маврикий');
REPLACE INTO country(id, name) values (110, 'Мавритания');
REPLACE INTO country(id, name) values (111, 'Мадагаскар');
REPLACE INTO country(id, name) values (112, 'Македония');
REPLACE INTO country(id, name) values (113, 'Малави');
REPLACE INTO country(id, name) values (114, 'Малайзия');
REPLACE INTO country(id, name) values (115, 'Мали');
REPLACE INTO country(id, name) values (116, 'Мальдивские о-ва');
REPLACE INTO country(id, name) values (117, 'Мальта');
REPLACE INTO country(id, name) values (118, 'Мартиника о-в');
REPLACE INTO country(id, name) values (119, 'Мексика');
REPLACE INTO country(id, name) values (120, 'Мозамбик');
REPLACE INTO country(id, name) values (121, 'Молдова');
REPLACE INTO country(id, name) values (122, 'Монако');
REPLACE INTO country(id, name) values (123, 'Монголия');
REPLACE INTO country(id, name) values (124, 'Марокко');
REPLACE INTO country(id, name) values (125, 'Мьянма (Бирма)');
REPLACE INTO country(id, name) values (126, 'Мэн о-в');
REPLACE INTO country(id, name) values (127, 'Намибия');
REPLACE INTO country(id, name) values (128, 'Науру');
REPLACE INTO country(id, name) values (129, 'Непал');
REPLACE INTO country(id, name) values (130, 'Нигер');
REPLACE INTO country(id, name) values (131, 'Нигерия');
REPLACE INTO country(id, name) values (132, 'Нидерланды (Голландия)');
REPLACE INTO country(id, name) values (133, 'Никарагуа');
REPLACE INTO country(id, name) values (134, 'Новая Зеландия');
REPLACE INTO country(id, name) values (135, 'Новая Каледония о-в');
REPLACE INTO country(id, name) values (136, 'Норвегия');
REPLACE INTO country(id, name) values (137, 'Норфолк о-в');
REPLACE INTO country(id, name) values (138, 'О.А.Э.');
REPLACE INTO country(id, name) values (139, 'Оман');
REPLACE INTO country(id, name) values (140, 'Пакистан');
REPLACE INTO country(id, name) values (141, 'Панама');
REPLACE INTO country(id, name) values (142, 'Папуа Новая Гвинея');
REPLACE INTO country(id, name) values (143, 'Парагвай');
REPLACE INTO country(id, name) values (144, 'Перу');
REPLACE INTO country(id, name) values (145, 'Питкэрн о-в');
REPLACE INTO country(id, name) values (146, 'Польша');
REPLACE INTO country(id, name) values (147, 'Португалия');
REPLACE INTO country(id, name) values (148, 'Пуэрто Рико');
REPLACE INTO country(id, name) values (149, 'Реюньон');
REPLACE INTO country(id, name) values (150, 'Руанда');
REPLACE INTO country(id, name) values (151, 'Румыния');
REPLACE INTO country(id, name) values (152, 'США');
REPLACE INTO country(id, name) values (153, 'Сальвадор');
REPLACE INTO country(id, name) values (154, 'Самоа');
REPLACE INTO country(id, name) values (155, 'Сан-Марино');
REPLACE INTO country(id, name) values (156, 'Сан-Томе и Принсипи');
REPLACE INTO country(id, name) values (157, 'Саудовская Аравия');
REPLACE INTO country(id, name) values (158, 'Свазиленд');
REPLACE INTO country(id, name) values (159, 'Святая Люсия');
REPLACE INTO country(id, name) values (160, 'Святой Елены о-в');
REPLACE INTO country(id, name) values (161, 'Северная Корея');
REPLACE INTO country(id, name) values (162, 'Сейшеллы');
REPLACE INTO country(id, name) values (163, 'Сен-Пьер и Микелон');
REPLACE INTO country(id, name) values (164, 'Сенегал');
REPLACE INTO country(id, name) values (165, 'Сент Китс и Невис');
REPLACE INTO country(id, name) values (166, 'Сент-Винсент и Гренадины');
REPLACE INTO country(id, name) values (167, 'Сербия');
REPLACE INTO country(id, name) values (168, 'Сингапур');
REPLACE INTO country(id, name) values (169, 'Сирия');
REPLACE INTO country(id, name) values (170, 'Словакия');
REPLACE INTO country(id, name) values (171, 'Словения');
REPLACE INTO country(id, name) values (172, 'Соломоновы о-ва');
REPLACE INTO country(id, name) values (173, 'Сомали');
REPLACE INTO country(id, name) values (174, 'Судан');
REPLACE INTO country(id, name) values (175, 'Суринам');
REPLACE INTO country(id, name) values (176, 'Сьерра-Леоне');
REPLACE INTO country(id, name) values (177, 'Таджикистан');
REPLACE INTO country(id, name) values (178, 'Тайвань');
REPLACE INTO country(id, name) values (179, 'Таиланд');
REPLACE INTO country(id, name) values (180, 'Танзания');
REPLACE INTO country(id, name) values (181, 'Того');
REPLACE INTO country(id, name) values (182, 'Токелау о-ва');
REPLACE INTO country(id, name) values (183, 'Тонга');
REPLACE INTO country(id, name) values (184, 'Тринидад и Тобаго');
REPLACE INTO country(id, name) values (185, 'Тувалу');
REPLACE INTO country(id, name) values (186, 'Тунис');
REPLACE INTO country(id, name) values (187, 'Туркменистан');
REPLACE INTO country(id, name) values (188, 'Туркс и Кейкос');
REPLACE INTO country(id, name) values (189, 'Турция');
REPLACE INTO country(id, name) values (190, 'Уганда');
REPLACE INTO country(id, name) values (191, 'Узбекистан');
REPLACE INTO country(id, name) values (192, 'Уругвай');
REPLACE INTO country(id, name) values (193, 'Фарерские о-ва');
REPLACE INTO country(id, name) values (194, 'Фиджи');
REPLACE INTO country(id, name) values (195, 'Филиппины');
REPLACE INTO country(id, name) values (196, 'Финляндия');
REPLACE INTO country(id, name) values (197, 'Франция');
REPLACE INTO country(id, name) values (198, 'Французская Гвинея');
REPLACE INTO country(id, name) values (199, 'Французская Полинезия');
REPLACE INTO country(id, name) values (200, 'Хорватия');
REPLACE INTO country(id, name) values (201, 'Чад');
REPLACE INTO country(id, name) values (202, 'Черногория');
REPLACE INTO country(id, name) values (203, 'Чехия');
REPLACE INTO country(id, name) values (204, 'Чили');
REPLACE INTO country(id, name) values (205, 'Швейцария');
REPLACE INTO country(id, name) values (206, 'Швеция');
REPLACE INTO country(id, name) values (207, 'Шри-Ланка');
REPLACE INTO country(id, name) values (208, 'Эквадор');
REPLACE INTO country(id, name) values (209, 'Экваториальная Гвинея');
REPLACE INTO country(id, name) values (210, 'Эритрея');
REPLACE INTO country(id, name) values (211, 'Эстония');
REPLACE INTO country(id, name) values (212, 'Эфиопия');
REPLACE INTO country(id, name) values (213, 'ЮАР');
REPLACE INTO country(id, name) values (214, 'Южная Корея');
REPLACE INTO country(id, name) values (215, 'Южная Осетия');
REPLACE INTO country(id, name) values (216, 'Ямайка');
REPLACE INTO country(id, name) values (217, 'Япония');
REPLACE INTO region(id, country_id, name) values (0, 0, 'Москва и Московская обл.');
REPLACE INTO region(id, country_id, name) values (1, 0, 'Санкт-Петербург и область');
REPLACE INTO region(id, country_id, name) values (2, 0, 'Адыгея');
REPLACE INTO region(id, country_id, name) values (3, 0, 'Алтайский край');
REPLACE INTO region(id, country_id, name) values (4, 0, 'Амурская обл.');
REPLACE INTO region(id, country_id, name) values (5, 0, 'Архангельская обл.');
REPLACE INTO region(id, country_id, name) values (6, 0, 'Астраханская обл.');
REPLACE INTO region(id, country_id, name) values (7, 0, 'Башкортостан(Башкирия)');
REPLACE INTO region(id, country_id, name) values (8, 0, 'Белгородская обл.');
REPLACE INTO region(id, country_id, name) values (9, 0, 'Брянская обл.');
REPLACE INTO region(id, country_id, name) values (10, 0, 'Бурятия');
REPLACE INTO region(id, country_id, name) values (11, 0, 'Владимирская обл.');
REPLACE INTO region(id, country_id, name) values (12, 0, 'Волгоградская обл.');
REPLACE INTO region(id, country_id, name) values (13, 0, 'Вологодская обл.');
REPLACE INTO region(id, country_id, name) values (14, 0, 'Воронежская обл.');
REPLACE INTO region(id, country_id, name) values (15, 0, 'Дагестан');
REPLACE INTO region(id, country_id, name) values (16, 0, 'Еврейская обл.');
REPLACE INTO region(id, country_id, name) values (17, 0, 'Ивановская обл.');
REPLACE INTO region(id, country_id, name) values (18, 0, 'Иркутская обл.');
REPLACE INTO region(id, country_id, name) values (19, 0, 'Кабардино-Балкария');
REPLACE INTO region(id, country_id, name) values (20, 0, 'Калининградская обл.');
REPLACE INTO region(id, country_id, name) values (21, 0, 'Калмыкия');
REPLACE INTO region(id, country_id, name) values (22, 0, 'Калужская обл.');
REPLACE INTO region(id, country_id, name) values (23, 0, 'Камчатская обл.');
REPLACE INTO region(id, country_id, name) values (24, 0, 'Карелия');
REPLACE INTO region(id, country_id, name) values (25, 0, 'Кемеровская обл.');
REPLACE INTO region(id, country_id, name) values (26, 0, 'Кировская обл.');
REPLACE INTO region(id, country_id, name) values (27, 0, 'Коми');
REPLACE INTO region(id, country_id, name) values (28, 0, 'Костромская обл.');
REPLACE INTO region(id, country_id, name) values (29, 0, 'Краснодарский край');
REPLACE INTO region(id, country_id, name) values (30, 0, 'Красноярский край');
REPLACE INTO region(id, country_id, name) values (31, 0, 'Курганская обл.');
REPLACE INTO region(id, country_id, name) values (32, 0, 'Курская обл.');
REPLACE INTO region(id, country_id, name) values (33, 0, 'Липецкая обл.');
REPLACE INTO region(id, country_id, name) values (34, 0, 'Магаданская обл.');
REPLACE INTO region(id, country_id, name) values (35, 0, 'Марий Эл');
REPLACE INTO region(id, country_id, name) values (36, 0, 'Мордовия');
REPLACE INTO region(id, country_id, name) values (37, 0, 'Мурманская обл.');
REPLACE INTO region(id, country_id, name) values (38, 0, 'Нижегородская (Горьковская)');
REPLACE INTO region(id, country_id, name) values (39, 0, 'Новгородская обл.');
REPLACE INTO region(id, country_id, name) values (40, 0, 'Новосибирская обл.');
REPLACE INTO region(id, country_id, name) values (41, 0, 'Омская обл.');
REPLACE INTO region(id, country_id, name) values (42, 0, 'Оренбургская обл.');
REPLACE INTO region(id, country_id, name) values (43, 0, 'Орловская обл.');
REPLACE INTO region(id, country_id, name) values (44, 0, 'Пензенская обл.');
REPLACE INTO region(id, country_id, name) values (45, 0, 'Пермский край');
REPLACE INTO region(id, country_id, name) values (46, 0, 'Приморский край');
REPLACE INTO region(id, country_id, name) values (47, 0, 'Псковская обл.');
REPLACE INTO region(id, country_id, name) values (48, 0, 'Ростовская обл.');
REPLACE INTO region(id, country_id, name) values (49, 0, 'Рязанская обл.');
REPLACE INTO region(id, country_id, name) values (50, 0, 'Самарская обл.');
REPLACE INTO region(id, country_id, name) values (51, 0, 'Саратовская обл.');
REPLACE INTO region(id, country_id, name) values (52, 0, 'Саха (Якутия)');
REPLACE INTO region(id, country_id, name) values (53, 0, 'Сахалин');
REPLACE INTO region(id, country_id, name) values (54, 0, 'Свердловская обл.');
REPLACE INTO region(id, country_id, name) values (55, 0, 'Северная Осетия');
REPLACE INTO region(id, country_id, name) values (56, 0, 'Смоленская обл.');
REPLACE INTO region(id, country_id, name) values (57, 0, 'Ставропольский край');
REPLACE INTO region(id, country_id, name) values (58, 0, 'Тамбовская обл.');
REPLACE INTO region(id, country_id, name) values (59, 0, 'Татарстан');
REPLACE INTO region(id, country_id, name) values (60, 0, 'Тверская обл.');
REPLACE INTO region(id, country_id, name) values (61, 0, 'Томская обл.');
REPLACE INTO region(id, country_id, name) values (62, 0, 'Тува (Тувинская Респ.)');
REPLACE INTO region(id, country_id, name) values (63, 0, 'Тульская обл.');
REPLACE INTO region(id, country_id, name) values (64, 0, 'Тюменская обл. и Ханты-Мансийский АО');
REPLACE INTO region(id, country_id, name) values (65, 0, 'Удмуртия');
REPLACE INTO region(id, country_id, name) values (66, 0, 'Ульяновская обл.');
REPLACE INTO region(id, country_id, name) values (67, 0, 'Уральская обл.');
REPLACE INTO region(id, country_id, name) values (68, 0, 'Хабаровский край');
REPLACE INTO region(id, country_id, name) values (69, 0, 'Хакасия');
REPLACE INTO region(id, country_id, name) values (70, 0, 'Челябинская обл.');
REPLACE INTO region(id, country_id, name) values (71, 0, 'Чечено-Ингушетия');
REPLACE INTO region(id, country_id, name) values (72, 0, 'Читинская обл.');
REPLACE INTO region(id, country_id, name) values (73, 0, 'Чувашия');
REPLACE INTO region(id, country_id, name) values (74, 0, 'Чукотский АО');
REPLACE INTO region(id, country_id, name) values (75, 0, 'Ямало-Ненецкий АО');
REPLACE INTO region(id, country_id, name) values (76, 0, 'Ярославская обл.');
REPLACE INTO region(id, country_id, name) values (77, 0, 'Карачаево-Черкесская Республика');
REPLACE INTO city(region_id, name) values (0, 'Москва');
REPLACE INTO city(region_id, name) values (0, 'Абрамцево');
REPLACE INTO city(region_id, name) values (0, 'Алабино');
REPLACE INTO city(region_id, name) values (0, 'Апрелевка');
REPLACE INTO city(region_id, name) values (0, 'Архангельское');
REPLACE INTO city(region_id, name) values (0, 'Ашитково');
REPLACE INTO city(region_id, name) values (0, 'Байконур');
REPLACE INTO city(region_id, name) values (0, 'Бакшеево');
REPLACE INTO city(region_id, name) values (0, 'Балашиха');
REPLACE INTO city(region_id, name) values (0, 'Барыбино');
REPLACE INTO city(region_id, name) values (0, 'Белозёрский');
REPLACE INTO city(region_id, name) values (0, 'Белоомут');
REPLACE INTO city(region_id, name) values (0, 'Белые Столбы');
REPLACE INTO city(region_id, name) values (0, 'Бородино (Московская обл.)');
REPLACE INTO city(region_id, name) values (0, 'Бронницы');
REPLACE INTO city(region_id, name) values (0, 'Быково (Московская обл.)');
REPLACE INTO city(region_id, name) values (0, 'Валуево');
REPLACE INTO city(region_id, name) values (0, 'Вербилки');
REPLACE INTO city(region_id, name) values (0, 'Верея');
REPLACE INTO city(region_id, name) values (0, 'Видное');
REPLACE INTO city(region_id, name) values (0, 'Внуково');
REPLACE INTO city(region_id, name) values (0, 'Вождь Пролетариата');
REPLACE INTO city(region_id, name) values (0, 'Волоколамск');
REPLACE INTO city(region_id, name) values (0, 'Вороново');
REPLACE INTO city(region_id, name) values (0, 'Воскресенск');
REPLACE INTO city(region_id, name) values (0, 'Восточный');
REPLACE INTO city(region_id, name) values (0, 'Востряково');
REPLACE INTO city(region_id, name) values (0, 'Высоковск');
REPLACE INTO city(region_id, name) values (0, 'Голицыно (Московская обл.)');
REPLACE INTO city(region_id, name) values (0, 'Деденево');
REPLACE INTO city(region_id, name) values (0, 'Дедовск');
REPLACE INTO city(region_id, name) values (0, 'Дзержинский');
REPLACE INTO city(region_id, name) values (0, 'Дмитров');
REPLACE INTO city(region_id, name) values (0, 'Долгопрудный');
REPLACE INTO city(region_id, name) values (0, 'Домодедово');
REPLACE INTO city(region_id, name) values (0, 'Дорохово');
REPLACE INTO city(region_id, name) values (0, 'Дрезна');
REPLACE INTO city(region_id, name) values (0, 'Дубки');
REPLACE INTO city(region_id, name) values (0, 'Дубна');
REPLACE INTO city(region_id, name) values (0, 'Егорьевск');
REPLACE INTO city(region_id, name) values (0, 'Железнодорожный (Московск.)');
REPLACE INTO city(region_id, name) values (0, 'Жилево');
REPLACE INTO city(region_id, name) values (0, 'Жуковка');
REPLACE INTO city(region_id, name) values (0, 'Жуковский');
REPLACE INTO city(region_id, name) values (0, 'Загорск');
REPLACE INTO city(region_id, name) values (0, 'Загорянский');
REPLACE INTO city(region_id, name) values (0, 'Запрудная');
REPLACE INTO city(region_id, name) values (0, 'Зарайск');
REPLACE INTO city(region_id, name) values (0, 'Звенигород');
REPLACE INTO city(region_id, name) values (0, 'Зеленоград');
REPLACE INTO city(region_id, name) values (0, 'Ивантеевка (Московская обл.)');
REPLACE INTO city(region_id, name) values (0, 'Икша');
REPLACE INTO city(region_id, name) values (0, 'Ильинский (Московская обл.)');
REPLACE INTO city(region_id, name) values (0, 'Истра');
REPLACE INTO city(region_id, name) values (0, 'Калининец');
REPLACE INTO city(region_id, name) values (0, 'Кашира');
REPLACE INTO city(region_id, name) values (0, 'Керва');
REPLACE INTO city(region_id, name) values (0, 'Климовск');
REPLACE INTO city(region_id, name) values (0, 'Клин');
REPLACE INTO city(region_id, name) values (0, 'Клязьма');
REPLACE INTO city(region_id, name) values (0, 'Кожино');
REPLACE INTO city(region_id, name) values (0, 'Кокошкино');
REPLACE INTO city(region_id, name) values (0, 'Коломна');
REPLACE INTO city(region_id, name) values (0, 'Колюбакино');
REPLACE INTO city(region_id, name) values (0, 'Королев');
REPLACE INTO city(region_id, name) values (0, 'Косино');
REPLACE INTO city(region_id, name) values (0, 'Котельники');
REPLACE INTO city(region_id, name) values (0, 'Красково');
REPLACE INTO city(region_id, name) values (0, 'Красноармейск (Московская обл.)');
REPLACE INTO city(region_id, name) values (0, 'Красногорск');
REPLACE INTO city(region_id, name) values (0, 'Краснозаводск');
REPLACE INTO city(region_id, name) values (0, 'Краснознаменск (Московская обл.)');
REPLACE INTO city(region_id, name) values (0, 'Красный Ткач');
REPLACE INTO city(region_id, name) values (0, 'Крюково');
REPLACE INTO city(region_id, name) values (0, 'Кубинка');
REPLACE INTO city(region_id, name) values (0, 'Купавна');
REPLACE INTO city(region_id, name) values (0, 'Куровское');
REPLACE INTO city(region_id, name) values (0, 'Лесной Городок');
REPLACE INTO city(region_id, name) values (0, 'Ликино-Дулево');
REPLACE INTO city(region_id, name) values (0, 'Лобня');
REPLACE INTO city(region_id, name) values (0, 'Лопатинский');
REPLACE INTO city(region_id, name) values (0, 'Лосино-Петровский');
REPLACE INTO city(region_id, name) values (0, 'Лотошино');
REPLACE INTO city(region_id, name) values (0, 'Лукино');
REPLACE INTO city(region_id, name) values (0, 'Луховицы');
REPLACE INTO city(region_id, name) values (0, 'Лыткарино');
REPLACE INTO city(region_id, name) values (0, 'Львовский');
REPLACE INTO city(region_id, name) values (0, 'Люберцы');
REPLACE INTO city(region_id, name) values (0, 'Малаховка');
REPLACE INTO city(region_id, name) values (0, 'Михайловское');
REPLACE INTO city(region_id, name) values (0, 'Михнево');
REPLACE INTO city(region_id, name) values (0, 'Можайск');
REPLACE INTO city(region_id, name) values (0, 'Монино');
REPLACE INTO city(region_id, name) values (0, 'Московский');
REPLACE INTO city(region_id, name) values (0, 'Муханово');
REPLACE INTO city(region_id, name) values (0, 'Мытищи');
REPLACE INTO city(region_id, name) values (0, 'Нарофоминск');
REPLACE INTO city(region_id, name) values (0, 'Нахабино');
REPLACE INTO city(region_id, name) values (0, 'Некрасовка');
REPLACE INTO city(region_id, name) values (0, 'Немчиновка');
REPLACE INTO city(region_id, name) values (0, 'Новобратцевский');
REPLACE INTO city(region_id, name) values (0, 'Новоподрезково');
REPLACE INTO city(region_id, name) values (0, 'Ногинск');
REPLACE INTO city(region_id, name) values (0, 'Обухово');
REPLACE INTO city(region_id, name) values (0, 'Одинцово');
REPLACE INTO city(region_id, name) values (0, 'Ожерелье');
REPLACE INTO city(region_id, name) values (0, 'Озеры');
REPLACE INTO city(region_id, name) values (0, 'Октябрьский (Московская обл.)');
REPLACE INTO city(region_id, name) values (0, 'Опалиха');
REPLACE INTO city(region_id, name) values (0, 'Орехово-Зуево');
REPLACE INTO city(region_id, name) values (0, 'Павловский Посад');
REPLACE INTO city(region_id, name) values (0, 'Первомайский (Московская обл.)');
REPLACE INTO city(region_id, name) values (0, 'Пески (Московская обл.)');
REPLACE INTO city(region_id, name) values (0, 'Пироговский');
REPLACE INTO city(region_id, name) values (0, 'Подольск');
REPLACE INTO city(region_id, name) values (0, 'Полушкино');
REPLACE INTO city(region_id, name) values (0, 'Правдинский');
REPLACE INTO city(region_id, name) values (0, 'Привокзальный');
REPLACE INTO city(region_id, name) values (0, 'Пролетарский');
REPLACE INTO city(region_id, name) values (0, 'Протвино (Московская обл.)');
REPLACE INTO city(region_id, name) values (0, 'Пушкино');
REPLACE INTO city(region_id, name) values (0, 'Пущино');
REPLACE INTO city(region_id, name) values (0, 'Раменское');
REPLACE INTO city(region_id, name) values (0, 'Реутов');
REPLACE INTO city(region_id, name) values (0, 'Решетниково');
REPLACE INTO city(region_id, name) values (0, 'Родники (Московская обл.)');
REPLACE INTO city(region_id, name) values (0, 'Рошаль');
REPLACE INTO city(region_id, name) values (0, 'Рублево');
REPLACE INTO city(region_id, name) values (0, 'Руза');
REPLACE INTO city(region_id, name) values (0, 'Салтыковка');
REPLACE INTO city(region_id, name) values (0, 'Северный');
REPLACE INTO city(region_id, name) values (0, 'Сергиев Посад');
REPLACE INTO city(region_id, name) values (0, 'Серебряные Пруды');
REPLACE INTO city(region_id, name) values (0, 'Серпухов');
REPLACE INTO city(region_id, name) values (0, 'Солнечногорск');
REPLACE INTO city(region_id, name) values (0, 'Солнцево');
REPLACE INTO city(region_id, name) values (0, 'Софрино');
REPLACE INTO city(region_id, name) values (0, 'Старая Купавна');
REPLACE INTO city(region_id, name) values (0, 'Старбеево');
REPLACE INTO city(region_id, name) values (0, 'Ступино');
REPLACE INTO city(region_id, name) values (0, 'Сходня');
REPLACE INTO city(region_id, name) values (0, 'Талдом');
REPLACE INTO city(region_id, name) values (0, 'Текстильщик');
REPLACE INTO city(region_id, name) values (0, 'Темпы');
REPLACE INTO city(region_id, name) values (0, 'Томилино');
REPLACE INTO city(region_id, name) values (0, 'Троицк');
REPLACE INTO city(region_id, name) values (0, 'Туголесский Бор');
REPLACE INTO city(region_id, name) values (0, 'Тучково');
REPLACE INTO city(region_id, name) values (0, 'Уваровка');
REPLACE INTO city(region_id, name) values (0, 'Удельная');
REPLACE INTO city(region_id, name) values (0, 'Успенское');
REPLACE INTO city(region_id, name) values (0, 'Фирсановка');
REPLACE INTO city(region_id, name) values (0, 'Фрязино');
REPLACE INTO city(region_id, name) values (0, 'Фряново');
REPLACE INTO city(region_id, name) values (0, 'Химки');
REPLACE INTO city(region_id, name) values (0, 'Хотьково');
REPLACE INTO city(region_id, name) values (0, 'Черкизово');
REPLACE INTO city(region_id, name) values (0, 'Черноголовка');
REPLACE INTO city(region_id, name) values (0, 'Черусти');
REPLACE INTO city(region_id, name) values (0, 'Чехов');
REPLACE INTO city(region_id, name) values (0, 'Шарапово');
REPLACE INTO city(region_id, name) values (0, 'Шатура');
REPLACE INTO city(region_id, name) values (0, 'Шатурторф');
REPLACE INTO city(region_id, name) values (0, 'Шаховская');
REPLACE INTO city(region_id, name) values (0, 'Шереметьевский');
REPLACE INTO city(region_id, name) values (0, 'Щелково');
REPLACE INTO city(region_id, name) values (0, 'Щербинка');
REPLACE INTO city(region_id, name) values (0, 'Электрогорск');
REPLACE INTO city(region_id, name) values (0, 'Электросталь');
REPLACE INTO city(region_id, name) values (0, 'Электроугли');
REPLACE INTO city(region_id, name) values (0, 'Юбилейный (Московская обл.)');
REPLACE INTO city(region_id, name) values (0, 'Яхрома');
REPLACE INTO region(id, country_id, name) values (78, 1, 'Винницкая обл.');
REPLACE INTO region(id, country_id, name) values (79, 1, 'Волынская обл.');
REPLACE INTO region(id, country_id, name) values (80, 1, 'Днепропетровская обл.');
REPLACE INTO region(id, country_id, name) values (81, 1, 'Донецкая обл.');
REPLACE INTO region(id, country_id, name) values (82, 1, 'Житомирская обл.');
REPLACE INTO region(id, country_id, name) values (83, 1, 'Закарпатская обл.');
REPLACE INTO region(id, country_id, name) values (84, 1, 'Запорожская обл.');
REPLACE INTO region(id, country_id, name) values (85, 1, 'Ивано-Франковская обл.');
REPLACE INTO region(id, country_id, name) values (86, 1, 'Киевская обл.');
REPLACE INTO region(id, country_id, name) values (87, 1, 'Кировоградская обл.');
REPLACE INTO region(id, country_id, name) values (88, 0, 'Крым АР.');
REPLACE INTO region(id, country_id, name) values (89, 1, 'Луганская обл.');
REPLACE INTO region(id, country_id, name) values (90, 1, 'Львовская обл.');
REPLACE INTO region(id, country_id, name) values (91, 1, 'Николаевская обл.');
REPLACE INTO region(id, country_id, name) values (92, 1, 'Одесская обл.');
REPLACE INTO region(id, country_id, name) values (93, 1, 'Полтавская обл.');
REPLACE INTO region(id, country_id, name) values (94, 1, 'Ровенская обл.');
REPLACE INTO region(id, country_id, name) values (95, 1, 'Сумская обл.');
REPLACE INTO region(id, country_id, name) values (96, 1, 'Тернопольская обл.');
REPLACE INTO region(id, country_id, name) values (97, 1, 'Украина');
REPLACE INTO region(id, country_id, name) values (98, 1, 'Харьковская обл.');
REPLACE INTO region(id, country_id, name) values (99, 1, 'Херсонская обл.');
REPLACE INTO region(id, country_id, name) values (100, 1, 'Хмельницкая обл.');
REPLACE INTO region(id, country_id, name) values (101, 1, 'Черкасская обл.');
REPLACE INTO region(id, country_id, name) values (102, 1, 'Черниговская обл.');
REPLACE INTO region(id, country_id, name) values (103, 1, 'Черновицкая обл.');
REPLACE INTO city(region_id, name) values (1, 'Санкт-Петербург');
REPLACE INTO city(region_id, name) values (1, 'Александровская');
REPLACE INTO city(region_id, name) values (1, 'Бокситогорск');
REPLACE INTO city(region_id, name) values (1, 'Большая Ижора');
REPLACE INTO city(region_id, name) values (1, 'Будогощь');
REPLACE INTO city(region_id, name) values (1, 'Вознесенье');
REPLACE INTO city(region_id, name) values (1, 'Волосово');
REPLACE INTO city(region_id, name) values (1, 'Волхов');
REPLACE INTO city(region_id, name) values (1, 'Всеволожск');
REPLACE INTO city(region_id, name) values (1, 'Выборг');
REPLACE INTO city(region_id, name) values (1, 'Вырица');
REPLACE INTO city(region_id, name) values (1, 'Высоцк');
REPLACE INTO city(region_id, name) values (1, 'Гатчина');
REPLACE INTO city(region_id, name) values (1, 'Дружная Горка');
REPLACE INTO city(region_id, name) values (1, 'Дубровка');
REPLACE INTO city(region_id, name) values (1, 'Ефимовский');
REPLACE INTO city(region_id, name) values (1, 'Зеленогорск (Ленинградская обл.)');
REPLACE INTO city(region_id, name) values (1, 'Ивангород');
REPLACE INTO city(region_id, name) values (1, 'Каменногорск');
REPLACE INTO city(region_id, name) values (1, 'Кикерино');
REPLACE INTO city(region_id, name) values (1, 'Кингисепп');
REPLACE INTO city(region_id, name) values (1, 'Кириши');
REPLACE INTO city(region_id, name) values (1, 'Кировск');
REPLACE INTO city(region_id, name) values (1, 'Кобринское');
REPLACE INTO city(region_id, name) values (1, 'Колпино');
REPLACE INTO city(region_id, name) values (1, 'Коммунар');
REPLACE INTO city(region_id, name) values (1, 'Коммунар');
REPLACE INTO city(region_id, name) values (1, 'Кронштадт');
REPLACE INTO city(region_id, name) values (1, 'Лисий Нос');
REPLACE INTO city(region_id, name) values (1, 'Лодейное Поле');
REPLACE INTO city(region_id, name) values (1, 'Ломоносов');
REPLACE INTO city(region_id, name) values (1, 'Луга');
REPLACE INTO city(region_id, name) values (1, 'Павловск (Ленинградская обл.)');
REPLACE INTO city(region_id, name) values (1, 'Парголово');
REPLACE INTO city(region_id, name) values (1, 'Петродворец');
REPLACE INTO city(region_id, name) values (1, 'Пикалёво');
REPLACE INTO city(region_id, name) values (1, 'Подпорожье');
REPLACE INTO city(region_id, name) values (1, 'Приозерск');
REPLACE INTO city(region_id, name) values (1, 'Пушкин');
REPLACE INTO city(region_id, name) values (1, 'Светогорск');
REPLACE INTO city(region_id, name) values (1, 'Сертолово');
REPLACE INTO city(region_id, name) values (1, 'Сестрорецк');
REPLACE INTO city(region_id, name) values (1, 'Сланцы');
REPLACE INTO city(region_id, name) values (1, 'Сосновый Бор');
REPLACE INTO city(region_id, name) values (1, 'Тихвин');
REPLACE INTO city(region_id, name) values (1, 'Тосно');
REPLACE INTO city(region_id, name) values (1, 'Шлиссельбург');
REPLACE INTO city(region_id, name) values (78, 'Бар');
REPLACE INTO city(region_id, name) values (78, 'Бершадь');
REPLACE INTO city(region_id, name) values (78, 'Браилов');
REPLACE INTO city(region_id, name) values (78, 'Брацлав');
REPLACE INTO city(region_id, name) values (78, 'Вапнярка');
REPLACE INTO city(region_id, name) values (78, 'Вендичаны');
REPLACE INTO city(region_id, name) values (78, 'Винница');
REPLACE INTO city(region_id, name) values (78, 'Вороновица');
REPLACE INTO city(region_id, name) values (78, 'Гайсин');
REPLACE INTO city(region_id, name) values (78, 'Гнивань');
REPLACE INTO city(region_id, name) values (78, 'Дашев');
REPLACE INTO city(region_id, name) values (78, 'Жмеринка');
REPLACE INTO city(region_id, name) values (78, 'Ильинцы');
REPLACE INTO city(region_id, name) values (78, 'Казатин');
REPLACE INTO city(region_id, name) values (78, 'Калиновка');
REPLACE INTO city(region_id, name) values (78, 'Крыжополь');
REPLACE INTO city(region_id, name) values (78, 'Ладыжин');
REPLACE INTO city(region_id, name) values (78, 'Липовец');
REPLACE INTO city(region_id, name) values (78, 'Литин');
REPLACE INTO city(region_id, name) values (78, 'Могилев-Подольский');
REPLACE INTO city(region_id, name) values (78, 'Мурованные Куриловцы');
REPLACE INTO city(region_id, name) values (78, 'Немиров');
REPLACE INTO city(region_id, name) values (78, 'Оратов');
REPLACE INTO city(region_id, name) values (78, 'Песчанка');
REPLACE INTO city(region_id, name) values (78, 'Погребище');
REPLACE INTO city(region_id, name) values (78, 'Теплик');
REPLACE INTO city(region_id, name) values (78, 'Томашполь');
REPLACE INTO city(region_id, name) values (78, 'Тростянец');
REPLACE INTO city(region_id, name) values (78, 'Тульчин');
REPLACE INTO city(region_id, name) values (78, 'Тывров');
REPLACE INTO city(region_id, name) values (78, 'Хмельник');
REPLACE INTO city(region_id, name) values (78, 'Чечельник');
REPLACE INTO city(region_id, name) values (78, 'Шаргород');
REPLACE INTO city(region_id, name) values (78, 'Ямполь');
REPLACE INTO region(id, country_id, name) values (104, 2, 'Абхазия');
REPLACE INTO city(region_id, name) values (2, 'Адыгейск');
REPLACE INTO city(region_id, name) values (2, 'Майкоп (Адыгея)');
REPLACE INTO city(region_id, name) values (79, 'Берестечко');
REPLACE INTO city(region_id, name) values (79, 'Владимир-Волынский');
REPLACE INTO city(region_id, name) values (79, 'Голобы');
REPLACE INTO city(region_id, name) values (79, 'Головно');
REPLACE INTO city(region_id, name) values (79, 'Горохов');
REPLACE INTO city(region_id, name) values (79, 'Заболотье');
REPLACE INTO city(region_id, name) values (79, 'Иваничи');
REPLACE INTO city(region_id, name) values (79, 'Камень-Каширский');
REPLACE INTO city(region_id, name) values (79, 'Киверцы');
REPLACE INTO city(region_id, name) values (79, 'Ковель');
REPLACE INTO city(region_id, name) values (79, 'Локачи');
REPLACE INTO city(region_id, name) values (79, 'Луцк');
REPLACE INTO city(region_id, name) values (79, 'Любешов');
REPLACE INTO city(region_id, name) values (79, 'Любомль');
REPLACE INTO city(region_id, name) values (79, 'Маневичи');
REPLACE INTO city(region_id, name) values (79, 'Нововолынск');
REPLACE INTO city(region_id, name) values (79, 'Ратно');
REPLACE INTO city(region_id, name) values (79, 'Рожище');
REPLACE INTO city(region_id, name) values (79, 'Старая Выжевка');
REPLACE INTO city(region_id, name) values (79, 'Турийск');
REPLACE INTO city(region_id, name) values (104, 'Авадхара');
REPLACE INTO city(region_id, name) values (104, 'Гагра');
REPLACE INTO city(region_id, name) values (104, 'Гали');
REPLACE INTO city(region_id, name) values (104, 'Гудаута');
REPLACE INTO city(region_id, name) values (104, 'Гульрипш');
REPLACE INTO city(region_id, name) values (104, 'Новый Афон');
REPLACE INTO city(region_id, name) values (104, 'Очамчир');
REPLACE INTO city(region_id, name) values (104, 'Пицунда');
REPLACE INTO city(region_id, name) values (104, 'Сухуми');
REPLACE INTO city(region_id, name) values (104, 'Ткварчели');
REPLACE INTO region(id, country_id, name) values (105, 3, 'Australian Capital Territory');
REPLACE INTO region(id, country_id, name) values (106, 3, 'New South Wales');
REPLACE INTO region(id, country_id, name) values (107, 3, 'None');
REPLACE INTO region(id, country_id, name) values (108, 3, 'Northern Territory');
REPLACE INTO region(id, country_id, name) values (109, 3, 'Queensland');
REPLACE INTO region(id, country_id, name) values (110, 3, 'South Australia');
REPLACE INTO region(id, country_id, name) values (111, 3, 'Tasmania');
REPLACE INTO region(id, country_id, name) values (112, 3, 'Victoria');
REPLACE INTO region(id, country_id, name) values (113, 3, 'Western Australia');
REPLACE INTO city(region_id, name) values (3, 'Акташ');
REPLACE INTO city(region_id, name) values (3, 'Акутиха');
REPLACE INTO city(region_id, name) values (3, 'Алейск');
REPLACE INTO city(region_id, name) values (3, 'Алтайский');
REPLACE INTO city(region_id, name) values (3, 'Баево');
REPLACE INTO city(region_id, name) values (3, 'Барнаул');
REPLACE INTO city(region_id, name) values (3, 'Белово (Алтайский край)');
REPLACE INTO city(region_id, name) values (3, 'Белокуриха');
REPLACE INTO city(region_id, name) values (3, 'Белоярск');
REPLACE INTO city(region_id, name) values (3, 'Бийск');
REPLACE INTO city(region_id, name) values (3, 'Благовещенск');
REPLACE INTO city(region_id, name) values (3, 'Боровлянка');
REPLACE INTO city(region_id, name) values (3, 'Бурла');
REPLACE INTO city(region_id, name) values (3, 'Бурсоль');
REPLACE INTO city(region_id, name) values (3, 'Быстрый Исток');
REPLACE INTO city(region_id, name) values (3, 'Волчиха');
REPLACE INTO city(region_id, name) values (3, 'Горно-Алтайск');
REPLACE INTO city(region_id, name) values (3, 'Горняк');
REPLACE INTO city(region_id, name) values (3, 'Ельцовка');
REPLACE INTO city(region_id, name) values (3, 'Залесово');
REPLACE INTO city(region_id, name) values (3, 'Заринск');
REPLACE INTO city(region_id, name) values (3, 'Заток');
REPLACE INTO city(region_id, name) values (3, 'Змеиногорск');
REPLACE INTO city(region_id, name) values (3, 'Камень-на-Оби');
REPLACE INTO city(region_id, name) values (3, 'Ключи (Алтайский край)');
REPLACE INTO city(region_id, name) values (3, 'Кош-Агач');
REPLACE INTO city(region_id, name) values (3, 'Красногорское (Алтайский край)');
REPLACE INTO city(region_id, name) values (3, 'Краснощеково');
REPLACE INTO city(region_id, name) values (3, 'Кулунда');
REPLACE INTO city(region_id, name) values (3, 'Кытманово');
REPLACE INTO city(region_id, name) values (3, 'Мамонтово');
REPLACE INTO city(region_id, name) values (3, 'Новичиха');
REPLACE INTO city(region_id, name) values (3, 'Новоалтайск');
REPLACE INTO city(region_id, name) values (3, 'Онгудай');
REPLACE INTO city(region_id, name) values (3, 'Павловск (Алтайский край)');
REPLACE INTO city(region_id, name) values (3, 'Петропавловское');
REPLACE INTO city(region_id, name) values (3, 'Поспелиха');
REPLACE INTO city(region_id, name) values (3, 'Ребриха');
REPLACE INTO city(region_id, name) values (3, 'Родино');
REPLACE INTO city(region_id, name) values (3, 'Рубцовск');
REPLACE INTO city(region_id, name) values (3, 'Славгород');
REPLACE INTO city(region_id, name) values (3, 'Смоленское');
REPLACE INTO city(region_id, name) values (3, 'Солонешное');
REPLACE INTO city(region_id, name) values (3, 'Солтон');
REPLACE INTO city(region_id, name) values (3, 'Староаллейское');
REPLACE INTO city(region_id, name) values (3, 'Табуны');
REPLACE INTO city(region_id, name) values (3, 'Тальменка');
REPLACE INTO city(region_id, name) values (3, 'Тогул');
REPLACE INTO city(region_id, name) values (3, 'Топчиха');
REPLACE INTO city(region_id, name) values (3, 'Троицкое (Алтайский край)');
REPLACE INTO city(region_id, name) values (3, 'Турочак');
REPLACE INTO city(region_id, name) values (3, 'Тюменцево');
REPLACE INTO city(region_id, name) values (3, 'Угловское');
REPLACE INTO city(region_id, name) values (3, 'Усть-Калманка');
REPLACE INTO city(region_id, name) values (3, 'Усть-Кан');
REPLACE INTO city(region_id, name) values (3, 'Усть-Кокса');
REPLACE INTO city(region_id, name) values (3, 'Усть-Улаган');
REPLACE INTO city(region_id, name) values (3, 'Усть-Чарышская Пристань');
REPLACE INTO city(region_id, name) values (3, 'Хабары');
REPLACE INTO city(region_id, name) values (3, 'Целинное');
REPLACE INTO city(region_id, name) values (3, 'Чарышское');
REPLACE INTO city(region_id, name) values (3, 'Шебалино');
REPLACE INTO city(region_id, name) values (3, 'Шелаболиха');
REPLACE INTO city(region_id, name) values (3, 'Шипуново');
REPLACE INTO city(region_id, name) values (80, 'Апостолово');
REPLACE INTO city(region_id, name) values (80, 'Аулы');
REPLACE INTO city(region_id, name) values (80, 'Брагиновка');
REPLACE INTO city(region_id, name) values (80, 'Васильковка');
REPLACE INTO city(region_id, name) values (80, 'Верхнеднепровск');
REPLACE INTO city(region_id, name) values (80, 'Верховцево');
REPLACE INTO city(region_id, name) values (80, 'Вольногорск');
REPLACE INTO city(region_id, name) values (80, 'Гвардейское');
REPLACE INTO city(region_id, name) values (80, 'Горняцкое');
REPLACE INTO city(region_id, name) values (80, 'Губиниха');
REPLACE INTO city(region_id, name) values (80, 'Демурино');
REPLACE INTO city(region_id, name) values (80, 'Днепродзержинск');
REPLACE INTO city(region_id, name) values (80, 'Днепропетровск');
REPLACE INTO city(region_id, name) values (80, 'Желтые Воды');
REPLACE INTO city(region_id, name) values (80, 'Зализничное');
REPLACE INTO city(region_id, name) values (80, 'Зеленодольск');
REPLACE INTO city(region_id, name) values (80, 'Зеленое');
REPLACE INTO city(region_id, name) values (80, 'Илларионово');
REPLACE INTO city(region_id, name) values (80, 'Ингулец');
REPLACE INTO city(region_id, name) values (80, 'Калинино');
REPLACE INTO city(region_id, name) values (80, 'Карнауховка');
REPLACE INTO city(region_id, name) values (80, 'Кривой Рог');
REPLACE INTO city(region_id, name) values (80, 'Кринички');
REPLACE INTO city(region_id, name) values (80, 'Магдалиновка');
REPLACE INTO city(region_id, name) values (80, 'Марганец');
REPLACE INTO city(region_id, name) values (80, 'Межевая');
REPLACE INTO city(region_id, name) values (80, 'Никополь');
REPLACE INTO city(region_id, name) values (80, 'Новомосковск');
REPLACE INTO city(region_id, name) values (80, 'Орджоникидзе');
REPLACE INTO city(region_id, name) values (80, 'Павлоград');
REPLACE INTO city(region_id, name) values (80, 'Першотравенск');
REPLACE INTO city(region_id, name) values (80, 'Петропавловка');
REPLACE INTO city(region_id, name) values (80, 'Покровское');
REPLACE INTO city(region_id, name) values (80, 'Пятихатки');
REPLACE INTO city(region_id, name) values (80, 'Синельниково');
REPLACE INTO city(region_id, name) values (80, 'Софиевка');
REPLACE INTO city(region_id, name) values (80, 'Томаковка');
REPLACE INTO city(region_id, name) values (80, 'Царичанка');
REPLACE INTO city(region_id, name) values (80, 'Широкое');
REPLACE INTO city(region_id, name) values (105, 'Belconnen');
REPLACE INTO city(region_id, name) values (105, 'Canberra');
REPLACE INTO city(region_id, name) values (105, 'Duntroon');
REPLACE INTO city(region_id, name) values (105, 'Fyshwick');
REPLACE INTO city(region_id, name) values (105, 'Gibraltar');
REPLACE INTO city(region_id, name) values (105, 'Gudgenby');
REPLACE INTO city(region_id, name) values (105, 'Hall');
REPLACE INTO city(region_id, name) values (105, 'Harman');
REPLACE INTO city(region_id, name) values (105, 'Jervis Bay');
REPLACE INTO city(region_id, name) values (105, 'Majura');
REPLACE INTO city(region_id, name) values (105, 'Molonglo');
REPLACE INTO city(region_id, name) values (105, 'Weston Creek');
REPLACE INTO region(id, country_id, name) values (114, 4, 'Burgenland');
REPLACE INTO region(id, country_id, name) values (115, 4, 'Krnten');
REPLACE INTO region(id, country_id, name) values (116, 4, 'Niedersterreich');
REPLACE INTO region(id, country_id, name) values (117, 4, 'Obersterreich');
REPLACE INTO region(id, country_id, name) values (118, 4, 'Salzburg');
REPLACE INTO region(id, country_id, name) values (119, 4, 'Steiermark');
REPLACE INTO region(id, country_id, name) values (120, 4, 'Tirol');
REPLACE INTO region(id, country_id, name) values (121, 4, 'Vorarlberg');
REPLACE INTO region(id, country_id, name) values (122, 4, 'Wien');
REPLACE INTO city(region_id, name) values (4, 'Айгунь');
REPLACE INTO city(region_id, name) values (4, 'Архара');
REPLACE INTO city(region_id, name) values (4, 'Белогорск');
REPLACE INTO city(region_id, name) values (4, 'Благовещенск (Амурская обл.)');
REPLACE INTO city(region_id, name) values (4, 'Бурея');
REPLACE INTO city(region_id, name) values (4, 'Возжаевка');
REPLACE INTO city(region_id, name) values (4, 'Екатеринославка');
REPLACE INTO city(region_id, name) values (4, 'Ерофей Павлович');
REPLACE INTO city(region_id, name) values (4, 'Завитинск');
REPLACE INTO city(region_id, name) values (4, 'Зея');
REPLACE INTO city(region_id, name) values (4, 'Златоустовск');
REPLACE INTO city(region_id, name) values (4, 'Ивановка');
REPLACE INTO city(region_id, name) values (4, 'Коболдо');
REPLACE INTO city(region_id, name) values (4, 'Магдагачи');
REPLACE INTO city(region_id, name) values (4, 'Новобурейский');
REPLACE INTO city(region_id, name) values (4, 'Поярково');
REPLACE INTO city(region_id, name) values (4, 'Райчихинск');
REPLACE INTO city(region_id, name) values (4, 'Ромны');
REPLACE INTO city(region_id, name) values (4, 'Свободный');
REPLACE INTO city(region_id, name) values (4, 'Серышево');
REPLACE INTO city(region_id, name) values (4, 'Сковородино');
REPLACE INTO city(region_id, name) values (4, 'Стойба');
REPLACE INTO city(region_id, name) values (4, 'Тамбовка');
REPLACE INTO city(region_id, name) values (4, 'Тында');
REPLACE INTO city(region_id, name) values (4, 'Февральск');
REPLACE INTO city(region_id, name) values (4, 'Шимановск');
REPLACE INTO city(region_id, name) values (4, 'Экимчан');
REPLACE INTO city(region_id, name) values (4, 'Ядрино');
REPLACE INTO city(region_id, name) values (81, 'Авдеевка');
REPLACE INTO city(region_id, name) values (81, 'Александровка');
REPLACE INTO city(region_id, name) values (81, 'Алексеево-Дружковка');
REPLACE INTO city(region_id, name) values (81, 'Амвросиевка');
REPLACE INTO city(region_id, name) values (81, 'Андреевка');
REPLACE INTO city(region_id, name) values (81, 'Артемово');
REPLACE INTO city(region_id, name) values (81, 'Артемовск');
REPLACE INTO city(region_id, name) values (81, 'Безыменное');
REPLACE INTO city(region_id, name) values (81, 'Беленькое');
REPLACE INTO city(region_id, name) values (81, 'Белицкое');
REPLACE INTO city(region_id, name) values (81, 'Благодатное');
REPLACE INTO city(region_id, name) values (81, 'Былбасовка');
REPLACE INTO city(region_id, name) values (81, 'Великая Новоселка');
REPLACE INTO city(region_id, name) values (81, 'Войковский');
REPLACE INTO city(region_id, name) values (81, 'Волноваха');
REPLACE INTO city(region_id, name) values (81, 'Володарское');
REPLACE INTO city(region_id, name) values (81, 'Гольмовский');
REPLACE INTO city(region_id, name) values (81, 'Горбачево-Михайловка');
REPLACE INTO city(region_id, name) values (81, 'Горловка');
REPLACE INTO city(region_id, name) values (81, 'Гродовка');
REPLACE INTO city(region_id, name) values (81, 'Грузско-Зорянское');
REPLACE INTO city(region_id, name) values (81, 'Дебальцево');
REPLACE INTO city(region_id, name) values (81, 'Дзержинск');
REPLACE INTO city(region_id, name) values (81, 'Димитров');
REPLACE INTO city(region_id, name) values (81, 'Доброполье');
REPLACE INTO city(region_id, name) values (81, 'Докучаевск');
REPLACE INTO city(region_id, name) values (81, 'Донецк');
REPLACE INTO city(region_id, name) values (81, 'Донецкая');
REPLACE INTO city(region_id, name) values (81, 'Донское');
REPLACE INTO city(region_id, name) values (81, 'Дробышево');
REPLACE INTO city(region_id, name) values (81, 'Дружковка');
REPLACE INTO city(region_id, name) values (81, 'Енакиево');
REPLACE INTO city(region_id, name) values (81, 'Жданов');
REPLACE INTO city(region_id, name) values (81, 'Ждановка');
REPLACE INTO city(region_id, name) values (81, 'Желанное');
REPLACE INTO city(region_id, name) values (81, 'Зугрэс');
REPLACE INTO city(region_id, name) values (81, 'Зуевка');
REPLACE INTO city(region_id, name) values (81, 'Иловайск');
REPLACE INTO city(region_id, name) values (81, 'Карло-Либкнехтовск');
REPLACE INTO city(region_id, name) values (81, 'Карло-Марксово');
REPLACE INTO city(region_id, name) values (81, 'Кировск');
REPLACE INTO city(region_id, name) values (81, 'Константиновка');
REPLACE INTO city(region_id, name) values (81, 'Краматорск');
REPLACE INTO city(region_id, name) values (81, 'Красноармейск');
REPLACE INTO city(region_id, name) values (81, 'Красный Лиман');
REPLACE INTO city(region_id, name) values (81, 'Макеевка');
REPLACE INTO city(region_id, name) values (81, 'Мариуполь');
REPLACE INTO city(region_id, name) values (81, 'Марьинка');
REPLACE INTO city(region_id, name) values (81, 'Николаевка');
REPLACE INTO city(region_id, name) values (81, 'Новоазовск');
REPLACE INTO city(region_id, name) values (81, 'Новоэкономическое');
REPLACE INTO city(region_id, name) values (81, 'Першотравневое');
REPLACE INTO city(region_id, name) values (81, 'Селидово');
REPLACE INTO city(region_id, name) values (81, 'Славянск');
REPLACE INTO city(region_id, name) values (81, 'Снежное');
REPLACE INTO city(region_id, name) values (81, 'Старобешево');
REPLACE INTO city(region_id, name) values (81, 'Тельманово');
REPLACE INTO city(region_id, name) values (81, 'Торез');
REPLACE INTO city(region_id, name) values (81, 'Угледар');
REPLACE INTO city(region_id, name) values (81, 'Харцызск');
REPLACE INTO city(region_id, name) values (81, 'Шахтерск');
REPLACE INTO city(region_id, name) values (81, 'Ясиноватая');
REPLACE INTO city(region_id, name) values (106, 'Sidney');
REPLACE INTO city(region_id, name) values (106, 'Abbotsford');
REPLACE INTO city(region_id, name) values (106, 'Abercrombie');
REPLACE INTO city(region_id, name) values (106, 'Aberdeen');
REPLACE INTO city(region_id, name) values (106, 'Aberfoyle');
REPLACE INTO city(region_id, name) values (106, 'Aberglasslyn');
REPLACE INTO city(region_id, name) values (106, 'Acacia Creek');
REPLACE INTO city(region_id, name) values (106, 'Adaminaby');
REPLACE INTO city(region_id, name) values (106, 'Alagala');
REPLACE INTO city(region_id, name) values (106, 'Albion Park');
REPLACE INTO city(region_id, name) values (106, 'Alice');
REPLACE INTO city(region_id, name) values (106, 'Alpine');
REPLACE INTO city(region_id, name) values (106, 'Alstonville');
REPLACE INTO city(region_id, name) values (106, 'Artarman');
REPLACE INTO city(region_id, name) values (106, 'Auburn');
REPLACE INTO city(region_id, name) values (106, 'Bear Hill');
REPLACE INTO city(region_id, name) values (106, 'Campbelltown');
REPLACE INTO city(region_id, name) values (106, 'Casino');
REPLACE INTO city(region_id, name) values (106, 'Coffs Harbour');
REPLACE INTO city(region_id, name) values (106, 'Cowra');
REPLACE INTO city(region_id, name) values (106, 'Ladysmith');
REPLACE INTO city(region_id, name) values (106, 'Liverpool');
REPLACE INTO city(region_id, name) values (106, 'Macksville');
REPLACE INTO city(region_id, name) values (106, 'Meldrum');
REPLACE INTO city(region_id, name) values (106, 'Moonee Beach');
REPLACE INTO city(region_id, name) values (106, 'Moss Vale');
REPLACE INTO city(region_id, name) values (106, 'Muswellbrook');
REPLACE INTO city(region_id, name) values (106, 'Newcastle');
REPLACE INTO city(region_id, name) values (106, 'Peelwood');
REPLACE INTO city(region_id, name) values (106, 'Scone');
REPLACE INTO city(region_id, name) values (106, 'South Sydney Municipality');
REPLACE INTO city(region_id, name) values (106, 'Sydney');
REPLACE INTO city(region_id, name) values (106, 'Tamworth');
REPLACE INTO city(region_id, name) values (106, 'Wollongong');
REPLACE INTO city(region_id, name) values (114, 'Andau');
REPLACE INTO city(region_id, name) values (114, 'Deutsch Kaltenbrunn');
REPLACE INTO city(region_id, name) values (114, 'Eberau');
REPLACE INTO city(region_id, name) values (114, 'Eisenstadt');
REPLACE INTO city(region_id, name) values (114, 'Forchtenstein');
REPLACE INTO city(region_id, name) values (114, 'Gssing');
REPLACE INTO city(region_id, name) values (114, 'Horitschon');
REPLACE INTO city(region_id, name) values (114, 'Jois');
REPLACE INTO city(region_id, name) values (114, 'Lackenbach');
REPLACE INTO city(region_id, name) values (114, 'Marz');
REPLACE INTO city(region_id, name) values (114, 'Neufeld an der Leitha');
REPLACE INTO city(region_id, name) values (114, 'Neusiedl am See');
REPLACE INTO city(region_id, name) values (114, 'Oberpullendorf');
REPLACE INTO city(region_id, name) values (114, 'Oberwart');
REPLACE INTO city(region_id, name) values (114, 'Oslip');
REPLACE INTO city(region_id, name) values (114, 'Zurndorf');
REPLACE INTO region(id, country_id, name) values (123, 5, 'Азербайджан');
REPLACE INTO region(id, country_id, name) values (124, 5, 'Нагорный Карабах');
REPLACE INTO region(id, country_id, name) values (125, 5, 'Нахичеванская обл.');
REPLACE INTO city(region_id, name) values (5, 'Амдерма');
REPLACE INTO city(region_id, name) values (5, 'Архангельск');
REPLACE INTO city(region_id, name) values (5, 'Березник');
REPLACE INTO city(region_id, name) values (5, 'Вельск');
REPLACE INTO city(region_id, name) values (5, 'Верхняя Тойма');
REPLACE INTO city(region_id, name) values (5, 'Волошка');
REPLACE INTO city(region_id, name) values (5, 'Вычегодский');
REPLACE INTO city(region_id, name) values (5, 'Емца');
REPLACE INTO city(region_id, name) values (5, 'Илеза');
REPLACE INTO city(region_id, name) values (5, 'Ильинско-Подомское');
REPLACE INTO city(region_id, name) values (5, 'Каргополь (Архангельская обл.)');
REPLACE INTO city(region_id, name) values (5, 'Карпогоры');
REPLACE INTO city(region_id, name) values (5, 'Кодино');
REPLACE INTO city(region_id, name) values (5, 'Коноша');
REPLACE INTO city(region_id, name) values (5, 'Коряжма');
REPLACE INTO city(region_id, name) values (5, 'Котлас');
REPLACE INTO city(region_id, name) values (5, 'Красноборск');
REPLACE INTO city(region_id, name) values (5, 'Лешуконское');
REPLACE INTO city(region_id, name) values (5, 'Мезень');
REPLACE INTO city(region_id, name) values (5, 'Мирный (Архангельская обл.)');
REPLACE INTO city(region_id, name) values (5, 'Нарьян-Мар');
REPLACE INTO city(region_id, name) values (5, 'Новодвинск');
REPLACE INTO city(region_id, name) values (5, 'Няндома');
REPLACE INTO city(region_id, name) values (5, 'Онега');
REPLACE INTO city(region_id, name) values (5, 'Пинега');
REPLACE INTO city(region_id, name) values (5, 'Плесецк');
REPLACE INTO city(region_id, name) values (5, 'Савинск');
REPLACE INTO city(region_id, name) values (5, 'Северодвинск');
REPLACE INTO city(region_id, name) values (5, 'Сольвычегодск');
REPLACE INTO city(region_id, name) values (5, 'Холмогоры');
REPLACE INTO city(region_id, name) values (5, 'Шенкурск');
REPLACE INTO city(region_id, name) values (5, 'Яренск');
REPLACE INTO city(region_id, name) values (82, 'Андрушевка');
REPLACE INTO city(region_id, name) values (82, 'Барановка');
REPLACE INTO city(region_id, name) values (82, 'Белая Криница');
REPLACE INTO city(region_id, name) values (82, 'Бердичев');
REPLACE INTO city(region_id, name) values (82, 'Броницкая Гута');
REPLACE INTO city(region_id, name) values (82, 'Брусилов');
REPLACE INTO city(region_id, name) values (82, 'Быковка');
REPLACE INTO city(region_id, name) values (82, 'Великие Коровинцы');
REPLACE INTO city(region_id, name) values (82, 'Володарск-Волынский');
REPLACE INTO city(region_id, name) values (82, 'Городница');
REPLACE INTO city(region_id, name) values (82, 'Гришковцы');
REPLACE INTO city(region_id, name) values (82, 'Дзержинск');
REPLACE INTO city(region_id, name) values (82, 'Довбыш');
REPLACE INTO city(region_id, name) values (82, 'Емильчино');
REPLACE INTO city(region_id, name) values (82, 'Житомир');
REPLACE INTO city(region_id, name) values (82, 'Иванополь');
REPLACE INTO city(region_id, name) values (82, 'Каменный Брод');
REPLACE INTO city(region_id, name) values (82, 'Коростень');
REPLACE INTO city(region_id, name) values (82, 'Коростышев');
REPLACE INTO city(region_id, name) values (82, 'Лугины');
REPLACE INTO city(region_id, name) values (82, 'Любар');
REPLACE INTO city(region_id, name) values (82, 'Малин');
REPLACE INTO city(region_id, name) values (82, 'Народичи');
REPLACE INTO city(region_id, name) values (82, 'Новоград-Волынский');
REPLACE INTO city(region_id, name) values (82, 'Овруч');
REPLACE INTO city(region_id, name) values (82, 'Олевск');
REPLACE INTO city(region_id, name) values (82, 'Попельня');
REPLACE INTO city(region_id, name) values (82, 'Радомышль');
REPLACE INTO city(region_id, name) values (82, 'Ружин');
REPLACE INTO city(region_id, name) values (82, 'Червоноармейск');
REPLACE INTO city(region_id, name) values (82, 'Черняхов');
REPLACE INTO city(region_id, name) values (82, 'Чуднов');
REPLACE INTO city(region_id, name) values (107, 'Cascade Station');
REPLACE INTO city(region_id, name) values (107, 'Longridge');
REPLACE INTO city(region_id, name) values (107, 'Longridge Station');
REPLACE INTO city(region_id, name) values (115, 'Afritz');
REPLACE INTO city(region_id, name) values (115, 'Arnoldstein');
REPLACE INTO city(region_id, name) values (115, 'Arriach');
REPLACE INTO city(region_id, name) values (115, 'Bad Kleinkirchheim');
REPLACE INTO city(region_id, name) values (115, 'Birnbaum');
REPLACE INTO city(region_id, name) values (115, 'Diex');
REPLACE INTO city(region_id, name) values (115, 'Eberstein');
REPLACE INTO city(region_id, name) values (115, 'Faak am See');
REPLACE INTO city(region_id, name) values (115, 'Feistritz im Rosental');
REPLACE INTO city(region_id, name) values (115, 'Ferlach');
REPLACE INTO city(region_id, name) values (115, 'Klagenfurt');
REPLACE INTO city(region_id, name) values (115, 'Spittal an der Drau');
REPLACE INTO city(region_id, name) values (115, 'Strau');
REPLACE INTO city(region_id, name) values (115, 'Villach');
REPLACE INTO city(region_id, name) values (115, 'Vlkermarkt');
REPLACE INTO city(region_id, name) values (123, 'Агдам');
REPLACE INTO city(region_id, name) values (123, 'Агдаш');
REPLACE INTO city(region_id, name) values (123, 'Агджабеди');
REPLACE INTO city(region_id, name) values (123, 'Аджикенд');
REPLACE INTO city(region_id, name) values (123, 'Акстафа');
REPLACE INTO city(region_id, name) values (123, 'Али-Байрамлы');
REPLACE INTO city(region_id, name) values (123, 'Алунитаг');
REPLACE INTO city(region_id, name) values (123, 'Артем-Остров');
REPLACE INTO city(region_id, name) values (123, 'Астара');
REPLACE INTO city(region_id, name) values (123, 'Ахсу');
REPLACE INTO city(region_id, name) values (123, 'Баку');
REPLACE INTO city(region_id, name) values (123, 'Балаханы');
REPLACE INTO city(region_id, name) values (123, 'Банк');
REPLACE INTO city(region_id, name) values (123, 'Барда');
REPLACE INTO city(region_id, name) values (123, 'Белоканы');
REPLACE INTO city(region_id, name) values (123, 'Биласувар');
REPLACE INTO city(region_id, name) values (123, 'Бинагади');
REPLACE INTO city(region_id, name) values (123, 'Бузовна');
REPLACE INTO city(region_id, name) values (123, 'Варташен');
REPLACE INTO city(region_id, name) values (123, 'Гадрут');
REPLACE INTO city(region_id, name) values (123, 'Геокчай');
REPLACE INTO city(region_id, name) values (123, 'Гобустан');
REPLACE INTO city(region_id, name) values (123, 'Горадиз');
REPLACE INTO city(region_id, name) values (123, 'Гянджа (Кировобад)');
REPLACE INTO city(region_id, name) values (123, 'Дальмамедли');
REPLACE INTO city(region_id, name) values (123, 'Дашкесан');
REPLACE INTO city(region_id, name) values (123, 'Джалилабад');
REPLACE INTO city(region_id, name) values (123, 'Джебраил');
REPLACE INTO city(region_id, name) values (123, 'Дивичи');
REPLACE INTO city(region_id, name) values (123, 'Евлах');
REPLACE INTO city(region_id, name) values (123, 'Ждановск');
REPLACE INTO city(region_id, name) values (123, 'Закаталы');
REPLACE INTO city(region_id, name) values (123, 'Зардоб');
REPLACE INTO city(region_id, name) values (123, 'Имишли');
REPLACE INTO city(region_id, name) values (123, 'Исмаиллы');
REPLACE INTO city(region_id, name) values (123, 'Истису');
REPLACE INTO city(region_id, name) values (123, 'Казах');
REPLACE INTO city(region_id, name) values (123, 'Кази-Магомед');
REPLACE INTO city(region_id, name) values (123, 'Касум-Исмаилов');
REPLACE INTO city(region_id, name) values (123, 'Кахи');
REPLACE INTO city(region_id, name) values (123, 'Кедабек');
REPLACE INTO city(region_id, name) values (123, 'Кельбаджар');
REPLACE INTO city(region_id, name) values (123, 'Куба');
REPLACE INTO city(region_id, name) values (123, 'Кубатлы');
REPLACE INTO city(region_id, name) values (123, 'Кусары');
REPLACE INTO city(region_id, name) values (123, 'Куткашен');
REPLACE INTO city(region_id, name) values (123, 'Кюрдамир');
REPLACE INTO city(region_id, name) values (123, 'Ленкорань');
REPLACE INTO city(region_id, name) values (123, 'Лерик');
REPLACE INTO city(region_id, name) values (123, 'Масаллы');
REPLACE INTO city(region_id, name) values (123, 'Мингечаур');
REPLACE INTO city(region_id, name) values (123, 'Мир-Башир');
REPLACE INTO city(region_id, name) values (123, 'Нафталан');
REPLACE INTO city(region_id, name) values (123, 'Нефтечала');
REPLACE INTO city(region_id, name) values (123, 'Саатлы');
REPLACE INTO city(region_id, name) values (123, 'Сабирабад');
REPLACE INTO city(region_id, name) values (123, 'Сабуичи');
REPLACE INTO city(region_id, name) values (123, 'Сальяны');
REPLACE INTO city(region_id, name) values (123, 'Сиазань');
REPLACE INTO city(region_id, name) values (123, 'Сумгаит');
REPLACE INTO city(region_id, name) values (123, 'Тауз');
REPLACE INTO city(region_id, name) values (123, 'Уджары');
REPLACE INTO city(region_id, name) values (123, 'Физули');
REPLACE INTO city(region_id, name) values (123, 'Ханлар');
REPLACE INTO city(region_id, name) values (123, 'Хачмас');
REPLACE INTO city(region_id, name) values (123, 'Худат');
REPLACE INTO city(region_id, name) values (123, 'Шамхор');
REPLACE INTO city(region_id, name) values (123, 'Шеки');
REPLACE INTO city(region_id, name) values (123, 'Шемаха');
REPLACE INTO region(id, country_id, name) values (126, 6, 'Berat');
REPLACE INTO region(id, country_id, name) values (127, 6, 'Diber');
REPLACE INTO region(id, country_id, name) values (128, 6, 'Durres');
REPLACE INTO region(id, country_id, name) values (129, 6, 'Elbasan');
REPLACE INTO region(id, country_id, name) values (130, 6, 'Fier');
REPLACE INTO region(id, country_id, name) values (131, 6, 'Gjirokaster');
REPLACE INTO region(id, country_id, name) values (132, 6, 'Korce');
REPLACE INTO region(id, country_id, name) values (133, 6, 'Kukes');
REPLACE INTO region(id, country_id, name) values (134, 6, 'None');
REPLACE INTO region(id, country_id, name) values (135, 6, 'Shkoder');
REPLACE INTO region(id, country_id, name) values (136, 6, 'Tirane');
REPLACE INTO region(id, country_id, name) values (137, 6, 'Vlore');
REPLACE INTO city(region_id, name) values (6, 'Астрахань');
REPLACE INTO city(region_id, name) values (6, 'Ахтубинск');
REPLACE INTO city(region_id, name) values (6, 'Верхний Баскунчак');
REPLACE INTO city(region_id, name) values (6, 'Володарский');
REPLACE INTO city(region_id, name) values (6, 'Енотаевка');
REPLACE INTO city(region_id, name) values (6, 'Икряное');
REPLACE INTO city(region_id, name) values (6, 'Камызяк');
REPLACE INTO city(region_id, name) values (6, 'Капустин Яр');
REPLACE INTO city(region_id, name) values (6, 'Красный Яр (Астраханская обл.)');
REPLACE INTO city(region_id, name) values (6, 'Лиман');
REPLACE INTO city(region_id, name) values (6, 'Началово');
REPLACE INTO city(region_id, name) values (6, 'Харабали');
REPLACE INTO city(region_id, name) values (6, 'Черный Яр');
REPLACE INTO city(region_id, name) values (83, 'Берегово');
REPLACE INTO city(region_id, name) values (83, 'Буштына');
REPLACE INTO city(region_id, name) values (83, 'Великий Березный');
REPLACE INTO city(region_id, name) values (83, 'Великий Бычков');
REPLACE INTO city(region_id, name) values (83, 'Виноградов');
REPLACE INTO city(region_id, name) values (83, 'Воловец');
REPLACE INTO city(region_id, name) values (83, 'Иршава');
REPLACE INTO city(region_id, name) values (83, 'Межгорье');
REPLACE INTO city(region_id, name) values (83, 'Мукачево');
REPLACE INTO city(region_id, name) values (83, 'Перечин');
REPLACE INTO city(region_id, name) values (83, 'Рахов');
REPLACE INTO city(region_id, name) values (83, 'Свалява');
REPLACE INTO city(region_id, name) values (83, 'Тячев');
REPLACE INTO city(region_id, name) values (83, 'Ужгород');
REPLACE INTO city(region_id, name) values (83, 'Хуст');
REPLACE INTO city(region_id, name) values (83, 'Чоп');
REPLACE INTO city(region_id, name) values (108, 'Adelaide River');
REPLACE INTO city(region_id, name) values (108, 'Alice Springs');
REPLACE INTO city(region_id, name) values (108, 'Arltunga');
REPLACE INTO city(region_id, name) values (108, 'Arltunga Mission');
REPLACE INTO city(region_id, name) values (108, 'Bagot');
REPLACE INTO city(region_id, name) values (108, 'Barrow Creek');
REPLACE INTO city(region_id, name) values (108, 'Borroloola');
REPLACE INTO city(region_id, name) values (108, 'Daly Waters');
REPLACE INTO city(region_id, name) values (108, 'Darwin');
REPLACE INTO city(region_id, name) values (108, 'Finke Siding');
REPLACE INTO city(region_id, name) values (108, 'Glen Helen');
REPLACE INTO city(region_id, name) values (108, 'Gove');
REPLACE INTO city(region_id, name) values (108, 'Nullumbuy');
REPLACE INTO city(region_id, name) values (108, 'Stuart');
REPLACE INTO city(region_id, name) values (116, 'Aggsbach Dorf');
REPLACE INTO city(region_id, name) values (116, 'Amstetten');
REPLACE INTO city(region_id, name) values (116, 'Aschbach Markt');
REPLACE INTO city(region_id, name) values (116, 'Bad Schnau');
REPLACE INTO city(region_id, name) values (116, 'Bad Vslau');
REPLACE INTO city(region_id, name) values (116, 'Bisamberg');
REPLACE INTO city(region_id, name) values (116, 'Bheimkirchen');
REPLACE INTO city(region_id, name) values (116, 'Ebenfurth');
REPLACE INTO city(region_id, name) values (116, 'Eckartsau');
REPLACE INTO city(region_id, name) values (116, 'Ernstbrunn');
REPLACE INTO city(region_id, name) values (116, 'Frankenfels');
REPLACE INTO city(region_id, name) values (116, 'Friedersbach');
REPLACE INTO city(region_id, name) values (116, 'Gablitz');
REPLACE INTO city(region_id, name) values (116, 'Gnserndorf');
REPLACE INTO city(region_id, name) values (116, 'Gerasdorf bei Wien');
REPLACE INTO city(region_id, name) values (116, 'Gloggnitz');
REPLACE INTO city(region_id, name) values (116, 'Herzogenburg');
REPLACE INTO city(region_id, name) values (116, 'Hollabrunn');
REPLACE INTO city(region_id, name) values (116, 'Korneuburg');
REPLACE INTO city(region_id, name) values (116, 'Kottingbrunn');
REPLACE INTO city(region_id, name) values (116, 'Krems an der Donau');
REPLACE INTO city(region_id, name) values (116, 'Langenzersdorf');
REPLACE INTO city(region_id, name) values (116, 'Leobersdorf');
REPLACE INTO city(region_id, name) values (116, 'Lilienfeld');
REPLACE INTO city(region_id, name) values (116, 'Lunz am See');
REPLACE INTO city(region_id, name) values (116, 'Melk');
REPLACE INTO city(region_id, name) values (116, 'Mistelbach an der Zaya');
REPLACE INTO city(region_id, name) values (116, 'Mdling');
REPLACE INTO city(region_id, name) values (116, 'Oberwaltersdorf');
REPLACE INTO city(region_id, name) values (116, 'Prinzersdorf');
REPLACE INTO city(region_id, name) values (116, 'Stetteldorf am Wagram');
REPLACE INTO city(region_id, name) values (116, 'Stssing');
REPLACE INTO city(region_id, name) values (116, 'Ternitz');
REPLACE INTO city(region_id, name) values (116, 'Traisen');
REPLACE INTO city(region_id, name) values (116, 'Traismauer');
REPLACE INTO city(region_id, name) values (116, 'Waidhofen an der Ybbs');
REPLACE INTO city(region_id, name) values (116, 'Wiener Neudorf');
REPLACE INTO city(region_id, name) values (116, 'Wiener Neustadt');
REPLACE INTO city(region_id, name) values (124, 'Степанокерт');
REPLACE INTO city(region_id, name) values (124, 'Шуша');
REPLACE INTO city(region_id, name) values (126, 'Agalli');
REPLACE INTO city(region_id, name) values (126, 'Agim');
REPLACE INTO city(region_id, name) values (126, 'Baka');
REPLACE INTO city(region_id, name) values (126, 'Kakos');
REPLACE INTO region(id, country_id, name) values (138, 7, 'Алжир');
REPLACE INTO city(region_id, name) values (7, 'Агидель');
REPLACE INTO city(region_id, name) values (7, 'Аксаково');
REPLACE INTO city(region_id, name) values (7, 'Амзя');
REPLACE INTO city(region_id, name) values (7, 'Архангелькое');
REPLACE INTO city(region_id, name) values (7, 'Аскарово');
REPLACE INTO city(region_id, name) values (7, 'Аскино');
REPLACE INTO city(region_id, name) values (7, 'Баймак');
REPLACE INTO city(region_id, name) values (7, 'Бакалы');
REPLACE INTO city(region_id, name) values (7, 'Белебей');
REPLACE INTO city(region_id, name) values (7, 'Белорецк');
REPLACE INTO city(region_id, name) values (7, 'Бижбуляк');
REPLACE INTO city(region_id, name) values (7, 'Бирск');
REPLACE INTO city(region_id, name) values (7, 'Благовещенск (Башкирия)');
REPLACE INTO city(region_id, name) values (7, 'Большеустьикинское');
REPLACE INTO city(region_id, name) values (7, 'Бураево');
REPLACE INTO city(region_id, name) values (7, 'Верхнеяркеево');
REPLACE INTO city(region_id, name) values (7, 'Верхние Киги');
REPLACE INTO city(region_id, name) values (7, 'Верхние Татышлы');
REPLACE INTO city(region_id, name) values (7, 'Верхний Авзян');
REPLACE INTO city(region_id, name) values (7, 'Давлеканово');
REPLACE INTO city(region_id, name) values (7, 'Дуван');
REPLACE INTO city(region_id, name) values (7, 'Дюртюли');
REPLACE INTO city(region_id, name) values (7, 'Ермекеево');
REPLACE INTO city(region_id, name) values (7, 'Ермолаево');
REPLACE INTO city(region_id, name) values (7, 'Зилаир');
REPLACE INTO city(region_id, name) values (7, 'Зирган');
REPLACE INTO city(region_id, name) values (7, 'Иглино');
REPLACE INTO city(region_id, name) values (7, 'Инзер');
REPLACE INTO city(region_id, name) values (7, 'Исянгулово');
REPLACE INTO city(region_id, name) values (7, 'Ишимбай');
REPLACE INTO city(region_id, name) values (7, 'Калтасы');
REPLACE INTO city(region_id, name) values (7, 'Кананикольское');
REPLACE INTO city(region_id, name) values (7, 'Кандры');
REPLACE INTO city(region_id, name) values (7, 'Караидель');
REPLACE INTO city(region_id, name) values (7, 'Караидельский');
REPLACE INTO city(region_id, name) values (7, 'Киргиз-Мияки');
REPLACE INTO city(region_id, name) values (7, 'Красноусольский');
REPLACE INTO city(region_id, name) values (7, 'Кумертау');
REPLACE INTO city(region_id, name) values (7, 'Кушнаренково');
REPLACE INTO city(region_id, name) values (7, 'Малояз');
REPLACE INTO city(region_id, name) values (7, 'Межгорье');
REPLACE INTO city(region_id, name) values (7, 'Мелеуз');
REPLACE INTO city(region_id, name) values (7, 'Месягутово');
REPLACE INTO city(region_id, name) values (7, 'Мраково');
REPLACE INTO city(region_id, name) values (7, 'Нефтекамск');
REPLACE INTO city(region_id, name) values (7, 'Октябрьский (Башкирия)');
REPLACE INTO city(region_id, name) values (7, 'Приютово');
REPLACE INTO city(region_id, name) values (7, 'Раевский');
REPLACE INTO city(region_id, name) values (7, 'Салават');
REPLACE INTO city(region_id, name) values (7, 'Сибай');
REPLACE INTO city(region_id, name) values (7, 'Старобалтачево');
REPLACE INTO city(region_id, name) values (7, 'Старосубхангулово');
REPLACE INTO city(region_id, name) values (7, 'Стерлибашево');
REPLACE INTO city(region_id, name) values (7, 'Стерлитамак');
REPLACE INTO city(region_id, name) values (7, 'Туймазы');
REPLACE INTO city(region_id, name) values (7, 'Уфа');
REPLACE INTO city(region_id, name) values (7, 'Учалы');
REPLACE INTO city(region_id, name) values (7, 'Федоровка (Башкирия)');
REPLACE INTO city(region_id, name) values (7, 'Чекмагуш');
REPLACE INTO city(region_id, name) values (7, 'Чишмы');
REPLACE INTO city(region_id, name) values (7, 'Шаран');
REPLACE INTO city(region_id, name) values (7, 'Янаул');
REPLACE INTO city(region_id, name) values (84, 'Акимовка');
REPLACE INTO city(region_id, name) values (84, 'Андреевка');
REPLACE INTO city(region_id, name) values (84, 'Балабино');
REPLACE INTO city(region_id, name) values (84, 'Бердянск');
REPLACE INTO city(region_id, name) values (84, 'Васильевка');
REPLACE INTO city(region_id, name) values (84, 'Веселое');
REPLACE INTO city(region_id, name) values (84, 'Вольнянск');
REPLACE INTO city(region_id, name) values (84, 'Гуляйполе');
REPLACE INTO city(region_id, name) values (84, 'Днепрорудный');
REPLACE INTO city(region_id, name) values (84, 'Запорожье');
REPLACE INTO city(region_id, name) values (84, 'Каменка-Днепровская');
REPLACE INTO city(region_id, name) values (84, 'Каменное');
REPLACE INTO city(region_id, name) values (84, 'Камыш-Заря');
REPLACE INTO city(region_id, name) values (84, 'Куйбышево');
REPLACE INTO city(region_id, name) values (84, 'Мелитополь');
REPLACE INTO city(region_id, name) values (84, 'Михайловка');
REPLACE INTO city(region_id, name) values (84, 'Новониколаевка');
REPLACE INTO city(region_id, name) values (84, 'Орехов');
REPLACE INTO city(region_id, name) values (84, 'Пологи');
REPLACE INTO city(region_id, name) values (84, 'Приазовское');
REPLACE INTO city(region_id, name) values (84, 'Приморск');
REPLACE INTO city(region_id, name) values (84, 'Токмак');
REPLACE INTO city(region_id, name) values (84, 'Черниговка');
REPLACE INTO city(region_id, name) values (84, 'Энергодар');
REPLACE INTO city(region_id, name) values (109, 'Abercorn');
REPLACE INTO city(region_id, name) values (109, 'Abermain');
REPLACE INTO city(region_id, name) values (109, 'Ackland');
REPLACE INTO city(region_id, name) values (109, 'Advancetown');
REPLACE INTO city(region_id, name) values (109, 'Albany Creek');
REPLACE INTO city(region_id, name) values (109, 'Alberton');
REPLACE INTO city(region_id, name) values (109, 'Alexandra');
REPLACE INTO city(region_id, name) values (109, 'Alexandra-Mooloolaba');
REPLACE INTO city(region_id, name) values (109, 'Allan');
REPLACE INTO city(region_id, name) values (109, 'Allingham');
REPLACE INTO city(region_id, name) values (109, 'Alma Creek');
REPLACE INTO city(region_id, name) values (109, 'Alpha');
REPLACE INTO city(region_id, name) values (109, 'Aramara');
REPLACE INTO city(region_id, name) values (109, 'Belgian Gardens');
REPLACE INTO city(region_id, name) values (109, 'Brisbane');
REPLACE INTO city(region_id, name) values (109, 'Bucasia');
REPLACE INTO city(region_id, name) values (109, 'Bundaberg');
REPLACE INTO city(region_id, name) values (109, 'Cairns');
REPLACE INTO city(region_id, name) values (109, 'Caloundra');
REPLACE INTO city(region_id, name) values (109, 'Coorparoo');
REPLACE INTO city(region_id, name) values (109, 'Cynthia');
REPLACE INTO city(region_id, name) values (109, 'Emerald');
REPLACE INTO city(region_id, name) values (109, 'Gladstone');
REPLACE INTO city(region_id, name) values (109, 'Gold Coast');
REPLACE INTO city(region_id, name) values (109, 'Gympie');
REPLACE INTO city(region_id, name) values (109, 'Howard');
REPLACE INTO city(region_id, name) values (109, 'Ipswich');
REPLACE INTO city(region_id, name) values (109, 'Nindigully');
REPLACE INTO city(region_id, name) values (109, 'Oakenden');
REPLACE INTO city(region_id, name) values (109, 'Quamby');
REPLACE INTO city(region_id, name) values (109, 'Redcliffe');
REPLACE INTO city(region_id, name) values (109, 'Rockhampton');
REPLACE INTO city(region_id, name) values (109, 'Surfers Paradise');
REPLACE INTO city(region_id, name) values (109, 'Townsville');
REPLACE INTO city(region_id, name) values (117, 'Ach');
REPLACE INTO city(region_id, name) values (117, 'Aistersheim');
REPLACE INTO city(region_id, name) values (117, 'Alberndorf in der Riedmark');
REPLACE INTO city(region_id, name) values (117, 'Alkoven');
REPLACE INTO city(region_id, name) values (117, 'Altenberg bei Linz');
REPLACE INTO city(region_id, name) values (117, 'Altmnster');
REPLACE INTO city(region_id, name) values (117, 'Ansfelden');
REPLACE INTO city(region_id, name) values (117, 'Aschach an der Steyr');
REPLACE INTO city(region_id, name) values (117, 'Attersee');
REPLACE INTO city(region_id, name) values (117, 'Attnang-Puchheim');
REPLACE INTO city(region_id, name) values (117, 'Braunau am Inn');
REPLACE INTO city(region_id, name) values (117, 'Ebensee');
REPLACE INTO city(region_id, name) values (117, 'Enns');
REPLACE INTO city(region_id, name) values (117, 'Gallneukirchen');
REPLACE INTO city(region_id, name) values (117, 'Gmunden');
REPLACE INTO city(region_id, name) values (117, 'Gramastetten');
REPLACE INTO city(region_id, name) values (117, 'Hallstatt');
REPLACE INTO city(region_id, name) values (117, 'Hrsching');
REPLACE INTO city(region_id, name) values (117, 'Laakirchen');
REPLACE INTO city(region_id, name) values (117, 'Leopoldschlag');
REPLACE INTO city(region_id, name) values (117, 'Linz');
REPLACE INTO city(region_id, name) values (117, 'Marchtrenk');
REPLACE INTO city(region_id, name) values (117, 'Mondsee');
REPLACE INTO city(region_id, name) values (117, 'Ottensheim');
REPLACE INTO city(region_id, name) values (117, 'Pregarten');
REPLACE INTO city(region_id, name) values (117, 'Ried im Innkreis');
REPLACE INTO city(region_id, name) values (117, 'Rohrbach in Obersterreich');
REPLACE INTO city(region_id, name) values (117, 'Scharnstein');
REPLACE INTO city(region_id, name) values (117, 'Scharten');
REPLACE INTO city(region_id, name) values (117, 'Steyr');
REPLACE INTO city(region_id, name) values (117, 'Thalheim bei Wels');
REPLACE INTO city(region_id, name) values (117, 'Traun');
REPLACE INTO city(region_id, name) values (117, 'Vcklabruck');
REPLACE INTO city(region_id, name) values (117, 'Wels');
REPLACE INTO city(region_id, name) values (125, 'Джульфа');
REPLACE INTO city(region_id, name) values (125, 'Ильичевск');
REPLACE INTO city(region_id, name) values (125, 'Нахичевань');
REPLACE INTO city(region_id, name) values (125, 'Ордубад');
REPLACE INTO city(region_id, name) values (125, 'Шахбуз');
REPLACE INTO city(region_id, name) values (127, 'Ali Hanit');
REPLACE INTO city(region_id, name) values (127, 'Arapaj e Eperme');
REPLACE INTO city(region_id, name) values (127, 'Arn i Eprm');
REPLACE INTO city(region_id, name) values (127, 'Arras');
REPLACE INTO city(region_id, name) values (127, 'Doma');
REPLACE INTO city(region_id, name) values (138, 'Адрар');
REPLACE INTO city(region_id, name) values (138, 'Алжир');
REPLACE INTO city(region_id, name) values (138, 'Аннаба');
REPLACE INTO city(region_id, name) values (138, 'Бешвар');
REPLACE INTO city(region_id, name) values (138, 'Джельфа');
REPLACE INTO city(region_id, name) values (138, 'Ин-Салах');
REPLACE INTO city(region_id, name) values (138, 'Оран');
REPLACE INTO city(region_id, name) values (138, 'Таманрассет');
REPLACE INTO city(region_id, name) values (138, 'Туггурт');
REPLACE INTO city(region_id, name) values (138, 'Эль-Голеа');
REPLACE INTO region(id, country_id, name) values (139, 8, 'Ангола');
REPLACE INTO city(region_id, name) values (8, 'Алексеевка (Белгородская обл.)');
REPLACE INTO city(region_id, name) values (8, 'Белгород');
REPLACE INTO city(region_id, name) values (8, 'Борисовка');
REPLACE INTO city(region_id, name) values (8, 'Валуйки');
REPLACE INTO city(region_id, name) values (8, 'Вейделевка');
REPLACE INTO city(region_id, name) values (8, 'Волоконовка');
REPLACE INTO city(region_id, name) values (8, 'Грайворон');
REPLACE INTO city(region_id, name) values (8, 'Губкин');
REPLACE INTO city(region_id, name) values (8, 'Ивня');
REPLACE INTO city(region_id, name) values (8, 'Короча');
REPLACE INTO city(region_id, name) values (8, 'Красногвардейское (Белгород.)');
REPLACE INTO city(region_id, name) values (8, 'Новый Оскол');
REPLACE INTO city(region_id, name) values (8, 'Ракитное');
REPLACE INTO city(region_id, name) values (8, 'Ровеньки');
REPLACE INTO city(region_id, name) values (8, 'Старый Оскол');
REPLACE INTO city(region_id, name) values (8, 'Строитель');
REPLACE INTO city(region_id, name) values (8, 'Чернянка');
REPLACE INTO city(region_id, name) values (8, 'Шебекино');
REPLACE INTO city(region_id, name) values (85, 'Богородчаны');
REPLACE INTO city(region_id, name) values (85, 'Болехов');
REPLACE INTO city(region_id, name) values (85, 'Болшовцы');
REPLACE INTO city(region_id, name) values (85, 'Брошнев-Осада');
REPLACE INTO city(region_id, name) values (85, 'Букачевцы');
REPLACE INTO city(region_id, name) values (85, 'Бурштын');
REPLACE INTO city(region_id, name) values (85, 'Бытков');
REPLACE INTO city(region_id, name) values (85, 'Верховина');
REPLACE INTO city(region_id, name) values (85, 'Войнилов');
REPLACE INTO city(region_id, name) values (85, 'Ворохта');
REPLACE INTO city(region_id, name) values (85, 'Выгода');
REPLACE INTO city(region_id, name) values (85, 'Галич');
REPLACE INTO city(region_id, name) values (85, 'Гвоздец');
REPLACE INTO city(region_id, name) values (85, 'Городенка');
REPLACE INTO city(region_id, name) values (85, 'Делятин');
REPLACE INTO city(region_id, name) values (85, 'Долина');
REPLACE INTO city(region_id, name) values (85, 'Жовтень');
REPLACE INTO city(region_id, name) values (85, 'Заболотов');
REPLACE INTO city(region_id, name) values (85, 'Ивано-Франковск');
REPLACE INTO city(region_id, name) values (85, 'Калуж');
REPLACE INTO city(region_id, name) values (85, 'Калуш');
REPLACE INTO city(region_id, name) values (85, 'Коломыя');
REPLACE INTO city(region_id, name) values (85, 'Косов');
REPLACE INTO city(region_id, name) values (85, 'Надворна');
REPLACE INTO city(region_id, name) values (85, 'Надворная');
REPLACE INTO city(region_id, name) values (85, 'Рогатин');
REPLACE INTO city(region_id, name) values (85, 'Рожнятов');
REPLACE INTO city(region_id, name) values (85, 'Снятын');
REPLACE INTO city(region_id, name) values (85, 'Станиславов');
REPLACE INTO city(region_id, name) values (85, 'Тлумач');
REPLACE INTO city(region_id, name) values (85, 'Тысменица');
REPLACE INTO city(region_id, name) values (85, 'Яремча');
REPLACE INTO city(region_id, name) values (110, 'Adelaide');
REPLACE INTO city(region_id, name) values (110, 'Altona');
REPLACE INTO city(region_id, name) values (110, 'Amata');
REPLACE INTO city(region_id, name) values (110, 'Angas Plains');
REPLACE INTO city(region_id, name) values (110, 'Angle Vale');
REPLACE INTO city(region_id, name) values (110, 'Appila');
REPLACE INTO city(region_id, name) values (110, 'Ardrossan');
REPLACE INTO city(region_id, name) values (110, 'Arno Bay');
REPLACE INTO city(region_id, name) values (110, 'Athenna');
REPLACE INTO city(region_id, name) values (110, 'Australia Plains');
REPLACE INTO city(region_id, name) values (110, 'Avon');
REPLACE INTO city(region_id, name) values (110, 'Bakara');
REPLACE INTO city(region_id, name) values (110, 'Black Rock');
REPLACE INTO city(region_id, name) values (110, 'Buccleuch');
REPLACE INTO city(region_id, name) values (110, 'Caroline');
REPLACE INTO city(region_id, name) values (110, 'Dublin');
REPLACE INTO city(region_id, name) values (110, 'McLachlan');
REPLACE INTO city(region_id, name) values (110, 'Meningie');
REPLACE INTO city(region_id, name) values (110, 'Paratoo');
REPLACE INTO city(region_id, name) values (110, 'Phillip');
REPLACE INTO city(region_id, name) values (110, 'Sunny Hill');
REPLACE INTO city(region_id, name) values (110, 'Whyalla');
REPLACE INTO city(region_id, name) values (118, 'Adnet');
REPLACE INTO city(region_id, name) values (118, 'Altenmarkt im Pongau');
REPLACE INTO city(region_id, name) values (118, 'Anif');
REPLACE INTO city(region_id, name) values (118, 'Annaberg');
REPLACE INTO city(region_id, name) values (118, 'Bad Hofgastein');
REPLACE INTO city(region_id, name) values (118, 'Berndorf bei Salzburg');
REPLACE INTO city(region_id, name) values (118, 'Bischofshofen');
REPLACE INTO city(region_id, name) values (118, 'Bramberg am Wildkogel');
REPLACE INTO city(region_id, name) values (118, 'Bruck an der Groglocknerstrae');
REPLACE INTO city(region_id, name) values (118, 'Dienten am Hochknig');
REPLACE INTO city(region_id, name) values (118, 'Ebenau');
REPLACE INTO city(region_id, name) values (118, 'Elixhausen');
REPLACE INTO city(region_id, name) values (118, 'Fuschl am See');
REPLACE INTO city(region_id, name) values (118, 'Grdig');
REPLACE INTO city(region_id, name) values (118, 'Hallein');
REPLACE INTO city(region_id, name) values (118, 'Henndorf am Wallersee');
REPLACE INTO city(region_id, name) values (118, 'Hinterglemm');
REPLACE INTO city(region_id, name) values (118, 'Hof bei Salzburg');
REPLACE INTO city(region_id, name) values (118, 'Lofer');
REPLACE INTO city(region_id, name) values (118, 'Oberalm');
REPLACE INTO city(region_id, name) values (118, 'Saalbach');
REPLACE INTO city(region_id, name) values (118, 'Saalfelden am Steinernen Meer');
REPLACE INTO city(region_id, name) values (118, 'Salzburg');
REPLACE INTO city(region_id, name) values (118, 'Tamsweg');
REPLACE INTO city(region_id, name) values (118, 'Zell am See');
REPLACE INTO city(region_id, name) values (128, 'Dures');
REPLACE INTO city(region_id, name) values (128, 'Durrs');
REPLACE INTO city(region_id, name) values (139, 'Бенгела');
REPLACE INTO city(region_id, name) values (139, 'Лобиту');
REPLACE INTO city(region_id, name) values (139, 'Луанда');
REPLACE INTO city(region_id, name) values (139, 'Лубанго');
REPLACE INTO city(region_id, name) values (139, 'Маланже');
REPLACE INTO city(region_id, name) values (139, 'Менноге');
REPLACE INTO city(region_id, name) values (139, 'Намибе');
REPLACE INTO region(id, country_id, name) values (140, 9, 'Anguilla');
REPLACE INTO city(region_id, name) values (9, 'Алтухово');
REPLACE INTO city(region_id, name) values (9, 'Белая Березка');
REPLACE INTO city(region_id, name) values (9, 'Белые Берега');
REPLACE INTO city(region_id, name) values (9, 'Большое Полпино');
REPLACE INTO city(region_id, name) values (9, 'Брянск');
REPLACE INTO city(region_id, name) values (9, 'Бытошь');
REPLACE INTO city(region_id, name) values (9, 'Выгоничи');
REPLACE INTO city(region_id, name) values (9, 'Вышков');
REPLACE INTO city(region_id, name) values (9, 'Гордеевка');
REPLACE INTO city(region_id, name) values (9, 'Дубровка (Брянская обл.)');
REPLACE INTO city(region_id, name) values (9, 'Дятьково');
REPLACE INTO city(region_id, name) values (9, 'Дятьково');
REPLACE INTO city(region_id, name) values (9, 'Жирятино');
REPLACE INTO city(region_id, name) values (9, 'Жуковка');
REPLACE INTO city(region_id, name) values (9, 'Злынка');
REPLACE INTO city(region_id, name) values (9, 'Ивот');
REPLACE INTO city(region_id, name) values (9, 'Карачев');
REPLACE INTO city(region_id, name) values (9, 'Клетня');
REPLACE INTO city(region_id, name) values (9, 'Климово');
REPLACE INTO city(region_id, name) values (9, 'Клинцы');
REPLACE INTO city(region_id, name) values (9, 'Кокаревка');
REPLACE INTO city(region_id, name) values (9, 'Комаричи');
REPLACE INTO city(region_id, name) values (9, 'Красная Гора');
REPLACE INTO city(region_id, name) values (9, 'Локоть (Брянская обл.)');
REPLACE INTO city(region_id, name) values (9, 'Мглин');
REPLACE INTO city(region_id, name) values (9, 'Навля');
REPLACE INTO city(region_id, name) values (9, 'Новозыбков');
REPLACE INTO city(region_id, name) values (9, 'Погар');
REPLACE INTO city(region_id, name) values (9, 'Почеп');
REPLACE INTO city(region_id, name) values (9, 'Ржаница');
REPLACE INTO city(region_id, name) values (9, 'Рогнедино');
REPLACE INTO city(region_id, name) values (9, 'Севск');
REPLACE INTO city(region_id, name) values (9, 'Стародуб');
REPLACE INTO city(region_id, name) values (9, 'Суземка');
REPLACE INTO city(region_id, name) values (9, 'Сураж');
REPLACE INTO city(region_id, name) values (9, 'Трубчевск');
REPLACE INTO city(region_id, name) values (9, 'Унеча');
REPLACE INTO city(region_id, name) values (86, 'Иванков');
REPLACE INTO city(region_id, name) values (86, 'Ирпень');
REPLACE INTO city(region_id, name) values (86, 'Барышевка');
REPLACE INTO city(region_id, name) values (86, 'Белая Церковь');
REPLACE INTO city(region_id, name) values (86, 'Березань');
REPLACE INTO city(region_id, name) values (86, 'Богуслав');
REPLACE INTO city(region_id, name) values (86, 'Борисполь');
REPLACE INTO city(region_id, name) values (86, 'Боровая');
REPLACE INTO city(region_id, name) values (86, 'Бородянка');
REPLACE INTO city(region_id, name) values (86, 'Боярка');
REPLACE INTO city(region_id, name) values (86, 'Бровары');
REPLACE INTO city(region_id, name) values (86, 'Васильков');
REPLACE INTO city(region_id, name) values (86, 'Володарка');
REPLACE INTO city(region_id, name) values (86, 'Ворзель');
REPLACE INTO city(region_id, name) values (86, 'Вышгород');
REPLACE INTO city(region_id, name) values (86, 'Гребенки');
REPLACE INTO city(region_id, name) values (86, 'Дымер');
REPLACE INTO city(region_id, name) values (86, 'Згуровка');
REPLACE INTO city(region_id, name) values (86, 'Кагарлык');
REPLACE INTO city(region_id, name) values (86, 'Калиновка');
REPLACE INTO city(region_id, name) values (86, 'Киев');
REPLACE INTO city(region_id, name) values (86, 'Киевская');
REPLACE INTO city(region_id, name) values (86, 'Кодра');
REPLACE INTO city(region_id, name) values (86, 'Кожанка');
REPLACE INTO city(region_id, name) values (86, 'Козин');
REPLACE INTO city(region_id, name) values (86, 'Макаров');
REPLACE INTO city(region_id, name) values (86, 'Мироновка');
REPLACE INTO city(region_id, name) values (86, 'Обухов');
REPLACE INTO city(region_id, name) values (86, 'Переяслав-Хмельницкий');
REPLACE INTO city(region_id, name) values (86, 'Полесское');
REPLACE INTO city(region_id, name) values (86, 'Ракитное');
REPLACE INTO city(region_id, name) values (86, 'Ржищев');
REPLACE INTO city(region_id, name) values (86, 'Сквира');
REPLACE INTO city(region_id, name) values (86, 'Славутич');
REPLACE INTO city(region_id, name) values (86, 'Ставище');
REPLACE INTO city(region_id, name) values (86, 'Тараща');
REPLACE INTO city(region_id, name) values (86, 'Тетиев');
REPLACE INTO city(region_id, name) values (86, 'Фастов');
REPLACE INTO city(region_id, name) values (86, 'Чернобыль');
REPLACE INTO city(region_id, name) values (86, 'Яготин');
REPLACE INTO city(region_id, name) values (111, 'Abbotsham');
REPLACE INTO city(region_id, name) values (111, 'Alanvale');
REPLACE INTO city(region_id, name) values (111, 'Alcomie');
REPLACE INTO city(region_id, name) values (111, 'Allen Siding');
REPLACE INTO city(region_id, name) values (111, 'Alonnah');
REPLACE INTO city(region_id, name) values (111, 'Andover');
REPLACE INTO city(region_id, name) values (111, 'Austins Ferry');
REPLACE INTO city(region_id, name) values (111, 'Back Creek');
REPLACE INTO city(region_id, name) values (111, 'Baden');
REPLACE INTO city(region_id, name) values (111, 'Bagdad');
REPLACE INTO city(region_id, name) values (111, 'Bangor');
REPLACE INTO city(region_id, name) values (111, 'Beauty Point');
REPLACE INTO city(region_id, name) values (111, 'Bell Bay');
REPLACE INTO city(region_id, name) values (111, 'Bellerive');
REPLACE INTO city(region_id, name) values (111, 'Birralee');
REPLACE INTO city(region_id, name) values (111, 'Cygnet');
REPLACE INTO city(region_id, name) values (111, 'Fingal');
REPLACE INTO city(region_id, name) values (111, 'Forest');
REPLACE INTO city(region_id, name) values (111, 'Hobart');
REPLACE INTO city(region_id, name) values (111, 'Kingston');
REPLACE INTO city(region_id, name) values (111, 'Launceston');
REPLACE INTO city(region_id, name) values (111, 'Myalla');
REPLACE INTO city(region_id, name) values (111, 'Paradise');
REPLACE INTO city(region_id, name) values (111, 'Saltwater River');
REPLACE INTO city(region_id, name) values (119, 'Admont');
REPLACE INTO city(region_id, name) values (119, 'Bad Gams');
REPLACE INTO city(region_id, name) values (119, 'Bruck an der Mur');
REPLACE INTO city(region_id, name) values (119, 'Burgau');
REPLACE INTO city(region_id, name) values (119, 'Deutschlandsberg');
REPLACE INTO city(region_id, name) values (119, 'Eggersdorf bei Graz');
REPLACE INTO city(region_id, name) values (119, 'Gleisdorf');
REPLACE INTO city(region_id, name) values (119, 'Graz');
REPLACE INTO city(region_id, name) values (119, 'Hartberg');
REPLACE INTO city(region_id, name) values (119, 'Judenburg');
REPLACE INTO city(region_id, name) values (119, 'Kapfenberg');
REPLACE INTO city(region_id, name) values (119, 'Knittelfeld');
REPLACE INTO city(region_id, name) values (119, 'Leoben');
REPLACE INTO city(region_id, name) values (119, 'Liezen');
REPLACE INTO city(region_id, name) values (119, 'Murau');
REPLACE INTO city(region_id, name) values (119, 'Mrzzuschlag');
REPLACE INTO city(region_id, name) values (119, 'Schffern');
REPLACE INTO city(region_id, name) values (119, 'Trofaiach');
REPLACE INTO city(region_id, name) values (119, 'Voitsberg');
REPLACE INTO city(region_id, name) values (119, 'Waldstein');
REPLACE INTO city(region_id, name) values (129, 'Abazaj');
REPLACE INTO city(region_id, name) values (129, 'Algjin');
REPLACE INTO city(region_id, name) values (129, 'Algjinaj');
REPLACE INTO city(region_id, name) values (129, 'Allaj');
REPLACE INTO city(region_id, name) values (129, 'Arov');
REPLACE INTO city(region_id, name) values (129, 'Ars');
REPLACE INTO city(region_id, name) values (129, 'Zibraca');
REPLACE INTO city(region_id, name) values (140, 'Ангилья');
REPLACE INTO city(region_id, name) values (140, 'Сомбреро');
REPLACE INTO region(id, country_id, name) values (141, 10, 'Andorra la Vella');
REPLACE INTO region(id, country_id, name) values (142, 10, 'Canillo');
REPLACE INTO region(id, country_id, name) values (143, 10, 'Encamp');
REPLACE INTO region(id, country_id, name) values (144, 10, 'Escaldes-Engordany');
REPLACE INTO region(id, country_id, name) values (145, 10, 'La Massana');
REPLACE INTO region(id, country_id, name) values (146, 10, 'None');
REPLACE INTO region(id, country_id, name) values (147, 10, 'Ordino');
REPLACE INTO region(id, country_id, name) values (148, 10, 'Sant Julia de Loria');
REPLACE INTO city(region_id, name) values (10, 'Бабушкин');
REPLACE INTO city(region_id, name) values (10, 'Багдарин');
REPLACE INTO city(region_id, name) values (10, 'Баргузин');
REPLACE INTO city(region_id, name) values (10, 'Баянгол');
REPLACE INTO city(region_id, name) values (10, 'Бичура');
REPLACE INTO city(region_id, name) values (10, 'Выдрино');
REPLACE INTO city(region_id, name) values (10, 'Гусиное Озеро');
REPLACE INTO city(region_id, name) values (10, 'Гусиноозерск');
REPLACE INTO city(region_id, name) values (10, 'Заиграево');
REPLACE INTO city(region_id, name) values (10, 'Закаменск');
REPLACE INTO city(region_id, name) values (10, 'Иволгинск');
REPLACE INTO city(region_id, name) values (10, 'Илька');
REPLACE INTO city(region_id, name) values (10, 'Кабанск');
REPLACE INTO city(region_id, name) values (10, 'Каменск');
REPLACE INTO city(region_id, name) values (10, 'Кижинга');
REPLACE INTO city(region_id, name) values (10, 'Курумкан');
REPLACE INTO city(region_id, name) values (10, 'Кырен');
REPLACE INTO city(region_id, name) values (10, 'Кяхта');
REPLACE INTO city(region_id, name) values (10, 'Монды');
REPLACE INTO city(region_id, name) values (10, 'Мухоршибирь');
REPLACE INTO city(region_id, name) values (10, 'Нижнеангарск');
REPLACE INTO city(region_id, name) values (10, 'Орлик');
REPLACE INTO city(region_id, name) values (10, 'Петропавловка (Бурятия)');
REPLACE INTO city(region_id, name) values (10, 'Романовка (Бурятия)');
REPLACE INTO city(region_id, name) values (10, 'Северобайкальск (Бурятия)');
REPLACE INTO city(region_id, name) values (10, 'Селенгинск');
REPLACE INTO city(region_id, name) values (10, 'Сосново-Озерское');
REPLACE INTO city(region_id, name) values (10, 'Таксимо (Бурятия)');
REPLACE INTO city(region_id, name) values (10, 'Турунтаево');
REPLACE INTO city(region_id, name) values (10, 'Улан-Удэ');
REPLACE INTO city(region_id, name) values (10, 'Хоринск');
REPLACE INTO city(region_id, name) values (87, 'Александрия');
REPLACE INTO city(region_id, name) values (87, 'Александровка');
REPLACE INTO city(region_id, name) values (87, 'Бобринец');
REPLACE INTO city(region_id, name) values (87, 'Гайворон');
REPLACE INTO city(region_id, name) values (87, 'Голованевск');
REPLACE INTO city(region_id, name) values (87, 'Добровеличковка');
REPLACE INTO city(region_id, name) values (87, 'Долинская');
REPLACE INTO city(region_id, name) values (87, 'Елизаветградка');
REPLACE INTO city(region_id, name) values (87, 'Завалье');
REPLACE INTO city(region_id, name) values (87, 'Знаменка');
REPLACE INTO city(region_id, name) values (87, 'Знаменка-Вторая');
REPLACE INTO city(region_id, name) values (87, 'Капитановка');
REPLACE INTO city(region_id, name) values (87, 'Кировоград');
REPLACE INTO city(region_id, name) values (87, 'Компанеевка');
REPLACE INTO city(region_id, name) values (87, 'Малая Виска');
REPLACE INTO city(region_id, name) values (87, 'Новгородка');
REPLACE INTO city(region_id, name) values (87, 'Новоархангельск');
REPLACE INTO city(region_id, name) values (87, 'Новомиргород');
REPLACE INTO city(region_id, name) values (87, 'Новоукраинка');
REPLACE INTO city(region_id, name) values (87, 'Ольшанка');
REPLACE INTO city(region_id, name) values (87, 'Онуфриевка');
REPLACE INTO city(region_id, name) values (87, 'Петрово');
REPLACE INTO city(region_id, name) values (87, 'Светловодск');
REPLACE INTO city(region_id, name) values (87, 'Ульяновка');
REPLACE INTO city(region_id, name) values (87, 'Устиновка');
REPLACE INTO city(region_id, name) values (112, 'Aberfeldy');
REPLACE INTO city(region_id, name) values (112, 'Acheron');
REPLACE INTO city(region_id, name) values (112, 'Adelaide Lead');
REPLACE INTO city(region_id, name) values (112, 'Ailsa');
REPLACE INTO city(region_id, name) values (112, 'Aireys Inlet');
REPLACE INTO city(region_id, name) values (112, 'Airly');
REPLACE INTO city(region_id, name) values (112, 'Alambee');
REPLACE INTO city(region_id, name) values (112, 'Alberton West');
REPLACE INTO city(region_id, name) values (112, 'Albion');
REPLACE INTO city(region_id, name) values (112, 'Alexandra');
REPLACE INTO city(region_id, name) values (112, 'Alfredton');
REPLACE INTO city(region_id, name) values (112, 'Alma');
REPLACE INTO city(region_id, name) values (112, 'Alvie');
REPLACE INTO city(region_id, name) values (112, 'Ancona');
REPLACE INTO city(region_id, name) values (112, 'Anderson');
REPLACE INTO city(region_id, name) values (112, 'Antwerp');
REPLACE INTO city(region_id, name) values (112, 'Armadale');
REPLACE INTO city(region_id, name) values (112, 'Arnold');
REPLACE INTO city(region_id, name) values (112, 'Ballam Park');
REPLACE INTO city(region_id, name) values (112, 'Balook');
REPLACE INTO city(region_id, name) values (112, 'Barmah');
REPLACE INTO city(region_id, name) values (112, 'Bass');
REPLACE INTO city(region_id, name) values (112, 'Bayswater');
REPLACE INTO city(region_id, name) values (112, 'Bolton');
REPLACE INTO city(region_id, name) values (112, 'Boolite');
REPLACE INTO city(region_id, name) values (112, 'Brighton');
REPLACE INTO city(region_id, name) values (112, 'Colac');
REPLACE INTO city(region_id, name) values (112, 'Geelong');
REPLACE INTO city(region_id, name) values (112, 'Horsham');
REPLACE INTO city(region_id, name) values (112, 'Lubeck');
REPLACE INTO city(region_id, name) values (112, 'Melbourne');
REPLACE INTO city(region_id, name) values (112, 'Moorabbin');
REPLACE INTO city(region_id, name) values (112, 'San Remo');
REPLACE INTO city(region_id, name) values (112, 'Silver Creek');
REPLACE INTO city(region_id, name) values (112, 'Snake Valley');
REPLACE INTO city(region_id, name) values (112, 'South Yarra');
REPLACE INTO city(region_id, name) values (112, 'Stalker');
REPLACE INTO city(region_id, name) values (112, 'Syndal');
REPLACE INTO city(region_id, name) values (112, 'Victoria Valley');
REPLACE INTO city(region_id, name) values (112, 'Warragul');
REPLACE INTO city(region_id, name) values (112, 'Wheelers Hill');
REPLACE INTO city(region_id, name) values (112, 'Yarrawonga');
REPLACE INTO city(region_id, name) values (120, 'Absam');
REPLACE INTO city(region_id, name) values (120, 'Achenkirch');
REPLACE INTO city(region_id, name) values (120, 'Ainet');
REPLACE INTO city(region_id, name) values (120, 'Aldrans');
REPLACE INTO city(region_id, name) values (120, 'Axams');
REPLACE INTO city(region_id, name) values (120, 'Biberwier');
REPLACE INTO city(region_id, name) values (120, 'Bichlbach');
REPLACE INTO city(region_id, name) values (120, 'Brandenberg');
REPLACE INTO city(region_id, name) values (120, 'Brixlegg');
REPLACE INTO city(region_id, name) values (120, 'Dlsach');
REPLACE INTO city(region_id, name) values (120, 'Elmen');
REPLACE INTO city(region_id, name) values (120, 'Erl');
REPLACE INTO city(region_id, name) values (120, 'Finkenberg');
REPLACE INTO city(region_id, name) values (120, 'Flirsch');
REPLACE INTO city(region_id, name) values (120, 'Hall in Tirol');
REPLACE INTO city(region_id, name) values (120, 'Hopfgarten im Brixental');
REPLACE INTO city(region_id, name) values (120, 'Innsbruck');
REPLACE INTO city(region_id, name) values (120, 'Jenbach');
REPLACE INTO city(region_id, name) values (120, 'Kirchdorf in Tirol');
REPLACE INTO city(region_id, name) values (120, 'Kitzbhel');
REPLACE INTO city(region_id, name) values (120, 'Kssen');
REPLACE INTO city(region_id, name) values (120, 'Kufstein');
REPLACE INTO city(region_id, name) values (120, 'Mayrhofen');
REPLACE INTO city(region_id, name) values (120, 'Nauders');
REPLACE INTO city(region_id, name) values (120, 'Seefeld in Tirol');
REPLACE INTO city(region_id, name) values (120, 'Slden');
REPLACE INTO city(region_id, name) values (120, 'Vls');
REPLACE INTO city(region_id, name) values (120, 'Wenns');
REPLACE INTO city(region_id, name) values (120, 'Zirl');
REPLACE INTO city(region_id, name) values (130, 'Ada');
REPLACE INTO city(region_id, name) values (130, 'Ad Bunac');
REPLACE INTO city(region_id, name) values (141, 'Andorra');
REPLACE INTO city(region_id, name) values (141, 'Andorra la Vella');
REPLACE INTO city(region_id, name) values (141, 'Andorra-Vieille');
REPLACE INTO region(id, country_id, name) values (149, 11, 'Антигуа и Барбуда');
REPLACE INTO city(region_id, name) values (11, 'Александров');
REPLACE INTO city(region_id, name) values (11, 'Андреево');
REPLACE INTO city(region_id, name) values (11, 'Анопино');
REPLACE INTO city(region_id, name) values (11, 'Бавлены');
REPLACE INTO city(region_id, name) values (11, 'Балакирево');
REPLACE INTO city(region_id, name) values (11, 'Боголюбово');
REPLACE INTO city(region_id, name) values (11, 'Великодворский');
REPLACE INTO city(region_id, name) values (11, 'Вербовский');
REPLACE INTO city(region_id, name) values (11, 'Владимир');
REPLACE INTO city(region_id, name) values (11, 'Вязники');
REPLACE INTO city(region_id, name) values (11, 'Городищи (Владимирская обл.)');
REPLACE INTO city(region_id, name) values (11, 'Гороховец');
REPLACE INTO city(region_id, name) values (11, 'Гусевский');
REPLACE INTO city(region_id, name) values (11, 'Гусь Хрустальный');
REPLACE INTO city(region_id, name) values (11, 'Гусь-Хрустальный');
REPLACE INTO city(region_id, name) values (11, 'Золотково');
REPLACE INTO city(region_id, name) values (11, 'Иванищи');
REPLACE INTO city(region_id, name) values (11, 'Камешково');
REPLACE INTO city(region_id, name) values (11, 'Карабаново');
REPLACE INTO city(region_id, name) values (11, 'Киржач');
REPLACE INTO city(region_id, name) values (11, 'Ковров');
REPLACE INTO city(region_id, name) values (11, 'Кольчугино');
REPLACE INTO city(region_id, name) values (11, 'Красная Горбатка');
REPLACE INTO city(region_id, name) values (11, 'Лакинск');
REPLACE INTO city(region_id, name) values (11, 'Меленки');
REPLACE INTO city(region_id, name) values (11, 'Муром');
REPLACE INTO city(region_id, name) values (11, 'Петушки');
REPLACE INTO city(region_id, name) values (11, 'Покров');
REPLACE INTO city(region_id, name) values (11, 'Радужный (Владимирская обл.)');
REPLACE INTO city(region_id, name) values (11, 'Собинка');
REPLACE INTO city(region_id, name) values (11, 'Судогда');
REPLACE INTO city(region_id, name) values (11, 'Суздаль');
REPLACE INTO city(region_id, name) values (11, 'Юрьев-Польский');
REPLACE INTO city(region_id, name) values (88, 'Азовское');
REPLACE INTO city(region_id, name) values (88, 'Алупка');
REPLACE INTO city(region_id, name) values (88, 'Алушта');
REPLACE INTO city(region_id, name) values (88, 'Армянск');
REPLACE INTO city(region_id, name) values (88, 'Багерово');
REPLACE INTO city(region_id, name) values (88, 'Балаклава');
REPLACE INTO city(region_id, name) values (88, 'Бахчисарай');
REPLACE INTO city(region_id, name) values (88, 'Белогорск');
REPLACE INTO city(region_id, name) values (88, 'Гаспра');
REPLACE INTO city(region_id, name) values (88, 'Гвардейское');
REPLACE INTO city(region_id, name) values (88, 'Гурзуф');
REPLACE INTO city(region_id, name) values (88, 'Джанкой');
REPLACE INTO city(region_id, name) values (88, 'Евпатория');
REPLACE INTO city(region_id, name) values (88, 'Зуя');
REPLACE INTO city(region_id, name) values (88, 'Керчь');
REPLACE INTO city(region_id, name) values (88, 'Кировское');
REPLACE INTO city(region_id, name) values (88, 'Коктебель');
REPLACE INTO city(region_id, name) values (88, 'Красногвардейское');
REPLACE INTO city(region_id, name) values (88, 'Красноперекопск');
REPLACE INTO city(region_id, name) values (88, 'Ленино');
REPLACE INTO city(region_id, name) values (88, 'Массандра');
REPLACE INTO city(region_id, name) values (88, 'Нижнегорский');
REPLACE INTO city(region_id, name) values (88, 'Первомайское');
REPLACE INTO city(region_id, name) values (88, 'Раздольное');
REPLACE INTO city(region_id, name) values (88, 'Саки');
REPLACE INTO city(region_id, name) values (88, 'Севастополь');
REPLACE INTO city(region_id, name) values (88, 'Симеиз');
REPLACE INTO city(region_id, name) values (88, 'Симферополь');
REPLACE INTO city(region_id, name) values (88, 'Советский');
REPLACE INTO city(region_id, name) values (88, 'Судак');
REPLACE INTO city(region_id, name) values (88, 'Феодосия');
REPLACE INTO city(region_id, name) values (88, 'Форос');
REPLACE INTO city(region_id, name) values (88, 'Черноморское');
REPLACE INTO city(region_id, name) values (88, 'Щёлкино');
REPLACE INTO city(region_id, name) values (88, 'Ялта');
REPLACE INTO city(region_id, name) values (113, 'Abbotts');
REPLACE INTO city(region_id, name) values (113, 'Agnew');
REPLACE INTO city(region_id, name) values (113, 'Australind');
REPLACE INTO city(region_id, name) values (113, 'Babakin');
REPLACE INTO city(region_id, name) values (113, 'Baddera');
REPLACE INTO city(region_id, name) values (113, 'Balgarri');
REPLACE INTO city(region_id, name) values (113, 'Balgo');
REPLACE INTO city(region_id, name) values (113, 'Belka');
REPLACE INTO city(region_id, name) values (113, 'Big Bell');
REPLACE INTO city(region_id, name) values (113, 'Canna');
REPLACE INTO city(region_id, name) values (113, 'Denmark');
REPLACE INTO city(region_id, name) values (113, 'Devans Find Mining Centre');
REPLACE INTO city(region_id, name) values (113, 'East Fremantle');
REPLACE INTO city(region_id, name) values (113, 'Kalbarri');
REPLACE INTO city(region_id, name) values (113, 'Koojan');
REPLACE INTO city(region_id, name) values (113, 'Lancelin');
REPLACE INTO city(region_id, name) values (113, 'Narra Tarra');
REPLACE INTO city(region_id, name) values (113, 'Perth');
REPLACE INTO city(region_id, name) values (113, 'Perth City');
REPLACE INTO city(region_id, name) values (113, 'Sawyers Valley');
REPLACE INTO city(region_id, name) values (113, 'Seabird');
REPLACE INTO city(region_id, name) values (113, 'Station Peak Mining Centre');
REPLACE INTO city(region_id, name) values (113, 'York');
REPLACE INTO city(region_id, name) values (121, 'Alberschwende');
REPLACE INTO city(region_id, name) values (121, 'Bludenz');
REPLACE INTO city(region_id, name) values (121, 'Bregenz');
REPLACE INTO city(region_id, name) values (121, 'Dalaas');
REPLACE INTO city(region_id, name) values (121, 'Dornbirn');
REPLACE INTO city(region_id, name) values (121, 'Feldkirch');
REPLACE INTO city(region_id, name) values (121, 'Lech');
REPLACE INTO city(region_id, name) values (121, 'Mellau');
REPLACE INTO city(region_id, name) values (131, 'Ajios Nikolaos');
REPLACE INTO city(region_id, name) values (131, 'Beishti');
REPLACE INTO city(region_id, name) values (131, 'Suka');
REPLACE INTO city(region_id, name) values (142, 'Canillo');
REPLACE INTO city(region_id, name) values (149, 'Бастер');
REPLACE INTO city(region_id, name) values (149, 'Бриджтаун');
REPLACE INTO city(region_id, name) values (149, 'Кастри');
REPLACE INTO city(region_id, name) values (149, 'Кингстаун');
REPLACE INTO city(region_id, name) values (149, 'Розо');
REPLACE INTO city(region_id, name) values (149, 'Сан-Хуан');
REPLACE INTO city(region_id, name) values (149, 'Сент-Джонс');
REPLACE INTO city(region_id, name) values (149, 'Сент-Джорджес');
REPLACE INTO region(id, country_id, name) values (150, 12, 'Виллемстад');
REPLACE INTO city(region_id, name) values (12, 'Алексеевская');
REPLACE INTO city(region_id, name) values (12, 'Алущевск');
REPLACE INTO city(region_id, name) values (12, 'Быково (Волгоградская обл.)');
REPLACE INTO city(region_id, name) values (12, 'Волгоград');
REPLACE INTO city(region_id, name) values (12, 'Волжский (Волгоградская обл.)');
REPLACE INTO city(region_id, name) values (12, 'Городище (Волгоградская обл.)');
REPLACE INTO city(region_id, name) values (12, 'Дубовка (Волгоградская обл.)');
REPLACE INTO city(region_id, name) values (12, 'Елань');
REPLACE INTO city(region_id, name) values (12, 'Жирновск');
REPLACE INTO city(region_id, name) values (12, 'Иловля');
REPLACE INTO city(region_id, name) values (12, 'Калач-на-Дону');
REPLACE INTO city(region_id, name) values (12, 'Камышин');
REPLACE INTO city(region_id, name) values (12, 'Кириллов');
REPLACE INTO city(region_id, name) values (12, 'Клетский');
REPLACE INTO city(region_id, name) values (12, 'Котельниково');
REPLACE INTO city(region_id, name) values (12, 'Котово');
REPLACE INTO city(region_id, name) values (12, 'Кумылженская');
REPLACE INTO city(region_id, name) values (12, 'Ленинск');
REPLACE INTO city(region_id, name) values (12, 'Михайловка');
REPLACE INTO city(region_id, name) values (12, 'Нехаевский');
REPLACE INTO city(region_id, name) values (12, 'Николаевск');
REPLACE INTO city(region_id, name) values (12, 'Новоаннинский');
REPLACE INTO city(region_id, name) values (12, 'Новониколаевский');
REPLACE INTO city(region_id, name) values (12, 'Ольховка');
REPLACE INTO city(region_id, name) values (12, 'Палласовка (Волгоградская обл.)');
REPLACE INTO city(region_id, name) values (12, 'Рудня (Волгоградская обл.)');
REPLACE INTO city(region_id, name) values (12, 'Светлый Яр');
REPLACE INTO city(region_id, name) values (12, 'Серафимович');
REPLACE INTO city(region_id, name) values (12, 'Средняя Ахтуба');
REPLACE INTO city(region_id, name) values (12, 'Сталинград');
REPLACE INTO city(region_id, name) values (12, 'Старая Полтавка');
REPLACE INTO city(region_id, name) values (12, 'Суровикино');
REPLACE INTO city(region_id, name) values (12, 'Урюпинск');
REPLACE INTO city(region_id, name) values (12, 'Фролово');
REPLACE INTO city(region_id, name) values (12, 'Чернышковский');
REPLACE INTO city(region_id, name) values (89, 'Алексадровск');
REPLACE INTO city(region_id, name) values (89, 'Алчевск');
REPLACE INTO city(region_id, name) values (89, 'Антрацит');
REPLACE INTO city(region_id, name) values (89, 'Артемовск');
REPLACE INTO city(region_id, name) values (89, 'Байрачки');
REPLACE INTO city(region_id, name) values (89, 'Беловодск');
REPLACE INTO city(region_id, name) values (89, 'Белое');
REPLACE INTO city(region_id, name) values (89, 'Белокуракино');
REPLACE INTO city(region_id, name) values (89, 'Белолуцк');
REPLACE INTO city(region_id, name) values (89, 'Бирюково');
REPLACE INTO city(region_id, name) values (89, 'Боково-Платово');
REPLACE INTO city(region_id, name) values (89, 'Боровское');
REPLACE INTO city(region_id, name) values (89, 'Брянка');
REPLACE INTO city(region_id, name) values (89, 'Бугаевка');
REPLACE INTO city(region_id, name) values (89, 'Вахрушево');
REPLACE INTO city(region_id, name) values (89, 'Великий Лог');
REPLACE INTO city(region_id, name) values (89, 'Вергулевка');
REPLACE INTO city(region_id, name) values (89, 'Володарск');
REPLACE INTO city(region_id, name) values (89, 'Волчеяровка');
REPLACE INTO city(region_id, name) values (89, 'Ворошиловград');
REPLACE INTO city(region_id, name) values (89, 'Врубовка');
REPLACE INTO city(region_id, name) values (89, 'Врубовский');
REPLACE INTO city(region_id, name) values (89, 'Георгиевка');
REPLACE INTO city(region_id, name) values (89, 'Горское');
REPLACE INTO city(region_id, name) values (89, 'Есауловка');
REPLACE INTO city(region_id, name) values (89, 'Зимогорье');
REPLACE INTO city(region_id, name) values (89, 'Золотое');
REPLACE INTO city(region_id, name) values (89, 'Зоринск');
REPLACE INTO city(region_id, name) values (89, 'Изварино');
REPLACE INTO city(region_id, name) values (89, 'Калиново');
REPLACE INTO city(region_id, name) values (89, 'Кировск');
REPLACE INTO city(region_id, name) values (89, 'Коммунарск');
REPLACE INTO city(region_id, name) values (89, 'Краснодон');
REPLACE INTO city(region_id, name) values (89, 'Красный Луч');
REPLACE INTO city(region_id, name) values (89, 'Кременная');
REPLACE INTO city(region_id, name) values (89, 'Лисичанск');
REPLACE INTO city(region_id, name) values (89, 'Луганск');
REPLACE INTO city(region_id, name) values (89, 'Лутугино');
REPLACE INTO city(region_id, name) values (89, 'Марковка');
REPLACE INTO city(region_id, name) values (89, 'Меловое');
REPLACE INTO city(region_id, name) values (89, 'Молодогвардейск');
REPLACE INTO city(region_id, name) values (89, 'Новоайдар');
REPLACE INTO city(region_id, name) values (89, 'Новопсков');
REPLACE INTO city(region_id, name) values (89, 'Первомайск');
REPLACE INTO city(region_id, name) values (89, 'Перевальск');
REPLACE INTO city(region_id, name) values (89, 'Попасная');
REPLACE INTO city(region_id, name) values (89, 'Ровеньки');
REPLACE INTO city(region_id, name) values (89, 'Рубежное');
REPLACE INTO city(region_id, name) values (89, 'Сватово');
REPLACE INTO city(region_id, name) values (89, 'Свердловск');
REPLACE INTO city(region_id, name) values (89, 'Северодонецк');
REPLACE INTO city(region_id, name) values (89, 'Славяносербск');
REPLACE INTO city(region_id, name) values (89, 'Станично-Луганское');
REPLACE INTO city(region_id, name) values (89, 'Старобельск');
REPLACE INTO city(region_id, name) values (89, 'Стаханов');
REPLACE INTO city(region_id, name) values (89, 'Счастье');
REPLACE INTO city(region_id, name) values (89, 'Троицкое');
REPLACE INTO city(region_id, name) values (122, 'Wien');
REPLACE INTO city(region_id, name) values (132, 'Alemas');
REPLACE INTO city(region_id, name) values (132, 'Ano Selce');
REPLACE INTO city(region_id, name) values (132, 'Bar');
REPLACE INTO city(region_id, name) values (143, 'Encamp');
REPLACE INTO city(region_id, name) values (150, 'Виллемстад');
REPLACE INTO region(id, country_id, name) values (151, 13, 'Buenos Aires');
REPLACE INTO region(id, country_id, name) values (152, 13, 'Catamarca');
REPLACE INTO region(id, country_id, name) values (153, 13, 'Chaco');
REPLACE INTO region(id, country_id, name) values (154, 13, 'Chubut');
REPLACE INTO region(id, country_id, name) values (155, 13, 'Crdoba');
REPLACE INTO region(id, country_id, name) values (156, 13, 'Corrientes');
REPLACE INTO region(id, country_id, name) values (157, 13, 'Distrito Federal');
REPLACE INTO region(id, country_id, name) values (158, 13, 'Entre Ros');
REPLACE INTO region(id, country_id, name) values (159, 13, 'Formosa');
REPLACE INTO region(id, country_id, name) values (160, 13, 'Jujuy');
REPLACE INTO region(id, country_id, name) values (161, 13, 'La Pampa');
REPLACE INTO region(id, country_id, name) values (162, 13, 'La Rioja');
REPLACE INTO region(id, country_id, name) values (163, 13, 'Mendoza');
REPLACE INTO region(id, country_id, name) values (164, 13, 'Misiones');
REPLACE INTO region(id, country_id, name) values (165, 13, 'Neuqun');
REPLACE INTO region(id, country_id, name) values (166, 13, 'Ro Negro');
REPLACE INTO region(id, country_id, name) values (167, 13, 'Salta');
REPLACE INTO region(id, country_id, name) values (168, 13, 'San Juan');
REPLACE INTO region(id, country_id, name) values (169, 13, 'San Luis');
REPLACE INTO region(id, country_id, name) values (170, 13, 'Santa Cruz');
REPLACE INTO region(id, country_id, name) values (171, 13, 'Santa Fe');
REPLACE INTO region(id, country_id, name) values (172, 13, 'Santiago del Estero');
REPLACE INTO region(id, country_id, name) values (173, 13, 'Tierra del Fuego');
REPLACE INTO region(id, country_id, name) values (174, 13, 'Tucumn');
REPLACE INTO city(region_id, name) values (13, 'Бабаево');
REPLACE INTO city(region_id, name) values (13, 'Белозерск');
REPLACE INTO city(region_id, name) values (13, 'Великий Устюг');
REPLACE INTO city(region_id, name) values (13, 'Верховажье');
REPLACE INTO city(region_id, name) values (13, 'Вожега');
REPLACE INTO city(region_id, name) values (13, 'Вологда');
REPLACE INTO city(region_id, name) values (13, 'Вохтога');
REPLACE INTO city(region_id, name) values (13, 'Вытегра');
REPLACE INTO city(region_id, name) values (13, 'Грязовец');
REPLACE INTO city(region_id, name) values (13, 'Кадников');
REPLACE INTO city(region_id, name) values (13, 'Кадуй');
REPLACE INTO city(region_id, name) values (13, 'Кириллов');
REPLACE INTO city(region_id, name) values (13, 'Кичменгский Городок');
REPLACE INTO city(region_id, name) values (13, 'Липин Бор');
REPLACE INTO city(region_id, name) values (13, 'Никольск');
REPLACE INTO city(region_id, name) values (13, 'Нюксеница');
REPLACE INTO city(region_id, name) values (13, 'Сокол');
REPLACE INTO city(region_id, name) values (13, 'Сямжа');
REPLACE INTO city(region_id, name) values (13, 'Тарногский Городок');
REPLACE INTO city(region_id, name) values (13, 'Тотьма');
REPLACE INTO city(region_id, name) values (13, 'Устюжна');
REPLACE INTO city(region_id, name) values (13, 'Харовск');
REPLACE INTO city(region_id, name) values (13, 'Чагода');
REPLACE INTO city(region_id, name) values (13, 'Череповец');
REPLACE INTO city(region_id, name) values (13, 'Шексна');
REPLACE INTO city(region_id, name) values (13, 'Шуйское');
REPLACE INTO city(region_id, name) values (90, 'Белз');
REPLACE INTO city(region_id, name) values (90, 'Бобрка');
REPLACE INTO city(region_id, name) values (90, 'Борислав');
REPLACE INTO city(region_id, name) values (90, 'Броды');
REPLACE INTO city(region_id, name) values (90, 'Буск');
REPLACE INTO city(region_id, name) values (90, 'Великие Мосты');
REPLACE INTO city(region_id, name) values (90, 'Верхнее Синевидное');
REPLACE INTO city(region_id, name) values (90, 'Винники');
REPLACE INTO city(region_id, name) values (90, 'Глиняны');
REPLACE INTO city(region_id, name) values (90, 'Горняк');
REPLACE INTO city(region_id, name) values (90, 'Дашава');
REPLACE INTO city(region_id, name) values (90, 'Добротвор');
REPLACE INTO city(region_id, name) values (90, 'Дрогобыч');
REPLACE INTO city(region_id, name) values (90, 'Жидачов');
REPLACE INTO city(region_id, name) values (90, 'Жовква');
REPLACE INTO city(region_id, name) values (90, 'Золочев');
REPLACE INTO city(region_id, name) values (90, 'Ивано-Франково');
REPLACE INTO city(region_id, name) values (90, 'Каменка-Бугская');
REPLACE INTO city(region_id, name) values (90, 'Красне');
REPLACE INTO city(region_id, name) values (90, 'Львов');
REPLACE INTO city(region_id, name) values (90, 'Моршин');
REPLACE INTO city(region_id, name) values (90, 'Мостиска');
REPLACE INTO city(region_id, name) values (90, 'Нестеров');
REPLACE INTO city(region_id, name) values (90, 'Николаев');
REPLACE INTO city(region_id, name) values (90, 'Новый Роздил');
REPLACE INTO city(region_id, name) values (90, 'Перемышляны');
REPLACE INTO city(region_id, name) values (90, 'Пустомыты');
REPLACE INTO city(region_id, name) values (90, 'Рава Русская');
REPLACE INTO city(region_id, name) values (90, 'Радехов');
REPLACE INTO city(region_id, name) values (90, 'Самбор');
REPLACE INTO city(region_id, name) values (90, 'Сколе');
REPLACE INTO city(region_id, name) values (90, 'Сокаль');
REPLACE INTO city(region_id, name) values (90, 'Старый Самбор');
REPLACE INTO city(region_id, name) values (90, 'Стрый');
REPLACE INTO city(region_id, name) values (90, 'Трускавец');
REPLACE INTO city(region_id, name) values (90, 'Турка');
REPLACE INTO city(region_id, name) values (90, 'Червоноград');
REPLACE INTO city(region_id, name) values (90, 'Яворов');
REPLACE INTO city(region_id, name) values (133, 'Arn');
REPLACE INTO city(region_id, name) values (133, 'Arrza');
REPLACE INTO city(region_id, name) values (133, 'Bajani');
REPLACE INTO city(region_id, name) values (144, 'Escaldes');
REPLACE INTO city(region_id, name) values (144, 'Las Escadas');
REPLACE INTO city(region_id, name) values (144, 'Les Escaldes');
REPLACE INTO city(region_id, name) values (151, '12 de Agosto');
REPLACE INTO city(region_id, name) values (151, '16 de Julio');
REPLACE INTO city(region_id, name) values (151, '17 de Agosto');
REPLACE INTO city(region_id, name) values (151, '24 de Febrero');
REPLACE INTO city(region_id, name) values (151, '25 de Mayo');
REPLACE INTO city(region_id, name) values (151, '30 de Agosto');
REPLACE INTO city(region_id, name) values (151, '9 de Julio');
REPLACE INTO city(region_id, name) values (151, 'A. Brown');
REPLACE INTO city(region_id, name) values (151, 'A. Carboni');
REPLACE INTO city(region_id, name) values (151, 'A. Corti');
REPLACE INTO city(region_id, name) values (151, 'A. de la Cruz');
REPLACE INTO city(region_id, name) values (151, 'A. de Toledo');
REPLACE INTO city(region_id, name) values (151, 'A. Gascn');
REPLACE INTO city(region_id, name) values (151, 'A. Roca');
REPLACE INTO city(region_id, name) values (151, 'Abasto');
REPLACE INTO city(region_id, name) values (151, 'Abel');
REPLACE INTO city(region_id, name) values (151, 'Acassuso');
REPLACE INTO city(region_id, name) values (151, 'Acevedo');
REPLACE INTO city(region_id, name) values (151, 'Adolfo Alsina');
REPLACE INTO city(region_id, name) values (151, 'Agote');
REPLACE INTO city(region_id, name) values (151, 'lamos');
REPLACE INTO city(region_id, name) values (151, 'Aldea Romana');
REPLACE INTO city(region_id, name) values (151, 'Alegre');
REPLACE INTO city(region_id, name) values (151, 'Almirante Brown');
REPLACE INTO city(region_id, name) values (151, 'Aragn');
REPLACE INTO city(region_id, name) values (151, 'Arenales');
REPLACE INTO city(region_id, name) values (151, 'Atalaya');
REPLACE INTO city(region_id, name) values (151, 'Avellaneda');
REPLACE INTO city(region_id, name) values (151, 'Baha Blanca');
REPLACE INTO city(region_id, name) values (151, 'Ballester');
REPLACE INTO city(region_id, name) values (151, 'Balneario Pinamar');
REPLACE INTO city(region_id, name) values (151, 'Balneario Santa Teresa');
REPLACE INTO city(region_id, name) values (151, 'Balneario Sauce Grande');
REPLACE INTO city(region_id, name) values (151, 'Baradero');
REPLACE INTO city(region_id, name) values (151, 'Bariloche');
REPLACE INTO city(region_id, name) values (151, 'Beln de Escobar');
REPLACE INTO city(region_id, name) values (151, 'Bordenave');
REPLACE INTO city(region_id, name) values (151, 'Buena Vista');
REPLACE INTO city(region_id, name) values (151, 'Cabildo');
REPLACE INTO city(region_id, name) values (151, 'Cangallo');
REPLACE INTO city(region_id, name) values (151, 'Caseros');
REPLACE INTO city(region_id, name) values (151, 'Ciudadela');
REPLACE INTO city(region_id, name) values (151, 'Delgado');
REPLACE INTO city(region_id, name) values (151, 'Diamante');
REPLACE INTO city(region_id, name) values (151, 'Ensenada');
REPLACE INTO city(region_id, name) values (151, 'General Rodrguez');
REPLACE INTO city(region_id, name) values (151, 'Ingeniero Maschwitz');
REPLACE INTO city(region_id, name) values (151, 'Jos L. Surez');
REPLACE INTO city(region_id, name) values (151, 'Juan Jos Paso');
REPLACE INTO city(region_id, name) values (151, 'Krabb');
REPLACE INTO city(region_id, name) values (151, 'La Plata');
REPLACE INTO city(region_id, name) values (151, 'Lans');
REPLACE INTO city(region_id, name) values (151, 'Lezama');
REPLACE INTO city(region_id, name) values (151, 'Lincoln');
REPLACE INTO city(region_id, name) values (151, 'Llavallol');
REPLACE INTO city(region_id, name) values (151, 'Los Indios');
REPLACE INTO city(region_id, name) values (151, 'Manzone');
REPLACE INTO city(region_id, name) values (151, 'Mar Chiquita');
REPLACE INTO city(region_id, name) values (151, 'Mar de Plata');
REPLACE INTO city(region_id, name) values (151, 'Mar del Plata');
REPLACE INTO city(region_id, name) values (151, 'Marcos Paz');
REPLACE INTO city(region_id, name) values (151, 'Mariano Acosta');
REPLACE INTO city(region_id, name) values (151, 'Marucha');
REPLACE INTO city(region_id, name) values (151, 'Mercedes');
REPLACE INTO city(region_id, name) values (151, 'Monte Grande');
REPLACE INTO city(region_id, name) values (151, 'Morn');
REPLACE INTO city(region_id, name) values (151, 'Olivos');
REPLACE INTO city(region_id, name) values (151, 'Palemn Huergo');
REPLACE INTO city(region_id, name) values (151, 'Primera Junta');
REPLACE INTO city(region_id, name) values (151, 'Punta Alta');
REPLACE INTO city(region_id, name) values (151, 'Ramos Meja');
REPLACE INTO city(region_id, name) values (151, 'Rivadavia');
REPLACE INTO city(region_id, name) values (151, 'San Martn');
REPLACE INTO city(region_id, name) values (151, 'San Miguel');
REPLACE INTO city(region_id, name) values (151, 'San Vicente');
REPLACE INTO city(region_id, name) values (151, 'Tandil');
REPLACE INTO city(region_id, name) values (151, 'Temperley');
REPLACE INTO city(region_id, name) values (151, 'Tigre');
REPLACE INTO city(region_id, name) values (151, 'Trenque Lauquen');
REPLACE INTO city(region_id, name) values (151, 'Tres Arroyos');
REPLACE INTO city(region_id, name) values (151, 'V. Lpez');
REPLACE INTO city(region_id, name) values (151, 'Vicente Lpez');
REPLACE INTO city(region_id, name) values (151, 'Villa Ballester');
REPLACE INTO city(region_id, name) values (151, 'Villa General Savio');
REPLACE INTO city(region_id, name) values (151, 'Wilde');
REPLACE INTO region(id, country_id, name) values (175, 14, 'Aragatsotn');
REPLACE INTO region(id, country_id, name) values (176, 14, 'Ararat');
REPLACE INTO region(id, country_id, name) values (177, 14, 'Armavir');
REPLACE INTO region(id, country_id, name) values (178, 14, 'Geghark''''unik''''');
REPLACE INTO region(id, country_id, name) values (179, 14, 'Kotayk''''');
REPLACE INTO region(id, country_id, name) values (180, 14, 'Lorri');
REPLACE INTO region(id, country_id, name) values (181, 14, 'None');
REPLACE INTO region(id, country_id, name) values (182, 14, 'Shirak');
REPLACE INTO region(id, country_id, name) values (183, 14, 'Syunik''''');
REPLACE INTO region(id, country_id, name) values (184, 14, 'Tavush');
REPLACE INTO region(id, country_id, name) values (185, 14, 'Vayots'''' Dzor');
REPLACE INTO region(id, country_id, name) values (186, 14, 'Yerevan');
REPLACE INTO city(region_id, name) values (14, 'Калач');
REPLACE INTO city(region_id, name) values (14, 'Анна');
REPLACE INTO city(region_id, name) values (14, 'Бобров');
REPLACE INTO city(region_id, name) values (14, 'Богучар');
REPLACE INTO city(region_id, name) values (14, 'Борисоглебск');
REPLACE INTO city(region_id, name) values (14, 'Бутурлиновка');
REPLACE INTO city(region_id, name) values (14, 'Верхний Мамон');
REPLACE INTO city(region_id, name) values (14, 'Верхняя Хава');
REPLACE INTO city(region_id, name) values (14, 'Воробьевка');
REPLACE INTO city(region_id, name) values (14, 'Воронеж');
REPLACE INTO city(region_id, name) values (14, 'Грибановский');
REPLACE INTO city(region_id, name) values (14, 'Давыдовка');
REPLACE INTO city(region_id, name) values (14, 'Елань-Коленовский');
REPLACE INTO city(region_id, name) values (14, 'Кантемировка');
REPLACE INTO city(region_id, name) values (14, 'Лиски (Воронежская обл.)');
REPLACE INTO city(region_id, name) values (14, 'Нижнедевицк');
REPLACE INTO city(region_id, name) values (14, 'Новая Усмань');
REPLACE INTO city(region_id, name) values (14, 'Нововоронеж');
REPLACE INTO city(region_id, name) values (14, 'Новохоперск');
REPLACE INTO city(region_id, name) values (14, 'Ольховатка');
REPLACE INTO city(region_id, name) values (14, 'Острогожск');
REPLACE INTO city(region_id, name) values (14, 'Павловск (Воронежская обл.)');
REPLACE INTO city(region_id, name) values (14, 'Панино');
REPLACE INTO city(region_id, name) values (14, 'Петропавловка');
REPLACE INTO city(region_id, name) values (14, 'Поворино');
REPLACE INTO city(region_id, name) values (14, 'Подгоренский');
REPLACE INTO city(region_id, name) values (14, 'Рамонь');
REPLACE INTO city(region_id, name) values (14, 'Репьевка');
REPLACE INTO city(region_id, name) values (14, 'Россошь');
REPLACE INTO city(region_id, name) values (14, 'Семилуки');
REPLACE INTO city(region_id, name) values (14, 'Таловая');
REPLACE INTO city(region_id, name) values (14, 'Терновка');
REPLACE INTO city(region_id, name) values (14, 'Хохольский');
REPLACE INTO city(region_id, name) values (14, 'Эртиль');
REPLACE INTO city(region_id, name) values (91, 'Александровка');
REPLACE INTO city(region_id, name) values (91, 'Арбузинка');
REPLACE INTO city(region_id, name) values (91, 'Баштанка');
REPLACE INTO city(region_id, name) values (91, 'Березнеговатое');
REPLACE INTO city(region_id, name) values (91, 'Братское');
REPLACE INTO city(region_id, name) values (91, 'Великая Корениха');
REPLACE INTO city(region_id, name) values (91, 'Веселиново');
REPLACE INTO city(region_id, name) values (91, 'Вознесенск');
REPLACE INTO city(region_id, name) values (91, 'Доманевка');
REPLACE INTO city(region_id, name) values (91, 'Еланец');
REPLACE INTO city(region_id, name) values (91, 'Казанка');
REPLACE INTO city(region_id, name) values (91, 'Коблево');
REPLACE INTO city(region_id, name) values (91, 'Кривое Озеро');
REPLACE INTO city(region_id, name) values (91, 'Николаев');
REPLACE INTO city(region_id, name) values (91, 'Новая Одесса');
REPLACE INTO city(region_id, name) values (91, 'Новый Буг');
REPLACE INTO city(region_id, name) values (91, 'Очаков');
REPLACE INTO city(region_id, name) values (91, 'Первомайск');
REPLACE INTO city(region_id, name) values (91, 'Снигиревка');
REPLACE INTO city(region_id, name) values (91, 'Южноукраинск');
REPLACE INTO city(region_id, name) values (134, 'Goxhaj');
REPLACE INTO city(region_id, name) values (145, 'La Maana');
REPLACE INTO city(region_id, name) values (145, 'La Massana');
REPLACE INTO city(region_id, name) values (152, 'Adolfo E. Carranza');
REPLACE INTO city(region_id, name) values (152, 'Majada');
REPLACE INTO city(region_id, name) values (152, 'San Fernando del Valle de Catamarca');
REPLACE INTO city(region_id, name) values (152, 'Tinogasta');
REPLACE INTO city(region_id, name) values (175, 'Abaran');
REPLACE INTO city(region_id, name) values (175, 'Achtarak');
REPLACE INTO city(region_id, name) values (175, 'Agarak');
REPLACE INTO city(region_id, name) values (175, 'Aghts''''k''''');
REPLACE INTO city(region_id, name) values (175, 'Alagyaz');
REPLACE INTO city(region_id, name) values (175, 'Aparan');
REPLACE INTO city(region_id, name) values (175, 'Aragats');
REPLACE INTO city(region_id, name) values (175, 'Aragatsotn');
REPLACE INTO city(region_id, name) values (175, 'Ashtarak');
REPLACE INTO city(region_id, name) values (175, 'Dzhamushlu');
REPLACE INTO city(region_id, name) values (175, 'Oganavan');
REPLACE INTO city(region_id, name) values (175, 'Persi');
REPLACE INTO city(region_id, name) values (175, 'Talin');
REPLACE INTO city(region_id, name) values (175, 'Ujan');
REPLACE INTO city(region_id, name) values (175, 'Yerindzhatap');
REPLACE INTO region(id, country_id, name) values (187, 15, 'Арулько');
REPLACE INTO city(region_id, name) values (15, 'Агвали');
REPLACE INTO city(region_id, name) values (15, 'Акуша');
REPLACE INTO city(region_id, name) values (15, 'Ахты');
REPLACE INTO city(region_id, name) values (15, 'Ачису');
REPLACE INTO city(region_id, name) values (15, 'Бабаюрт');
REPLACE INTO city(region_id, name) values (15, 'Бежта');
REPLACE INTO city(region_id, name) values (15, 'Ботлих');
REPLACE INTO city(region_id, name) values (15, 'Буйнакск');
REPLACE INTO city(region_id, name) values (15, 'Вачи');
REPLACE INTO city(region_id, name) values (15, 'Гергебиль');
REPLACE INTO city(region_id, name) values (15, 'Гуниб');
REPLACE INTO city(region_id, name) values (15, 'Дагестанские Огни');
REPLACE INTO city(region_id, name) values (15, 'Дербент');
REPLACE INTO city(region_id, name) values (15, 'Дылым');
REPLACE INTO city(region_id, name) values (15, 'Ершовка');
REPLACE INTO city(region_id, name) values (15, 'Избербаш');
REPLACE INTO city(region_id, name) values (15, 'Карабудахкент');
REPLACE INTO city(region_id, name) values (15, 'Карата');
REPLACE INTO city(region_id, name) values (15, 'Каспийск');
REPLACE INTO city(region_id, name) values (15, 'Касумкент');
REPLACE INTO city(region_id, name) values (15, 'Кизилюрт');
REPLACE INTO city(region_id, name) values (15, 'Кизляр');
REPLACE INTO city(region_id, name) values (15, 'Кочубей');
REPLACE INTO city(region_id, name) values (15, 'Кумух');
REPLACE INTO city(region_id, name) values (15, 'Курах');
REPLACE INTO city(region_id, name) values (15, 'Магарамкент');
REPLACE INTO city(region_id, name) values (15, 'Маджалис');
REPLACE INTO city(region_id, name) values (15, 'Махачкала');
REPLACE INTO city(region_id, name) values (15, 'Мехельта');
REPLACE INTO city(region_id, name) values (15, 'Новолакское');
REPLACE INTO city(region_id, name) values (15, 'Рутул');
REPLACE INTO city(region_id, name) values (15, 'Советское (Дагестан)');
REPLACE INTO city(region_id, name) values (15, 'Тарумовка');
REPLACE INTO city(region_id, name) values (15, 'Терекли-Мектеб');
REPLACE INTO city(region_id, name) values (15, 'Тлярата');
REPLACE INTO city(region_id, name) values (15, 'Тпиг');
REPLACE INTO city(region_id, name) values (15, 'Унцукуль');
REPLACE INTO city(region_id, name) values (15, 'Уркарах');
REPLACE INTO city(region_id, name) values (15, 'Хасавюрт');
REPLACE INTO city(region_id, name) values (15, 'Хив');
REPLACE INTO city(region_id, name) values (15, 'Хунзах');
REPLACE INTO city(region_id, name) values (15, 'Цуриб');
REPLACE INTO city(region_id, name) values (15, 'Южно-Сухокумск');
REPLACE INTO city(region_id, name) values (92, 'Аккерман');
REPLACE INTO city(region_id, name) values (92, 'Ананьев');
REPLACE INTO city(region_id, name) values (92, 'Арциз');
REPLACE INTO city(region_id, name) values (92, 'Балта');
REPLACE INTO city(region_id, name) values (92, 'Белгород-Днестровский');
REPLACE INTO city(region_id, name) values (92, 'Беляевка');
REPLACE INTO city(region_id, name) values (92, 'Березино');
REPLACE INTO city(region_id, name) values (92, 'Березовка');
REPLACE INTO city(region_id, name) values (92, 'Болград');
REPLACE INTO city(region_id, name) values (92, 'Бородино');
REPLACE INTO city(region_id, name) values (92, 'Великая Михайловка');
REPLACE INTO city(region_id, name) values (92, 'Великодолининское');
REPLACE INTO city(region_id, name) values (92, 'Вилково');
REPLACE INTO city(region_id, name) values (92, 'Затишье');
REPLACE INTO city(region_id, name) values (92, 'Измаил');
REPLACE INTO city(region_id, name) values (92, 'Ильичевск');
REPLACE INTO city(region_id, name) values (92, 'Килия');
REPLACE INTO city(region_id, name) values (92, 'Кодыма');
REPLACE INTO city(region_id, name) values (92, 'Коминтерновское');
REPLACE INTO city(region_id, name) values (92, 'Котовск');
REPLACE INTO city(region_id, name) values (92, 'Красные Окны');
REPLACE INTO city(region_id, name) values (92, 'Любашевка');
REPLACE INTO city(region_id, name) values (92, 'Николаевка');
REPLACE INTO city(region_id, name) values (92, 'Овидиополь');
REPLACE INTO city(region_id, name) values (92, 'Одесса');
REPLACE INTO city(region_id, name) values (92, 'Раздельная');
REPLACE INTO city(region_id, name) values (92, 'Рени');
REPLACE INTO city(region_id, name) values (92, 'Саврань');
REPLACE INTO city(region_id, name) values (92, 'Сарата');
REPLACE INTO city(region_id, name) values (92, 'Тарутино');
REPLACE INTO city(region_id, name) values (92, 'Татарбунары');
REPLACE INTO city(region_id, name) values (92, 'Теплодар');
REPLACE INTO city(region_id, name) values (92, 'Фрунзовка');
REPLACE INTO city(region_id, name) values (92, 'Ширяево');
REPLACE INTO city(region_id, name) values (92, 'Южный');
REPLACE INTO city(region_id, name) values (135, 'Apripa e Parava');
REPLACE INTO city(region_id, name) values (135, 'Boboti');
REPLACE INTO city(region_id, name) values (135, 'Dobre');
REPLACE INTO city(region_id, name) values (146, 'Biisarri');
REPLACE INTO city(region_id, name) values (146, 'El Pui');
REPLACE INTO city(region_id, name) values (146, 'Erez');
REPLACE INTO city(region_id, name) values (146, 'Juberri');
REPLACE INTO city(region_id, name) values (146, 'Pas de la Casa');
REPLACE INTO city(region_id, name) values (146, 'Vila');
REPLACE INTO city(region_id, name) values (153, 'Basail');
REPLACE INTO city(region_id, name) values (153, 'Charatas');
REPLACE INTO city(region_id, name) values (153, 'Loma Florida');
REPLACE INTO city(region_id, name) values (153, 'Presidente Roque Senz Pea');
REPLACE INTO city(region_id, name) values (153, 'Resistencia');
REPLACE INTO city(region_id, name) values (176, 'Ablkend');
REPLACE INTO city(region_id, name) values (176, 'Abovyan');
REPLACE INTO city(region_id, name) values (176, 'Agbash');
REPLACE INTO city(region_id, name) values (176, 'Aralek');
REPLACE INTO city(region_id, name) values (176, 'Ararat');
REPLACE INTO city(region_id, name) values (176, 'Arevshat');
REPLACE INTO city(region_id, name) values (176, 'Artashat');
REPLACE INTO city(region_id, name) values (176, 'Dimitrov');
REPLACE INTO city(region_id, name) values (176, 'Dvin Armyanskiy');
REPLACE INTO city(region_id, name) values (176, 'Kakhtsrashen');
REPLACE INTO city(region_id, name) values (176, 'Masis');
REPLACE INTO city(region_id, name) values (176, 'Urts''''adzor');
REPLACE INTO city(region_id, name) values (176, 'Vedi');
REPLACE INTO city(region_id, name) values (176, 'Verin Artashat');
REPLACE INTO city(region_id, name) values (176, 'Vosketap''''');
REPLACE INTO city(region_id, name) values (176, 'Zorak');
REPLACE INTO city(region_id, name) values (187, 'Балайм');
REPLACE INTO region(id, country_id, name) values (188, 16, 'Афганистан');
REPLACE INTO city(region_id, name) values (16, 'Биробиджан');
REPLACE INTO city(region_id, name) values (93, 'Белики');
REPLACE INTO city(region_id, name) values (93, 'Великая Багачка');
REPLACE INTO city(region_id, name) values (93, 'Гадяч');
REPLACE INTO city(region_id, name) values (93, 'Глобино');
REPLACE INTO city(region_id, name) values (93, 'Гоголево');
REPLACE INTO city(region_id, name) values (93, 'Градижск');
REPLACE INTO city(region_id, name) values (93, 'Гребенка');
REPLACE INTO city(region_id, name) values (93, 'Диканька');
REPLACE INTO city(region_id, name) values (93, 'Зеньков');
REPLACE INTO city(region_id, name) values (93, 'Карловка');
REPLACE INTO city(region_id, name) values (93, 'Кобеляки');
REPLACE INTO city(region_id, name) values (93, 'Козельщина');
REPLACE INTO city(region_id, name) values (93, 'Комсомольск');
REPLACE INTO city(region_id, name) values (93, 'Котельва');
REPLACE INTO city(region_id, name) values (93, 'Кременчуг');
REPLACE INTO city(region_id, name) values (93, 'Лохвица');
REPLACE INTO city(region_id, name) values (93, 'Лубны');
REPLACE INTO city(region_id, name) values (93, 'Машевка');
REPLACE INTO city(region_id, name) values (93, 'Миргород');
REPLACE INTO city(region_id, name) values (93, 'Новые Санжары');
REPLACE INTO city(region_id, name) values (93, 'Оржица');
REPLACE INTO city(region_id, name) values (93, 'Пирянтин');
REPLACE INTO city(region_id, name) values (93, 'Пирятин');
REPLACE INTO city(region_id, name) values (93, 'Полтава');
REPLACE INTO city(region_id, name) values (93, 'Решетиловка');
REPLACE INTO city(region_id, name) values (93, 'Семеновка');
REPLACE INTO city(region_id, name) values (93, 'Хорол');
REPLACE INTO city(region_id, name) values (93, 'Чернухи');
REPLACE INTO city(region_id, name) values (93, 'Чутово');
REPLACE INTO city(region_id, name) values (93, 'Шишаки');
REPLACE INTO city(region_id, name) values (136, 'Ahmedaj');
REPLACE INTO city(region_id, name) values (136, 'Arban');
REPLACE INTO city(region_id, name) values (136, 'Tirana');
REPLACE INTO city(region_id, name) values (136, 'Tiran');
REPLACE INTO city(region_id, name) values (136, 'Tyranna');
REPLACE INTO city(region_id, name) values (136, 'Zalli i Herit');
REPLACE INTO city(region_id, name) values (147, 'Ordino');
REPLACE INTO city(region_id, name) values (154, 'Puelo');
REPLACE INTO city(region_id, name) values (154, 'Rada Tilly');
REPLACE INTO city(region_id, name) values (154, 'Rawson');
REPLACE INTO city(region_id, name) values (177, 'Agdzharkh');
REPLACE INTO city(region_id, name) values (177, 'Aknalich');
REPLACE INTO city(region_id, name) values (177, 'Amasiya');
REPLACE INTO city(region_id, name) values (177, 'Apaga');
REPLACE INTO city(region_id, name) values (177, 'Arevik');
REPLACE INTO city(region_id, name) values (177, 'Argavand');
REPLACE INTO city(region_id, name) values (177, 'Armavir');
REPLACE INTO city(region_id, name) values (177, 'Armutlu');
REPLACE INTO city(region_id, name) values (177, 'Aygek');
REPLACE INTO city(region_id, name) values (177, 'Aygeshat');
REPLACE INTO city(region_id, name) values (177, 'Bambakashat');
REPLACE INTO city(region_id, name) values (177, 'Echmiadzin');
REPLACE INTO city(region_id, name) values (177, 'Echmiatsin');
REPLACE INTO city(region_id, name) values (177, 'Ejmiatsin');
REPLACE INTO city(region_id, name) values (177, 'Hoktemberyan');
REPLACE INTO city(region_id, name) values (177, 'Iejmiatsin');
REPLACE INTO city(region_id, name) values (177, 'Janfida');
REPLACE INTO city(region_id, name) values (177, 'Metsamor');
REPLACE INTO city(region_id, name) values (177, 'Mrgashat');
REPLACE INTO city(region_id, name) values (177, 'Musaler');
REPLACE INTO city(region_id, name) values (177, 'Oktemberyan');
REPLACE INTO city(region_id, name) values (177, 'P''''arak''''ar');
REPLACE INTO city(region_id, name) values (177, 'Vagharshapat');
REPLACE INTO city(region_id, name) values (177, 'Zeyva');
REPLACE INTO city(region_id, name) values (188, 'Баглан');
REPLACE INTO city(region_id, name) values (188, 'Герат');
REPLACE INTO city(region_id, name) values (188, 'Кабул');
REPLACE INTO city(region_id, name) values (188, 'Кандагар');
REPLACE INTO city(region_id, name) values (188, 'Кундуз');
REPLACE INTO city(region_id, name) values (188, 'Чарикар');
REPLACE INTO region(id, country_id, name) values (189, 17, 'Багамы');
REPLACE INTO city(region_id, name) values (17, 'Архиповка');
REPLACE INTO city(region_id, name) values (17, 'Верхний Ландех');
REPLACE INTO city(region_id, name) values (17, 'Вичуга');
REPLACE INTO city(region_id, name) values (17, 'Гаврилов Посад');
REPLACE INTO city(region_id, name) values (17, 'Долматовский');
REPLACE INTO city(region_id, name) values (17, 'Дуляпино');
REPLACE INTO city(region_id, name) values (17, 'Заволжск');
REPLACE INTO city(region_id, name) values (17, 'Заречный (Ивановская обл.)');
REPLACE INTO city(region_id, name) values (17, 'Иваново');
REPLACE INTO city(region_id, name) values (17, 'Иваньковский');
REPLACE INTO city(region_id, name) values (17, 'Ильинское-Хованское');
REPLACE INTO city(region_id, name) values (17, 'Каминский');
REPLACE INTO city(region_id, name) values (17, 'Кинешма');
REPLACE INTO city(region_id, name) values (17, 'Комсомольск');
REPLACE INTO city(region_id, name) values (17, 'Кохма');
REPLACE INTO city(region_id, name) values (17, 'Лух');
REPLACE INTO city(region_id, name) values (17, 'Палех');
REPLACE INTO city(region_id, name) values (17, 'Пестяки');
REPLACE INTO city(region_id, name) values (17, 'Приволжск');
REPLACE INTO city(region_id, name) values (17, 'Пучеж');
REPLACE INTO city(region_id, name) values (17, 'Родники (Ивановская обл.)');
REPLACE INTO city(region_id, name) values (17, 'Савино');
REPLACE INTO city(region_id, name) values (17, 'Сокольское');
REPLACE INTO city(region_id, name) values (17, 'Тейково');
REPLACE INTO city(region_id, name) values (17, 'Фурманов');
REPLACE INTO city(region_id, name) values (17, 'Шуя');
REPLACE INTO city(region_id, name) values (17, 'Южа');
REPLACE INTO city(region_id, name) values (17, 'Юрьевец');
REPLACE INTO city(region_id, name) values (94, 'Владимирец');
REPLACE INTO city(region_id, name) values (94, 'Гоща');
REPLACE INTO city(region_id, name) values (94, 'Демидовка');
REPLACE INTO city(region_id, name) values (94, 'Дубно');
REPLACE INTO city(region_id, name) values (94, 'Дубровица');
REPLACE INTO city(region_id, name) values (94, 'Заречное');
REPLACE INTO city(region_id, name) values (94, 'Здолбунов');
REPLACE INTO city(region_id, name) values (94, 'Клевань');
REPLACE INTO city(region_id, name) values (94, 'Клесов');
REPLACE INTO city(region_id, name) values (94, 'Корец');
REPLACE INTO city(region_id, name) values (94, 'Костополь');
REPLACE INTO city(region_id, name) values (94, 'Кузнецовск');
REPLACE INTO city(region_id, name) values (94, 'Млинов');
REPLACE INTO city(region_id, name) values (94, 'Острог');
REPLACE INTO city(region_id, name) values (94, 'Радивилов');
REPLACE INTO city(region_id, name) values (94, 'Ровно');
REPLACE INTO city(region_id, name) values (94, 'Сарны');
REPLACE INTO city(region_id, name) values (137, 'Aliban');
REPLACE INTO city(region_id, name) values (137, 'Alicu');
REPLACE INTO city(region_id, name) values (148, 'San Juli');
REPLACE INTO city(region_id, name) values (148, 'Santa Juli de Loria');
REPLACE INTO city(region_id, name) values (155, 'Agua de Ramn');
REPLACE INTO city(region_id, name) values (155, 'Alto Cordoba');
REPLACE INTO city(region_id, name) values (155, 'Barrio Monte Grande');
REPLACE INTO city(region_id, name) values (155, 'Crdoba');
REPLACE INTO city(region_id, name) values (155, 'Jess Mara');
REPLACE INTO city(region_id, name) values (155, 'Ro Cuarto');
REPLACE INTO city(region_id, name) values (155, 'San Francisco');
REPLACE INTO city(region_id, name) values (155, 'Villa Carlos Paz');
REPLACE INTO city(region_id, name) values (178, 'Agbulalakh');
REPLACE INTO city(region_id, name) values (178, 'Agexus');
REPLACE INTO city(region_id, name) values (178, 'Akunk''''');
REPLACE INTO city(region_id, name) values (178, 'Amirkher');
REPLACE INTO city(region_id, name) values (178, 'Areguni');
REPLACE INTO city(region_id, name) values (178, 'Azat');
REPLACE INTO city(region_id, name) values (178, 'Chambarak');
REPLACE INTO city(region_id, name) values (178, 'Gavar');
REPLACE INTO city(region_id, name) values (178, 'Gavarr');
REPLACE INTO city(region_id, name) values (178, 'Kamo');
REPLACE INTO city(region_id, name) values (178, 'Krasnosel''''sk');
REPLACE INTO city(region_id, name) values (178, 'Kyavar');
REPLACE INTO city(region_id, name) values (178, 'Martuni');
REPLACE INTO city(region_id, name) values (178, 'Martuny');
REPLACE INTO city(region_id, name) values (178, 'Noraduz');
REPLACE INTO city(region_id, name) values (178, 'Norakert');
REPLACE INTO city(region_id, name) values (178, 'Noratus');
REPLACE INTO city(region_id, name) values (178, 'Sevan');
REPLACE INTO city(region_id, name) values (178, 'T''''azagyugh');
REPLACE INTO city(region_id, name) values (178, 'Vardenis');
REPLACE INTO city(region_id, name) values (178, 'Verkhnyaya Gezaldara');
REPLACE INTO city(region_id, name) values (189, 'Нассау');
REPLACE INTO region(id, country_id, name) values (190, 18, 'Бангладеш');
REPLACE INTO city(region_id, name) values (18, 'Алексеевск');
REPLACE INTO city(region_id, name) values (18, 'Алзамай');
REPLACE INTO city(region_id, name) values (18, 'Алыгжер');
REPLACE INTO city(region_id, name) values (18, 'Ангарск');
REPLACE INTO city(region_id, name) values (18, 'Артемовский (Иркутская обл.)');
REPLACE INTO city(region_id, name) values (18, 'Байкал');
REPLACE INTO city(region_id, name) values (18, 'Байкальск');
REPLACE INTO city(region_id, name) values (18, 'Балаганск');
REPLACE INTO city(region_id, name) values (18, 'Баяндай');
REPLACE INTO city(region_id, name) values (18, 'Бирюсинск');
REPLACE INTO city(region_id, name) values (18, 'Бодайбо');
REPLACE INTO city(region_id, name) values (18, 'Большая Речка');
REPLACE INTO city(region_id, name) values (18, 'Большой Луг');
REPLACE INTO city(region_id, name) values (18, 'Бохан');
REPLACE INTO city(region_id, name) values (18, 'Братск');
REPLACE INTO city(region_id, name) values (18, 'Видим');
REPLACE INTO city(region_id, name) values (18, 'Витимский');
REPLACE INTO city(region_id, name) values (18, 'Вихоревка');
REPLACE INTO city(region_id, name) values (18, 'Еланцы');
REPLACE INTO city(region_id, name) values (18, 'Ербогачен');
REPLACE INTO city(region_id, name) values (18, 'Железногорск-Илимский');
REPLACE INTO city(region_id, name) values (18, 'Жигалово');
REPLACE INTO city(region_id, name) values (18, 'Забитуй');
REPLACE INTO city(region_id, name) values (18, 'Залари');
REPLACE INTO city(region_id, name) values (18, 'Звездный');
REPLACE INTO city(region_id, name) values (18, 'Зима');
REPLACE INTO city(region_id, name) values (18, 'Иркутск');
REPLACE INTO city(region_id, name) values (18, 'Казачинское (Иркутская обл.)');
REPLACE INTO city(region_id, name) values (18, 'Качуг');
REPLACE INTO city(region_id, name) values (18, 'Квиток');
REPLACE INTO city(region_id, name) values (18, 'Киренск');
REPLACE INTO city(region_id, name) values (18, 'Куйтун');
REPLACE INTO city(region_id, name) values (18, 'Култук');
REPLACE INTO city(region_id, name) values (18, 'Кутулик');
REPLACE INTO city(region_id, name) values (18, 'Мама');
REPLACE INTO city(region_id, name) values (18, 'Нижнеудинск');
REPLACE INTO city(region_id, name) values (18, 'Оса');
REPLACE INTO city(region_id, name) values (18, 'Саянск');
REPLACE INTO city(region_id, name) values (18, 'Слюдянка');
REPLACE INTO city(region_id, name) values (18, 'Тайшет');
REPLACE INTO city(region_id, name) values (18, 'Тулун');
REPLACE INTO city(region_id, name) values (18, 'Усолье-Сибирское (Иркутская обл.)');
REPLACE INTO city(region_id, name) values (18, 'Усть-Илимск');
REPLACE INTO city(region_id, name) values (18, 'Усть-Кут');
REPLACE INTO city(region_id, name) values (18, 'Усть-Ордынский');
REPLACE INTO city(region_id, name) values (18, 'Усть-Уда');
REPLACE INTO city(region_id, name) values (18, 'Черемхово');
REPLACE INTO city(region_id, name) values (18, 'Чунский');
REPLACE INTO city(region_id, name) values (18, 'Шелехов');
REPLACE INTO city(region_id, name) values (95, 'Ахтырка');
REPLACE INTO city(region_id, name) values (95, 'Белополье');
REPLACE INTO city(region_id, name) values (95, 'Бурынь');
REPLACE INTO city(region_id, name) values (95, 'Великая Писаревка');
REPLACE INTO city(region_id, name) values (95, 'Ворожба');
REPLACE INTO city(region_id, name) values (95, 'Воронеж');
REPLACE INTO city(region_id, name) values (95, 'Глухов');
REPLACE INTO city(region_id, name) values (95, 'Дружба');
REPLACE INTO city(region_id, name) values (95, 'Знобь-Новгородское');
REPLACE INTO city(region_id, name) values (95, 'Кириковка');
REPLACE INTO city(region_id, name) values (95, 'Конотоп');
REPLACE INTO city(region_id, name) values (95, 'Краснополье');
REPLACE INTO city(region_id, name) values (95, 'Кролевец');
REPLACE INTO city(region_id, name) values (95, 'Лебедин');
REPLACE INTO city(region_id, name) values (95, 'Липовая Долина');
REPLACE INTO city(region_id, name) values (95, 'Недригайлов');
REPLACE INTO city(region_id, name) values (95, 'Путивль');
REPLACE INTO city(region_id, name) values (95, 'Ромны');
REPLACE INTO city(region_id, name) values (95, 'Середина-Буда');
REPLACE INTO city(region_id, name) values (95, 'Сумы');
REPLACE INTO city(region_id, name) values (95, 'Тростянец');
REPLACE INTO city(region_id, name) values (95, 'Шостка');
REPLACE INTO city(region_id, name) values (95, 'Шурупинское');
REPLACE INTO city(region_id, name) values (95, 'Ямполь');
REPLACE INTO city(region_id, name) values (156, 'Corrientes');
REPLACE INTO city(region_id, name) values (179, 'Abovyan');
REPLACE INTO city(region_id, name) values (179, 'Akhundov');
REPLACE INTO city(region_id, name) values (179, 'Alap''''ars');
REPLACE INTO city(region_id, name) values (179, 'Aragyugh');
REPLACE INTO city(region_id, name) values (179, 'Arindzh');
REPLACE INTO city(region_id, name) values (179, 'Arrinj');
REPLACE INTO city(region_id, name) values (179, 'Arzakan');
REPLACE INTO city(region_id, name) values (179, 'Arzni');
REPLACE INTO city(region_id, name) values (179, 'Byuregavan');
REPLACE INTO city(region_id, name) values (179, 'Ch''''arants''''avan');
REPLACE INTO city(region_id, name) values (179, 'Ch''''arents''''avan');
REPLACE INTO city(region_id, name) values (179, 'Choentsavan');
REPLACE INTO city(region_id, name) values (179, 'Garni');
REPLACE INTO city(region_id, name) values (179, 'Hrazdan');
REPLACE INTO city(region_id, name) values (179, 'Jegward');
REPLACE INTO city(region_id, name) values (179, 'Lernanist');
REPLACE INTO city(region_id, name) values (179, 'Megradzor');
REPLACE INTO city(region_id, name) values (179, 'Nor Achin');
REPLACE INTO city(region_id, name) values (179, 'Nor Geghi');
REPLACE INTO city(region_id, name) values (179, 'Nor Hachyn');
REPLACE INTO city(region_id, name) values (179, 'Proshyan');
REPLACE INTO city(region_id, name) values (179, 'Razdan');
REPLACE INTO city(region_id, name) values (179, 'Rndamal');
REPLACE INTO city(region_id, name) values (179, 'Tsaghkadzor');
REPLACE INTO city(region_id, name) values (179, 'Tsakhkadzor');
REPLACE INTO city(region_id, name) values (179, 'Yegvard');
REPLACE INTO city(region_id, name) values (179, 'Yevgard');
REPLACE INTO city(region_id, name) values (190, 'Дакка');
REPLACE INTO city(region_id, name) values (190, 'Читтагонг');
REPLACE INTO region(id, country_id, name) values (191, 19, 'Барбадос');
REPLACE INTO city(region_id, name) values (19, 'Баксан');
REPLACE INTO city(region_id, name) values (19, 'Майский');
REPLACE INTO city(region_id, name) values (19, 'Нальчик');
REPLACE INTO city(region_id, name) values (19, 'Нарткала');
REPLACE INTO city(region_id, name) values (19, 'Прохладный');
REPLACE INTO city(region_id, name) values (19, 'Советское (Кабардино-Балкария)');
REPLACE INTO city(region_id, name) values (19, 'Терек');
REPLACE INTO city(region_id, name) values (19, 'Тырныауз');
REPLACE INTO city(region_id, name) values (19, 'Чегем-Первый');
REPLACE INTO city(region_id, name) values (96, 'Бережаны');
REPLACE INTO city(region_id, name) values (96, 'Борщев');
REPLACE INTO city(region_id, name) values (96, 'Бучач');
REPLACE INTO city(region_id, name) values (96, 'Великие Борки');
REPLACE INTO city(region_id, name) values (96, 'Вишневец');
REPLACE INTO city(region_id, name) values (96, 'Гримайлов');
REPLACE INTO city(region_id, name) values (96, 'Гусятин');
REPLACE INTO city(region_id, name) values (96, 'Залещики');
REPLACE INTO city(region_id, name) values (96, 'Заложцы');
REPLACE INTO city(region_id, name) values (96, 'Збараж');
REPLACE INTO city(region_id, name) values (96, 'Зборов');
REPLACE INTO city(region_id, name) values (96, 'Золотники');
REPLACE INTO city(region_id, name) values (96, 'Золотойпоток');
REPLACE INTO city(region_id, name) values (96, 'Козлов');
REPLACE INTO city(region_id, name) values (96, 'Козова');
REPLACE INTO city(region_id, name) values (96, 'Кременец');
REPLACE INTO city(region_id, name) values (96, 'Лановцы');
REPLACE INTO city(region_id, name) values (96, 'Монастыриска');
REPLACE INTO city(region_id, name) values (96, 'Подволочиск');
REPLACE INTO city(region_id, name) values (96, 'Теребовля');
REPLACE INTO city(region_id, name) values (96, 'Тернополь');
REPLACE INTO city(region_id, name) values (96, 'Чортков');
REPLACE INTO city(region_id, name) values (96, 'Шумское');
REPLACE INTO city(region_id, name) values (157, 'Buenos Aires');
REPLACE INTO city(region_id, name) values (157, 'Centro');
REPLACE INTO city(region_id, name) values (157, 'Colegiales');
REPLACE INTO city(region_id, name) values (157, 'Congreso');
REPLACE INTO city(region_id, name) values (157, 'Flores');
REPLACE INTO city(region_id, name) values (157, 'Floresta');
REPLACE INTO city(region_id, name) values (157, 'Nez');
REPLACE INTO city(region_id, name) values (157, 'Palermo');
REPLACE INTO city(region_id, name) values (157, 'Recoleta');
REPLACE INTO city(region_id, name) values (157, 'San Cristbal');
REPLACE INTO city(region_id, name) values (157, 'Villa Crespo');
REPLACE INTO city(region_id, name) values (157, 'Villa Devoto');
REPLACE INTO city(region_id, name) values (157, 'Villa Urquiza');
REPLACE INTO city(region_id, name) values (180, 'Agarak');
REPLACE INTO city(region_id, name) values (180, 'Agvi');
REPLACE INTO city(region_id, name) values (180, 'Ak''''ori');
REPLACE INTO city(region_id, name) values (180, 'Akner');
REPLACE INTO city(region_id, name) values (180, 'Alavar');
REPLACE INTO city(region_id, name) values (180, 'Alaverdi');
REPLACE INTO city(region_id, name) values (180, 'Alaverdy');
REPLACE INTO city(region_id, name) values (180, 'Allaverdy');
REPLACE INTO city(region_id, name) values (180, 'Archut');
REPLACE INTO city(region_id, name) values (180, 'Arevashogh');
REPLACE INTO city(region_id, name) values (180, 'Ayrum');
REPLACE INTO city(region_id, name) values (180, 'Blagodarnoye');
REPLACE INTO city(region_id, name) values (180, 'Bzovdal');
REPLACE INTO city(region_id, name) values (180, 'Dzagidzor');
REPLACE INTO city(region_id, name) values (180, 'Dzyunashogh');
REPLACE INTO city(region_id, name) values (180, 'Gogavan');
REPLACE INTO city(region_id, name) values (180, 'Jiliza');
REPLACE INTO city(region_id, name) values (180, 'Kalinino');
REPLACE INTO city(region_id, name) values (180, 'Karakilisa');
REPLACE INTO city(region_id, name) values (180, 'Karaklis');
REPLACE INTO city(region_id, name) values (180, 'Kirovakan');
REPLACE INTO city(region_id, name) values (180, 'Kyzloran');
REPLACE INTO city(region_id, name) values (180, 'Margahovit');
REPLACE INTO city(region_id, name) values (180, 'Norashen');
REPLACE INTO city(region_id, name) values (180, 'Odzun');
REPLACE INTO city(region_id, name) values (180, 'Step''''anavan');
REPLACE INTO city(region_id, name) values (180, 'Stepahavan');
REPLACE INTO city(region_id, name) values (180, 'Stepanawan-Lori');
REPLACE INTO city(region_id, name) values (180, 'Sverdlov');
REPLACE INTO city(region_id, name) values (180, 'Tashir');
REPLACE INTO city(region_id, name) values (180, 'Tekhut');
REPLACE INTO city(region_id, name) values (180, 'Tumanyan');
REPLACE INTO city(region_id, name) values (180, 'Tyrchkhan');
REPLACE INTO city(region_id, name) values (180, 'Vanadzor');
REPLACE INTO city(region_id, name) values (191, 'Бриджтаун');
REPLACE INTO region(id, country_id, name) values (192, 20, 'Бахрейн');
REPLACE INTO city(region_id, name) values (20, 'Багратионовск');
REPLACE INTO city(region_id, name) values (20, 'Балтийск');
REPLACE INTO city(region_id, name) values (20, 'Гвардейск');
REPLACE INTO city(region_id, name) values (20, 'Гурьевск (Калининградская обл.)');
REPLACE INTO city(region_id, name) values (20, 'Гусев');
REPLACE INTO city(region_id, name) values (20, 'Железнодорожный (Калининград.)');
REPLACE INTO city(region_id, name) values (20, 'Зеленоградск');
REPLACE INTO city(region_id, name) values (20, 'Знаменск');
REPLACE INTO city(region_id, name) values (20, 'Калининград (Кенигсберг)');
REPLACE INTO city(region_id, name) values (20, 'Краснознаменск (Калининград.)');
REPLACE INTO city(region_id, name) values (20, 'Ладушкин');
REPLACE INTO city(region_id, name) values (20, 'Мамоново');
REPLACE INTO city(region_id, name) values (20, 'Неман');
REPLACE INTO city(region_id, name) values (20, 'Нестеров');
REPLACE INTO city(region_id, name) values (20, 'Озерск(Калининградская обл.)');
REPLACE INTO city(region_id, name) values (20, 'Пионерск');
REPLACE INTO city(region_id, name) values (20, 'Полесск');
REPLACE INTO city(region_id, name) values (20, 'Правдинск');
REPLACE INTO city(region_id, name) values (20, 'Светлогорск');
REPLACE INTO city(region_id, name) values (20, 'Светлый (Калининградская обл.)');
REPLACE INTO city(region_id, name) values (20, 'Славск');
REPLACE INTO city(region_id, name) values (20, 'Советск (Калининградская обл.)');
REPLACE INTO city(region_id, name) values (20, 'Черняховск');
REPLACE INTO city(region_id, name) values (97, 'Армянск');
REPLACE INTO city(region_id, name) values (97, 'Артек');
REPLACE INTO city(region_id, name) values (97, 'Береговое');
REPLACE INTO city(region_id, name) values (97, 'Ботаническое');
REPLACE INTO city(region_id, name) values (97, 'Кастрополь');
REPLACE INTO city(region_id, name) values (97, 'Кацивели');
REPLACE INTO city(region_id, name) values (97, 'Кореиз');
REPLACE INTO city(region_id, name) values (97, 'Красногвардейск');
REPLACE INTO city(region_id, name) values (97, 'Краснокаменка');
REPLACE INTO city(region_id, name) values (97, 'Курпаты');
REPLACE INTO city(region_id, name) values (97, 'Ливадия');
REPLACE INTO city(region_id, name) values (97, 'Мисхор');
REPLACE INTO city(region_id, name) values (97, 'Олива');
REPLACE INTO city(region_id, name) values (97, 'Оползневое');
REPLACE INTO city(region_id, name) values (97, 'Парковое');
REPLACE INTO city(region_id, name) values (97, 'Понизовка');
REPLACE INTO city(region_id, name) values (97, 'Санаторное');
REPLACE INTO city(region_id, name) values (97, 'Симеиз');
REPLACE INTO city(region_id, name) values (158, 'Concepcin del Uruguay');
REPLACE INTO city(region_id, name) values (158, 'Paran');
REPLACE INTO city(region_id, name) values (181, 'Adzhilu');
REPLACE INTO city(region_id, name) values (181, 'Ajlu');
REPLACE INTO city(region_id, name) values (181, 'Aregnadem');
REPLACE INTO city(region_id, name) values (181, 'Aygeat');
REPLACE INTO city(region_id, name) values (181, 'Berd');
REPLACE INTO city(region_id, name) values (181, 'Chubuliki');
REPLACE INTO city(region_id, name) values (181, 'Karakilisa');
REPLACE INTO city(region_id, name) values (181, 'Spitak');
REPLACE INTO city(region_id, name) values (181, 'Voskehask');
REPLACE INTO city(region_id, name) values (181, 'Yeniky');
REPLACE INTO city(region_id, name) values (192, 'Доха');
REPLACE INTO city(region_id, name) values (192, 'Манама');
REPLACE INTO region(id, country_id, name) values (193, 21, 'Брестская обл.');
REPLACE INTO region(id, country_id, name) values (194, 21, 'Витебская обл.');
REPLACE INTO region(id, country_id, name) values (195, 21, 'Гомельская обл.');
REPLACE INTO region(id, country_id, name) values (196, 21, 'Гродненская обл.');
REPLACE INTO region(id, country_id, name) values (197, 21, 'Минская обл.');
REPLACE INTO region(id, country_id, name) values (198, 21, 'Могилевская обл.');
REPLACE INTO city(region_id, name) values (21, 'Аршань');
REPLACE INTO city(region_id, name) values (21, 'Городовиковск');
REPLACE INTO city(region_id, name) values (21, 'Каспийский');
REPLACE INTO city(region_id, name) values (21, 'Комсомольский (Калмыкия)');
REPLACE INTO city(region_id, name) values (21, 'Малые Дербеты');
REPLACE INTO city(region_id, name) values (21, 'Приютное');
REPLACE INTO city(region_id, name) values (21, 'Советское (Калмыкия)');
REPLACE INTO city(region_id, name) values (21, 'Троицкое (Калмыкия)');
REPLACE INTO city(region_id, name) values (21, 'Утта');
REPLACE INTO city(region_id, name) values (21, 'Цаган-Аман');
REPLACE INTO city(region_id, name) values (21, 'Элиста');
REPLACE INTO city(region_id, name) values (21, 'Юста');
REPLACE INTO city(region_id, name) values (21, 'Яшалта');
REPLACE INTO city(region_id, name) values (21, 'Яшкуль');
REPLACE INTO city(region_id, name) values (98, 'Балаклея');
REPLACE INTO city(region_id, name) values (98, 'Барвенково');
REPLACE INTO city(region_id, name) values (98, 'Близнюки');
REPLACE INTO city(region_id, name) values (98, 'Богодухов');
REPLACE INTO city(region_id, name) values (98, 'Борки');
REPLACE INTO city(region_id, name) values (98, 'Боровая');
REPLACE INTO city(region_id, name) values (98, 'Буды');
REPLACE INTO city(region_id, name) values (98, 'Валки');
REPLACE INTO city(region_id, name) values (98, 'Великий Бурлук');
REPLACE INTO city(region_id, name) values (98, 'Волчанск');
REPLACE INTO city(region_id, name) values (98, 'Готвальд');
REPLACE INTO city(region_id, name) values (98, 'Гуты');
REPLACE INTO city(region_id, name) values (98, 'Дергачи');
REPLACE INTO city(region_id, name) values (98, 'Зачепиловка');
REPLACE INTO city(region_id, name) values (98, 'Зидьки');
REPLACE INTO city(region_id, name) values (98, 'Золочев');
REPLACE INTO city(region_id, name) values (98, 'Изюм');
REPLACE INTO city(region_id, name) values (98, 'Казачья Лопань');
REPLACE INTO city(region_id, name) values (98, 'Кегичевка');
REPLACE INTO city(region_id, name) values (98, 'Красноград');
REPLACE INTO city(region_id, name) values (98, 'Краснокутск');
REPLACE INTO city(region_id, name) values (98, 'Купянск');
REPLACE INTO city(region_id, name) values (98, 'Лозовая');
REPLACE INTO city(region_id, name) values (98, 'Люботин');
REPLACE INTO city(region_id, name) values (98, 'Мерефа');
REPLACE INTO city(region_id, name) values (98, 'Новая Водолага');
REPLACE INTO city(region_id, name) values (98, 'Первомайский');
REPLACE INTO city(region_id, name) values (98, 'Песочин');
REPLACE INTO city(region_id, name) values (98, 'Сахновщина');
REPLACE INTO city(region_id, name) values (98, 'Харьков');
REPLACE INTO city(region_id, name) values (98, 'Чугуев');
REPLACE INTO city(region_id, name) values (98, 'Шевченково');
REPLACE INTO city(region_id, name) values (159, 'Formosa');
REPLACE INTO city(region_id, name) values (159, 'Herradura');
REPLACE INTO city(region_id, name) values (182, 'Alakilisa');
REPLACE INTO city(region_id, name) values (182, 'Aleksandropol''''');
REPLACE INTO city(region_id, name) values (182, 'Alexandropol''''');
REPLACE INTO city(region_id, name) values (182, 'Amasia');
REPLACE INTO city(region_id, name) values (182, 'Art''''ik');
REPLACE INTO city(region_id, name) values (182, 'Ashots''''k''''');
REPLACE INTO city(region_id, name) values (182, 'Gekhanist');
REPLACE INTO city(region_id, name) values (182, 'Gyumri');
REPLACE INTO city(region_id, name) values (182, 'Hayrenyats''''');
REPLACE INTO city(region_id, name) values (182, 'Leninakan');
REPLACE INTO city(region_id, name) values (182, 'Maralik');
REPLACE INTO city(region_id, name) values (182, 'Mets Kyapanak');
REPLACE INTO city(region_id, name) values (182, 'Salut');
REPLACE INTO city(region_id, name) values (182, 'Saratak');
REPLACE INTO city(region_id, name) values (193, 'Антополь');
REPLACE INTO city(region_id, name) values (193, 'Барановичи');
REPLACE INTO city(region_id, name) values (193, 'Белоозерск');
REPLACE INTO city(region_id, name) values (193, 'Береза');
REPLACE INTO city(region_id, name) values (193, 'Береза Картуска');
REPLACE INTO city(region_id, name) values (193, 'Брест');
REPLACE INTO city(region_id, name) values (193, 'Высокое');
REPLACE INTO city(region_id, name) values (193, 'Ганцевичи');
REPLACE INTO city(region_id, name) values (193, 'Городище');
REPLACE INTO city(region_id, name) values (193, 'Давид-Городок');
REPLACE INTO city(region_id, name) values (193, 'Домачево');
REPLACE INTO city(region_id, name) values (193, 'Дрогичин');
REPLACE INTO city(region_id, name) values (193, 'Жабинка');
REPLACE INTO city(region_id, name) values (193, 'Ивацевичи');
REPLACE INTO city(region_id, name) values (193, 'Каменец');
REPLACE INTO city(region_id, name) values (193, 'Кобрин');
REPLACE INTO city(region_id, name) values (193, 'Лунинец');
REPLACE INTO city(region_id, name) values (193, 'Ляховичи');
REPLACE INTO city(region_id, name) values (193, 'Малорита');
REPLACE INTO city(region_id, name) values (193, 'Новолукомль');
REPLACE INTO city(region_id, name) values (193, 'Пинск');
REPLACE INTO city(region_id, name) values (193, 'Пружаны');
REPLACE INTO city(region_id, name) values (193, 'Столин');
REPLACE INTO region(id, country_id, name) values (199, 22, 'Belize');
REPLACE INTO city(region_id, name) values (22, 'Бабынино');
REPLACE INTO city(region_id, name) values (22, 'Балабаново');
REPLACE INTO city(region_id, name) values (22, 'Барятино');
REPLACE INTO city(region_id, name) values (22, 'Белоусово');
REPLACE INTO city(region_id, name) values (22, 'Бетлица');
REPLACE INTO city(region_id, name) values (22, 'Боровск');
REPLACE INTO city(region_id, name) values (22, 'Дудоровский');
REPLACE INTO city(region_id, name) values (22, 'Думиничи');
REPLACE INTO city(region_id, name) values (22, 'Еленский');
REPLACE INTO city(region_id, name) values (22, 'Жиздра');
REPLACE INTO city(region_id, name) values (22, 'Жуков');
REPLACE INTO city(region_id, name) values (22, 'Износки');
REPLACE INTO city(region_id, name) values (22, 'Калуга');
REPLACE INTO city(region_id, name) values (22, 'Киров (Калужская обл.)');
REPLACE INTO city(region_id, name) values (22, 'Козельск');
REPLACE INTO city(region_id, name) values (22, 'Кондрово');
REPLACE INTO city(region_id, name) values (22, 'Кремёнки');
REPLACE INTO city(region_id, name) values (22, 'Людиново');
REPLACE INTO city(region_id, name) values (22, 'Малоярославец');
REPLACE INTO city(region_id, name) values (22, 'Медынь');
REPLACE INTO city(region_id, name) values (22, 'Мещовск');
REPLACE INTO city(region_id, name) values (22, 'Мосальск');
REPLACE INTO city(region_id, name) values (22, 'Обнинск');
REPLACE INTO city(region_id, name) values (22, 'Перемышль');
REPLACE INTO city(region_id, name) values (22, 'Спас-Деменск');
REPLACE INTO city(region_id, name) values (22, 'Сухиничи');
REPLACE INTO city(region_id, name) values (22, 'Таруса');
REPLACE INTO city(region_id, name) values (22, 'Ульяново');
REPLACE INTO city(region_id, name) values (22, 'Ферзиково');
REPLACE INTO city(region_id, name) values (22, 'Хвастовичи');
REPLACE INTO city(region_id, name) values (22, 'Юхнов');
REPLACE INTO city(region_id, name) values (99, 'Аскания-Нова');
REPLACE INTO city(region_id, name) values (99, 'Белая Криница');
REPLACE INTO city(region_id, name) values (99, 'Белозерка');
REPLACE INTO city(region_id, name) values (99, 'Берислав');
REPLACE INTO city(region_id, name) values (99, 'Великая Александровка');
REPLACE INTO city(region_id, name) values (99, 'Великая Лепетиха');
REPLACE INTO city(region_id, name) values (99, 'Верхний Рогачик');
REPLACE INTO city(region_id, name) values (99, 'Высокополье');
REPLACE INTO city(region_id, name) values (99, 'Геническ');
REPLACE INTO city(region_id, name) values (99, 'Голая Пристань');
REPLACE INTO city(region_id, name) values (99, 'Горностаевка');
REPLACE INTO city(region_id, name) values (99, 'Днепряны');
REPLACE INTO city(region_id, name) values (99, 'Каланчак');
REPLACE INTO city(region_id, name) values (99, 'Калининское');
REPLACE INTO city(region_id, name) values (99, 'Каховка');
REPLACE INTO city(region_id, name) values (99, 'Нижние Серогозы');
REPLACE INTO city(region_id, name) values (99, 'Новая Каховка');
REPLACE INTO city(region_id, name) values (99, 'Нововоронцовка');
REPLACE INTO city(region_id, name) values (99, 'Новотроицкое');
REPLACE INTO city(region_id, name) values (99, 'Скадовск');
REPLACE INTO city(region_id, name) values (99, 'Херсон');
REPLACE INTO city(region_id, name) values (99, 'Цюрупинск');
REPLACE INTO city(region_id, name) values (99, 'Чаплинка');
REPLACE INTO city(region_id, name) values (160, 'Cangrejilla');
REPLACE INTO city(region_id, name) values (160, 'Jujuy');
REPLACE INTO city(region_id, name) values (160, 'Oratorio');
REPLACE INTO city(region_id, name) values (183, 'Agarak');
REPLACE INTO city(region_id, name) values (183, 'Akhlat''''yan');
REPLACE INTO city(region_id, name) values (183, 'Artsvenik');
REPLACE INTO city(region_id, name) values (183, 'Goris');
REPLACE INTO city(region_id, name) values (183, 'K''''ajaran');
REPLACE INTO city(region_id, name) values (183, 'Kadzharan');
REPLACE INTO city(region_id, name) values (183, 'Kafan');
REPLACE INTO city(region_id, name) values (183, 'Kapan');
REPLACE INTO city(region_id, name) values (183, 'Meghri');
REPLACE INTO city(region_id, name) values (183, 'Megri');
REPLACE INTO city(region_id, name) values (183, 'Megry');
REPLACE INTO city(region_id, name) values (183, 'Sisian');
REPLACE INTO city(region_id, name) values (183, 'Tegh');
REPLACE INTO city(region_id, name) values (194, 'Барань');
REPLACE INTO city(region_id, name) values (194, 'Бегомль');
REPLACE INTO city(region_id, name) values (194, 'Бешенковичи');
REPLACE INTO city(region_id, name) values (194, 'Богушевск');
REPLACE INTO city(region_id, name) values (194, 'Браслав');
REPLACE INTO city(region_id, name) values (194, 'Верхнедвинск');
REPLACE INTO city(region_id, name) values (194, 'Ветрино');
REPLACE INTO city(region_id, name) values (194, 'Видзы');
REPLACE INTO city(region_id, name) values (194, 'Витебск');
REPLACE INTO city(region_id, name) values (194, 'Воропаево');
REPLACE INTO city(region_id, name) values (194, 'Глубокое');
REPLACE INTO city(region_id, name) values (194, 'Городок');
REPLACE INTO city(region_id, name) values (194, 'Дисна');
REPLACE INTO city(region_id, name) values (194, 'Докшицы');
REPLACE INTO city(region_id, name) values (194, 'Друя');
REPLACE INTO city(region_id, name) values (194, 'Дубровно');
REPLACE INTO city(region_id, name) values (194, 'Езерище');
REPLACE INTO city(region_id, name) values (194, 'Лепель');
REPLACE INTO city(region_id, name) values (194, 'Лиозно');
REPLACE INTO city(region_id, name) values (194, 'Миоры');
REPLACE INTO city(region_id, name) values (194, 'Новополоцк');
REPLACE INTO city(region_id, name) values (194, 'Орша');
REPLACE INTO city(region_id, name) values (194, 'Полоцк');
REPLACE INTO city(region_id, name) values (194, 'Поставы');
REPLACE INTO city(region_id, name) values (194, 'Россоны');
REPLACE INTO city(region_id, name) values (194, 'Сенно');
REPLACE INTO city(region_id, name) values (194, 'Толочин');
REPLACE INTO city(region_id, name) values (194, 'Ушачи');
REPLACE INTO city(region_id, name) values (194, 'Чашники');
REPLACE INTO city(region_id, name) values (194, 'Шарковщина');
REPLACE INTO city(region_id, name) values (194, 'Шумилино');
REPLACE INTO city(region_id, name) values (199, 'Белиз-Сити');
REPLACE INTO region(id, country_id, name) values (200, 23, 'Antwerpen');
REPLACE INTO region(id, country_id, name) values (201, 23, 'Brabant Wallon');
REPLACE INTO region(id, country_id, name) values (202, 23, 'Bruxelles');
REPLACE INTO region(id, country_id, name) values (203, 23, 'Hainaut');
REPLACE INTO region(id, country_id, name) values (204, 23, 'Lige');
REPLACE INTO region(id, country_id, name) values (205, 23, 'Limburg');
REPLACE INTO region(id, country_id, name) values (206, 23, 'Luxembourg');
REPLACE INTO region(id, country_id, name) values (207, 23, 'Namur');
REPLACE INTO region(id, country_id, name) values (208, 23, 'Oost-Vlaanderen');
REPLACE INTO region(id, country_id, name) values (209, 23, 'Vlaams Brabant');
REPLACE INTO region(id, country_id, name) values (210, 23, 'West-Vlaanderen');
REPLACE INTO city(region_id, name) values (23, 'Атласово');
REPLACE INTO city(region_id, name) values (23, 'Аянка');
REPLACE INTO city(region_id, name) values (23, 'Большерецк');
REPLACE INTO city(region_id, name) values (23, 'Вилючинск');
REPLACE INTO city(region_id, name) values (23, 'Елизово (Камчатская обл.)');
REPLACE INTO city(region_id, name) values (23, 'Ильпырский');
REPLACE INTO city(region_id, name) values (23, 'Каменское');
REPLACE INTO city(region_id, name) values (23, 'Кировский');
REPLACE INTO city(region_id, name) values (23, 'Ключи (Камчатская обл.)');
REPLACE INTO city(region_id, name) values (23, 'Крапивная');
REPLACE INTO city(region_id, name) values (23, 'Мильково');
REPLACE INTO city(region_id, name) values (23, 'Никольское');
REPLACE INTO city(region_id, name) values (23, 'Озерновский');
REPLACE INTO city(region_id, name) values (23, 'Оссора');
REPLACE INTO city(region_id, name) values (23, 'Палана');
REPLACE INTO city(region_id, name) values (23, 'Парень');
REPLACE INTO city(region_id, name) values (23, 'Пахачи');
REPLACE INTO city(region_id, name) values (23, 'Петропавловск-Камчатский');
REPLACE INTO city(region_id, name) values (23, 'Тигиль');
REPLACE INTO city(region_id, name) values (23, 'Тиличики');
REPLACE INTO city(region_id, name) values (23, 'Усть-Большерецк');
REPLACE INTO city(region_id, name) values (23, 'Усть-Камчатск');
REPLACE INTO city(region_id, name) values (100, 'Антонины');
REPLACE INTO city(region_id, name) values (100, 'Базалия');
REPLACE INTO city(region_id, name) values (100, 'Белогорье');
REPLACE INTO city(region_id, name) values (100, 'Виньковцы');
REPLACE INTO city(region_id, name) values (100, 'Волочиск');
REPLACE INTO city(region_id, name) values (100, 'Городок');
REPLACE INTO city(region_id, name) values (100, 'Грицев');
REPLACE INTO city(region_id, name) values (100, 'Деражня');
REPLACE INTO city(region_id, name) values (100, 'Дунаевцы');
REPLACE INTO city(region_id, name) values (100, 'Изяслав');
REPLACE INTO city(region_id, name) values (100, 'Каменец-Подольский');
REPLACE INTO city(region_id, name) values (100, 'Красилов');
REPLACE INTO city(region_id, name) values (100, 'Летичев');
REPLACE INTO city(region_id, name) values (100, 'Нетешин');
REPLACE INTO city(region_id, name) values (100, 'Новая Ушица');
REPLACE INTO city(region_id, name) values (100, 'Полонное');
REPLACE INTO city(region_id, name) values (100, 'Славута');
REPLACE INTO city(region_id, name) values (100, 'Старая Синява');
REPLACE INTO city(region_id, name) values (100, 'Староконстантинов');
REPLACE INTO city(region_id, name) values (100, 'Теофиполь');
REPLACE INTO city(region_id, name) values (100, 'Хмельницкий');
REPLACE INTO city(region_id, name) values (100, 'Чемеровцы');
REPLACE INTO city(region_id, name) values (100, 'Шепетовка');
REPLACE INTO city(region_id, name) values (100, 'Ярмолинцы');
REPLACE INTO city(region_id, name) values (161, 'Abramo');
REPLACE INTO city(region_id, name) values (161, 'Alta Italia');
REPLACE INTO city(region_id, name) values (161, 'Chical-C');
REPLACE INTO city(region_id, name) values (161, 'La Maruja');
REPLACE INTO city(region_id, name) values (161, 'Santa Rosa');
REPLACE INTO city(region_id, name) values (184, 'Aghavnavank''''');
REPLACE INTO city(region_id, name) values (184, 'Ayrum');
REPLACE INTO city(region_id, name) values (184, 'Azatamut');
REPLACE INTO city(region_id, name) values (184, 'Bagratashen');
REPLACE INTO city(region_id, name) values (184, 'Berdavan');
REPLACE INTO city(region_id, name) values (184, 'Ch''''inari');
REPLACE INTO city(region_id, name) values (184, 'Delijan');
REPLACE INTO city(region_id, name) values (184, 'Dilijan');
REPLACE INTO city(region_id, name) values (184, 'Dilizhan');
REPLACE INTO city(region_id, name) values (184, 'Gandzak''''ar');
REPLACE INTO city(region_id, name) values (184, 'Idzhevan');
REPLACE INTO city(region_id, name) values (184, 'Ijevan');
REPLACE INTO city(region_id, name) values (184, 'Kozman');
REPLACE INTO city(region_id, name) values (184, 'Noyemberyan');
REPLACE INTO city(region_id, name) values (184, 'Pkhtavan');
REPLACE INTO city(region_id, name) values (184, 'Sevk''''ar');
REPLACE INTO city(region_id, name) values (195, 'Белицк');
REPLACE INTO city(region_id, name) values (195, 'Большевик');
REPLACE INTO city(region_id, name) values (195, 'Брагин');
REPLACE INTO city(region_id, name) values (195, 'Буда-Кошелево');
REPLACE INTO city(region_id, name) values (195, 'Василевичи');
REPLACE INTO city(region_id, name) values (195, 'Васильевка');
REPLACE INTO city(region_id, name) values (195, 'Ветка');
REPLACE INTO city(region_id, name) values (195, 'Гомель');
REPLACE INTO city(region_id, name) values (195, 'Добруш');
REPLACE INTO city(region_id, name) values (195, 'Ельск');
REPLACE INTO city(region_id, name) values (195, 'Житковичи');
REPLACE INTO city(region_id, name) values (195, 'Жлобин');
REPLACE INTO city(region_id, name) values (195, 'Калинковичи');
REPLACE INTO city(region_id, name) values (195, 'Корма');
REPLACE INTO city(region_id, name) values (195, 'Лельчицы');
REPLACE INTO city(region_id, name) values (195, 'Лоев');
REPLACE INTO city(region_id, name) values (195, 'Мозырь');
REPLACE INTO city(region_id, name) values (195, 'Наровля');
REPLACE INTO city(region_id, name) values (195, 'Октябрьский');
REPLACE INTO city(region_id, name) values (195, 'Петриков');
REPLACE INTO city(region_id, name) values (195, 'Речица');
REPLACE INTO city(region_id, name) values (195, 'Речица');
REPLACE INTO city(region_id, name) values (195, 'Речица');
REPLACE INTO city(region_id, name) values (195, 'Рогачев');
REPLACE INTO city(region_id, name) values (195, 'Светлогорск');
REPLACE INTO city(region_id, name) values (195, 'Туров');
REPLACE INTO city(region_id, name) values (195, 'Хойники');
REPLACE INTO city(region_id, name) values (195, 'Чечерск');
REPLACE INTO city(region_id, name) values (200, 'Aartselaar');
REPLACE INTO city(region_id, name) values (200, 'Antwerpen');
REPLACE INTO city(region_id, name) values (200, 'Balen');
REPLACE INTO city(region_id, name) values (200, 'Boom');
REPLACE INTO city(region_id, name) values (200, 'Brasschaat');
REPLACE INTO city(region_id, name) values (200, 'Duffel');
REPLACE INTO city(region_id, name) values (200, 'Essen');
REPLACE INTO city(region_id, name) values (200, 'Geel');
REPLACE INTO city(region_id, name) values (200, 'Heist-op-den-Berg');
REPLACE INTO city(region_id, name) values (200, 'Herentals');
REPLACE INTO city(region_id, name) values (200, 'Herenthout');
REPLACE INTO city(region_id, name) values (200, 'Herselt');
REPLACE INTO city(region_id, name) values (200, 'Kapellen');
REPLACE INTO city(region_id, name) values (200, 'Lier');
REPLACE INTO city(region_id, name) values (200, 'Lint');
REPLACE INTO city(region_id, name) values (200, 'Mechelen');
REPLACE INTO city(region_id, name) values (200, 'Mol');
REPLACE INTO city(region_id, name) values (200, 'Mortsel');
REPLACE INTO city(region_id, name) values (200, 'Olen');
REPLACE INTO city(region_id, name) values (200, 'Putte');
REPLACE INTO city(region_id, name) values (200, 'Schilde');
REPLACE INTO city(region_id, name) values (200, 'Schoten');
REPLACE INTO city(region_id, name) values (200, 'Turnhout');
REPLACE INTO city(region_id, name) values (200, 'Zwijndrecht');
REPLACE INTO region(id, country_id, name) values (211, 24, 'Бенин');
REPLACE INTO city(region_id, name) values (24, 'Амбарный');
REPLACE INTO city(region_id, name) values (24, 'Беломорск');
REPLACE INTO city(region_id, name) values (24, 'Валаам');
REPLACE INTO city(region_id, name) values (24, 'Вирандозеро');
REPLACE INTO city(region_id, name) values (24, 'Гирвас');
REPLACE INTO city(region_id, name) values (24, 'Деревянка');
REPLACE INTO city(region_id, name) values (24, 'Идель');
REPLACE INTO city(region_id, name) values (24, 'Ильинский (Карелия)');
REPLACE INTO city(region_id, name) values (24, 'Калевала');
REPLACE INTO city(region_id, name) values (24, 'Кемь');
REPLACE INTO city(region_id, name) values (24, 'Кестеньга');
REPLACE INTO city(region_id, name) values (24, 'Кондопога');
REPLACE INTO city(region_id, name) values (24, 'Костомукша');
REPLACE INTO city(region_id, name) values (24, 'Лахденпохья');
REPLACE INTO city(region_id, name) values (24, 'Лоухи');
REPLACE INTO city(region_id, name) values (24, 'Медвежьегорск');
REPLACE INTO city(region_id, name) values (24, 'Муезерский');
REPLACE INTO city(region_id, name) values (24, 'Олонец');
REPLACE INTO city(region_id, name) values (24, 'Петрозаводск');
REPLACE INTO city(region_id, name) values (24, 'Питкяранта');
REPLACE INTO city(region_id, name) values (24, 'Повенец');
REPLACE INTO city(region_id, name) values (24, 'Пряжа');
REPLACE INTO city(region_id, name) values (24, 'Пудож');
REPLACE INTO city(region_id, name) values (24, 'Сегежа');
REPLACE INTO city(region_id, name) values (24, 'Сортавала');
REPLACE INTO city(region_id, name) values (24, 'Суоярви');
REPLACE INTO city(region_id, name) values (24, 'Хийденсельга');
REPLACE INTO city(region_id, name) values (101, 'Ватутино');
REPLACE INTO city(region_id, name) values (101, 'Городище');
REPLACE INTO city(region_id, name) values (101, 'Драбов');
REPLACE INTO city(region_id, name) values (101, 'Ерки');
REPLACE INTO city(region_id, name) values (101, 'Жашков');
REPLACE INTO city(region_id, name) values (101, 'Зараевск');
REPLACE INTO city(region_id, name) values (101, 'Звенигородка');
REPLACE INTO city(region_id, name) values (101, 'Золотоноша');
REPLACE INTO city(region_id, name) values (101, 'Ирдынь');
REPLACE INTO city(region_id, name) values (101, 'Каменка');
REPLACE INTO city(region_id, name) values (101, 'Канев');
REPLACE INTO city(region_id, name) values (101, 'Катеринополь');
REPLACE INTO city(region_id, name) values (101, 'Корсунь-Шевченковский');
REPLACE INTO city(region_id, name) values (101, 'Лысянка');
REPLACE INTO city(region_id, name) values (101, 'Маньковка');
REPLACE INTO city(region_id, name) values (101, 'Монастырище');
REPLACE INTO city(region_id, name) values (101, 'Смела');
REPLACE INTO city(region_id, name) values (101, 'Тальное');
REPLACE INTO city(region_id, name) values (101, 'Умань');
REPLACE INTO city(region_id, name) values (101, 'Христиновка');
REPLACE INTO city(region_id, name) values (101, 'Черкассы');
REPLACE INTO city(region_id, name) values (101, 'Чернобай');
REPLACE INTO city(region_id, name) values (101, 'Чигирин');
REPLACE INTO city(region_id, name) values (101, 'Шпола');
REPLACE INTO city(region_id, name) values (162, 'Agua Colorada');
REPLACE INTO city(region_id, name) values (162, 'Alanices');
REPLACE INTO city(region_id, name) values (162, 'Algarrobo Grande');
REPLACE INTO city(region_id, name) values (162, 'Milagro');
REPLACE INTO city(region_id, name) values (185, 'Agarakadzor');
REPLACE INTO city(region_id, name) values (185, 'Akhavnadzor');
REPLACE INTO city(region_id, name) values (185, 'Dzhermuk');
REPLACE INTO city(region_id, name) values (185, 'Gladzor');
REPLACE INTO city(region_id, name) values (185, 'Jermuk');
REPLACE INTO city(region_id, name) values (185, 'Malishka');
REPLACE INTO city(region_id, name) values (185, 'Vayk''''');
REPLACE INTO city(region_id, name) values (185, 'Yeghegnadzor');
REPLACE INTO city(region_id, name) values (185, 'Yekhegnadzor');
REPLACE INTO city(region_id, name) values (196, 'Большая Берестовица');
REPLACE INTO city(region_id, name) values (196, 'Волковыск');
REPLACE INTO city(region_id, name) values (196, 'Вороново');
REPLACE INTO city(region_id, name) values (196, 'Гродно');
REPLACE INTO city(region_id, name) values (196, 'Дятлово');
REPLACE INTO city(region_id, name) values (196, 'Желудок');
REPLACE INTO city(region_id, name) values (196, 'Зельва');
REPLACE INTO city(region_id, name) values (196, 'Ивье');
REPLACE INTO city(region_id, name) values (196, 'Козловщина');
REPLACE INTO city(region_id, name) values (196, 'Кореличи');
REPLACE INTO city(region_id, name) values (196, 'Лида');
REPLACE INTO city(region_id, name) values (196, 'Мосты');
REPLACE INTO city(region_id, name) values (196, 'Новогрудок');
REPLACE INTO city(region_id, name) values (196, 'Островец');
REPLACE INTO city(region_id, name) values (196, 'Ошмяны');
REPLACE INTO city(region_id, name) values (196, 'Свислочь');
REPLACE INTO city(region_id, name) values (196, 'Слоним');
REPLACE INTO city(region_id, name) values (196, 'Сморгонь');
REPLACE INTO city(region_id, name) values (196, 'Щучин');
REPLACE INTO city(region_id, name) values (201, 'Beauvechain');
REPLACE INTO city(region_id, name) values (201, 'Braine-l''''Alleud');
REPLACE INTO city(region_id, name) values (201, 'Chastre');
REPLACE INTO city(region_id, name) values (201, 'Jodoigne');
REPLACE INTO city(region_id, name) values (201, 'Lasne');
REPLACE INTO city(region_id, name) values (201, 'Nivelles');
REPLACE INTO city(region_id, name) values (201, 'Ottignies-Louvain-la-Neuve');
REPLACE INTO city(region_id, name) values (201, 'Rixensart');
REPLACE INTO city(region_id, name) values (201, 'Tubize');
REPLACE INTO city(region_id, name) values (201, 'Villers-la-Ville');
REPLACE INTO city(region_id, name) values (201, 'Walhain');
REPLACE INTO city(region_id, name) values (201, 'Waterloo');
REPLACE INTO city(region_id, name) values (201, 'Wavre');
REPLACE INTO city(region_id, name) values (211, 'Порто-Ново');
REPLACE INTO region(id, country_id, name) values (212, 25, 'Hamilton');
REPLACE INTO city(region_id, name) values (25, 'Анжеро-Судженск');
REPLACE INTO city(region_id, name) values (25, 'Барзас');
REPLACE INTO city(region_id, name) values (25, 'Белово');
REPLACE INTO city(region_id, name) values (25, 'Белогорск');
REPLACE INTO city(region_id, name) values (25, 'Березовский (Кемеровская обл.)');
REPLACE INTO city(region_id, name) values (25, 'Грамотеино');
REPLACE INTO city(region_id, name) values (25, 'Гурьевск');
REPLACE INTO city(region_id, name) values (25, 'Ижморский');
REPLACE INTO city(region_id, name) values (25, 'Итатский');
REPLACE INTO city(region_id, name) values (25, 'Калтан');
REPLACE INTO city(region_id, name) values (25, 'Кедровка');
REPLACE INTO city(region_id, name) values (25, 'Кемерово');
REPLACE INTO city(region_id, name) values (25, 'Киселевск');
REPLACE INTO city(region_id, name) values (25, 'Крапивинский');
REPLACE INTO city(region_id, name) values (25, 'Ленинск-Кузнецкий');
REPLACE INTO city(region_id, name) values (25, 'Мариинск');
REPLACE INTO city(region_id, name) values (25, 'Междуреченск');
REPLACE INTO city(region_id, name) values (25, 'Мыски');
REPLACE INTO city(region_id, name) values (25, 'Новокузнецк');
REPLACE INTO city(region_id, name) values (25, 'Осинники');
REPLACE INTO city(region_id, name) values (25, 'Полысаево');
REPLACE INTO city(region_id, name) values (25, 'Прокопьевск');
REPLACE INTO city(region_id, name) values (25, 'Промышленная');
REPLACE INTO city(region_id, name) values (25, 'Тайга');
REPLACE INTO city(region_id, name) values (25, 'Таштагол');
REPLACE INTO city(region_id, name) values (25, 'Тисуль');
REPLACE INTO city(region_id, name) values (25, 'Топки');
REPLACE INTO city(region_id, name) values (25, 'Тяжинский');
REPLACE INTO city(region_id, name) values (25, 'Юрга');
REPLACE INTO city(region_id, name) values (25, 'Яшкино');
REPLACE INTO city(region_id, name) values (25, 'Яя');
REPLACE INTO city(region_id, name) values (102, 'Батурин');
REPLACE INTO city(region_id, name) values (102, 'Бахмач');
REPLACE INTO city(region_id, name) values (102, 'Березна');
REPLACE INTO city(region_id, name) values (102, 'Бобровица');
REPLACE INTO city(region_id, name) values (102, 'Борзна');
REPLACE INTO city(region_id, name) values (102, 'Варва');
REPLACE INTO city(region_id, name) values (102, 'Вертиевка');
REPLACE INTO city(region_id, name) values (102, 'Городня');
REPLACE INTO city(region_id, name) values (102, 'Добрянка');
REPLACE INTO city(region_id, name) values (102, 'Замглай');
REPLACE INTO city(region_id, name) values (102, 'Ичня');
REPLACE INTO city(region_id, name) values (102, 'Козелец');
REPLACE INTO city(region_id, name) values (102, 'Короп');
REPLACE INTO city(region_id, name) values (102, 'Корюковка');
REPLACE INTO city(region_id, name) values (102, 'Куликовка');
REPLACE INTO city(region_id, name) values (102, 'Мена');
REPLACE INTO city(region_id, name) values (102, 'Нежин');
REPLACE INTO city(region_id, name) values (102, 'Новгород Северский');
REPLACE INTO city(region_id, name) values (102, 'Носовка');
REPLACE INTO city(region_id, name) values (102, 'Прилуки');
REPLACE INTO city(region_id, name) values (102, 'Припять');
REPLACE INTO city(region_id, name) values (102, 'Репки');
REPLACE INTO city(region_id, name) values (102, 'Семеновка');
REPLACE INTO city(region_id, name) values (102, 'Сосница');
REPLACE INTO city(region_id, name) values (102, 'Талалаевка');
REPLACE INTO city(region_id, name) values (102, 'Чернигов');
REPLACE INTO city(region_id, name) values (102, 'Щорс');
REPLACE INTO city(region_id, name) values (163, 'Alto Verde');
REPLACE INTO city(region_id, name) values (163, 'Barcala');
REPLACE INTO city(region_id, name) values (163, 'Buena Nueva');
REPLACE INTO city(region_id, name) values (163, 'General Alvear');
REPLACE INTO city(region_id, name) values (163, 'Guaymalln');
REPLACE INTO city(region_id, name) values (163, 'La Consulta');
REPLACE INTO city(region_id, name) values (163, 'La Mora');
REPLACE INTO city(region_id, name) values (163, 'Maip');
REPLACE INTO city(region_id, name) values (163, 'Mendoza');
REPLACE INTO city(region_id, name) values (163, 'San Rafael');
REPLACE INTO city(region_id, name) values (163, 'Tunuyn');
REPLACE INTO city(region_id, name) values (186, 'Agdzhakishlag');
REPLACE INTO city(region_id, name) values (186, 'Aj''''ap''''nyak');
REPLACE INTO city(region_id, name) values (186, 'Akhtanak');
REPLACE INTO city(region_id, name) values (186, 'Anastasavan');
REPLACE INTO city(region_id, name) values (186, 'Arabkir');
REPLACE INTO city(region_id, name) values (186, 'Avan');
REPLACE INTO city(region_id, name) values (186, 'Avan-Arrinj');
REPLACE INTO city(region_id, name) values (186, 'Ayrivan');
REPLACE INTO city(region_id, name) values (186, 'Charbakh');
REPLACE INTO city(region_id, name) values (186, 'Dzhrashen');
REPLACE INTO city(region_id, name) values (186, 'Erebuni');
REPLACE INTO city(region_id, name) values (186, 'Ereun');
REPLACE INTO city(region_id, name) values (186, 'Erevan');
REPLACE INTO city(region_id, name) values (186, 'Erewan');
REPLACE INTO city(region_id, name) values (186, 'Erivan');
REPLACE INTO city(region_id, name) values (186, 'Haght''''anak');
REPLACE INTO city(region_id, name) values (186, 'Imeni Shaumyana');
REPLACE INTO city(region_id, name) values (186, 'Imeni Tairova');
REPLACE INTO city(region_id, name) values (186, 'Iravan');
REPLACE INTO city(region_id, name) values (186, 'Jrvezh');
REPLACE INTO city(region_id, name) values (186, 'Kanaker');
REPLACE INTO city(region_id, name) values (186, 'Kanakeravan');
REPLACE INTO city(region_id, name) values (186, 'Kond');
REPLACE INTO city(region_id, name) values (186, 'Malatiya');
REPLACE INTO city(region_id, name) values (186, 'Nor Arabkir');
REPLACE INTO city(region_id, name) values (186, 'Nor Aresh');
REPLACE INTO city(region_id, name) values (186, 'Nor Byut''''ania');
REPLACE INTO city(region_id, name) values (186, 'Nor Marash');
REPLACE INTO city(region_id, name) values (186, 'Nor Nork''''');
REPLACE INTO city(region_id, name) values (186, 'Nor Zeyt''''un');
REPLACE INTO city(region_id, name) values (186, 'Nor-Norka');
REPLACE INTO city(region_id, name) values (186, 'Noragavit''''');
REPLACE INTO city(region_id, name) values (186, 'Nork''''');
REPLACE INTO city(region_id, name) values (186, 'Nubarashen');
REPLACE INTO city(region_id, name) values (186, 'Sari Tag');
REPLACE INTO city(region_id, name) values (186, 'Sarit''''agh');
REPLACE INTO city(region_id, name) values (186, 'Shahumyan');
REPLACE INTO city(region_id, name) values (186, 'Shaumyan');
REPLACE INTO city(region_id, name) values (186, 'Shengavit');
REPLACE INTO city(region_id, name) values (186, 'Sovetashen');
REPLACE INTO city(region_id, name) values (186, 'Spandaryan');
REPLACE INTO city(region_id, name) values (186, 'Tolk');
REPLACE INTO city(region_id, name) values (186, 'Vardadzor');
REPLACE INTO city(region_id, name) values (186, 'Vardashen');
REPLACE INTO city(region_id, name) values (186, 'Verin Ch''''arbakh');
REPLACE INTO city(region_id, name) values (186, 'Yengidzha');
REPLACE INTO city(region_id, name) values (186, 'Yerevan');
REPLACE INTO city(region_id, name) values (186, 'Zeytun');
REPLACE INTO city(region_id, name) values (197, 'Березино');
REPLACE INTO city(region_id, name) values (197, 'Бобр');
REPLACE INTO city(region_id, name) values (197, 'Борисов');
REPLACE INTO city(region_id, name) values (197, 'Вилейка');
REPLACE INTO city(region_id, name) values (197, 'Воложин');
REPLACE INTO city(region_id, name) values (197, 'Городея');
REPLACE INTO city(region_id, name) values (197, 'Дзержинск');
REPLACE INTO city(region_id, name) values (197, 'Жодино');
REPLACE INTO city(region_id, name) values (197, 'Заславль');
REPLACE INTO city(region_id, name) values (197, 'Зеленый Бор');
REPLACE INTO city(region_id, name) values (197, 'Ивенец');
REPLACE INTO city(region_id, name) values (197, 'Клецк');
REPLACE INTO city(region_id, name) values (197, 'Копыль');
REPLACE INTO city(region_id, name) values (197, 'Крупки');
REPLACE INTO city(region_id, name) values (197, 'Логойск');
REPLACE INTO city(region_id, name) values (197, 'Любань');
REPLACE INTO city(region_id, name) values (197, 'Марьина Горка');
REPLACE INTO city(region_id, name) values (197, 'Минск');
REPLACE INTO city(region_id, name) values (197, 'Молодечно');
REPLACE INTO city(region_id, name) values (197, 'Мядель');
REPLACE INTO city(region_id, name) values (197, 'Несвиж');
REPLACE INTO city(region_id, name) values (197, 'Слуцк');
REPLACE INTO city(region_id, name) values (197, 'Смолевичи');
REPLACE INTO city(region_id, name) values (197, 'Солигорск');
REPLACE INTO city(region_id, name) values (197, 'Старые Дороги');
REPLACE INTO city(region_id, name) values (197, 'Столбцы');
REPLACE INTO city(region_id, name) values (197, 'Узда');
REPLACE INTO city(region_id, name) values (197, 'Фаниполь');
REPLACE INTO city(region_id, name) values (197, 'Червень');
REPLACE INTO city(region_id, name) values (202, 'Bruxelles');
REPLACE INTO city(region_id, name) values (212, 'Гамильтон');
REPLACE INTO region(id, country_id, name) values (213, 26, 'Blagoevgrad');
REPLACE INTO region(id, country_id, name) values (214, 26, 'Burgas');
REPLACE INTO region(id, country_id, name) values (215, 26, 'Dobrich');
REPLACE INTO region(id, country_id, name) values (216, 26, 'Gabrovo');
REPLACE INTO region(id, country_id, name) values (217, 26, 'Grad Sofiya');
REPLACE INTO region(id, country_id, name) values (218, 26, 'Khaskovo');
REPLACE INTO region(id, country_id, name) values (219, 26, 'Kurdzhali');
REPLACE INTO region(id, country_id, name) values (220, 26, 'Kyustendil');
REPLACE INTO region(id, country_id, name) values (221, 26, 'Lovech');
REPLACE INTO region(id, country_id, name) values (222, 26, 'Montana');
REPLACE INTO region(id, country_id, name) values (223, 26, 'None');
REPLACE INTO region(id, country_id, name) values (224, 26, 'Pazardzhik');
REPLACE INTO region(id, country_id, name) values (225, 26, 'Pernik');
REPLACE INTO region(id, country_id, name) values (226, 26, 'Pleven');
REPLACE INTO region(id, country_id, name) values (227, 26, 'Plovdiv');
REPLACE INTO region(id, country_id, name) values (228, 26, 'Razgrad');
REPLACE INTO region(id, country_id, name) values (229, 26, 'Ruse');
REPLACE INTO region(id, country_id, name) values (230, 26, 'Shumen');
REPLACE INTO region(id, country_id, name) values (231, 26, 'Silistra');
REPLACE INTO region(id, country_id, name) values (232, 26, 'Sliven');
REPLACE INTO region(id, country_id, name) values (233, 26, 'Smolyan');
REPLACE INTO region(id, country_id, name) values (234, 26, 'Sofiya');
REPLACE INTO region(id, country_id, name) values (235, 26, 'Stara Zagora');
REPLACE INTO region(id, country_id, name) values (236, 26, 'Turgovishte');
REPLACE INTO region(id, country_id, name) values (237, 26, 'Varna');
REPLACE INTO region(id, country_id, name) values (238, 26, 'Veliko Turnovo');
REPLACE INTO region(id, country_id, name) values (239, 26, 'Vidin');
REPLACE INTO region(id, country_id, name) values (240, 26, 'Vratsa');
REPLACE INTO region(id, country_id, name) values (241, 26, 'Yambol');
REPLACE INTO city(region_id, name) values (26, 'Кикнур');
REPLACE INTO city(region_id, name) values (26, 'Кильмезь');
REPLACE INTO city(region_id, name) values (26, 'Арбаж');
REPLACE INTO city(region_id, name) values (26, 'Аркуль');
REPLACE INTO city(region_id, name) values (26, 'Белая Холуница');
REPLACE INTO city(region_id, name) values (26, 'Богородское (Кировская обл.)');
REPLACE INTO city(region_id, name) values (26, 'Боровой');
REPLACE INTO city(region_id, name) values (26, 'Верхошижемье');
REPLACE INTO city(region_id, name) values (26, 'Вятские Поляны (Кировская обл.)');
REPLACE INTO city(region_id, name) values (26, 'Зуевка');
REPLACE INTO city(region_id, name) values (26, 'Каринторф');
REPLACE INTO city(region_id, name) values (26, 'Киров (Кировская обл.)');
REPLACE INTO city(region_id, name) values (26, 'Кирово-Чепецк');
REPLACE INTO city(region_id, name) values (26, 'Кирс');
REPLACE INTO city(region_id, name) values (26, 'Кобра');
REPLACE INTO city(region_id, name) values (26, 'Котельнич');
REPLACE INTO city(region_id, name) values (26, 'Кумены');
REPLACE INTO city(region_id, name) values (26, 'Ленинское');
REPLACE INTO city(region_id, name) values (26, 'Луза');
REPLACE INTO city(region_id, name) values (26, 'Малмыж');
REPLACE INTO city(region_id, name) values (26, 'Мураши');
REPLACE INTO city(region_id, name) values (26, 'Нагорск');
REPLACE INTO city(region_id, name) values (26, 'Нема');
REPLACE INTO city(region_id, name) values (26, 'Нововятск');
REPLACE INTO city(region_id, name) values (26, 'Нолинск');
REPLACE INTO city(region_id, name) values (26, 'Омутнинск');
REPLACE INTO city(region_id, name) values (26, 'Опарино');
REPLACE INTO city(region_id, name) values (26, 'Оричи');
REPLACE INTO city(region_id, name) values (26, 'Пижанка');
REPLACE INTO city(region_id, name) values (26, 'Подосиновец');
REPLACE INTO city(region_id, name) values (26, 'Санчурск');
REPLACE INTO city(region_id, name) values (26, 'Свеча');
REPLACE INTO city(region_id, name) values (26, 'Слободской');
REPLACE INTO city(region_id, name) values (26, 'Советск (Кировская обл.)');
REPLACE INTO city(region_id, name) values (26, 'Суна');
REPLACE INTO city(region_id, name) values (26, 'Тужа');
REPLACE INTO city(region_id, name) values (26, 'Уни');
REPLACE INTO city(region_id, name) values (26, 'Уржум');
REPLACE INTO city(region_id, name) values (26, 'Фаленки');
REPLACE INTO city(region_id, name) values (26, 'Халтурин');
REPLACE INTO city(region_id, name) values (26, 'Юрья');
REPLACE INTO city(region_id, name) values (26, 'Яранск');
REPLACE INTO city(region_id, name) values (103, 'Берегомет');
REPLACE INTO city(region_id, name) values (103, 'Вашковцы');
REPLACE INTO city(region_id, name) values (103, 'Вижница');
REPLACE INTO city(region_id, name) values (103, 'Герца');
REPLACE INTO city(region_id, name) values (103, 'Глыбокая');
REPLACE INTO city(region_id, name) values (103, 'Заставна');
REPLACE INTO city(region_id, name) values (103, 'Кельменцы');
REPLACE INTO city(region_id, name) values (103, 'Кицмань');
REPLACE INTO city(region_id, name) values (103, 'Новоселица');
REPLACE INTO city(region_id, name) values (103, 'Путила');
REPLACE INTO city(region_id, name) values (103, 'Сокиряны');
REPLACE INTO city(region_id, name) values (103, 'Сторожинец');
REPLACE INTO city(region_id, name) values (103, 'Хотин');
REPLACE INTO city(region_id, name) values (103, 'Черновцы');
REPLACE INTO city(region_id, name) values (164, 'Barra de Concepcin');
REPLACE INTO city(region_id, name) values (164, 'Iguaz');
REPLACE INTO city(region_id, name) values (164, 'Ober');
REPLACE INTO city(region_id, name) values (164, 'Posadas');
REPLACE INTO city(region_id, name) values (198, 'Белыничи');
REPLACE INTO city(region_id, name) values (198, 'Бобруйск');
REPLACE INTO city(region_id, name) values (198, 'Быхов');
REPLACE INTO city(region_id, name) values (198, 'Глуск');
REPLACE INTO city(region_id, name) values (198, 'Глуша');
REPLACE INTO city(region_id, name) values (198, 'Горки');
REPLACE INTO city(region_id, name) values (198, 'Гродзянка');
REPLACE INTO city(region_id, name) values (198, 'Елизово');
REPLACE INTO city(region_id, name) values (198, 'Кировск');
REPLACE INTO city(region_id, name) values (198, 'Климовичи');
REPLACE INTO city(region_id, name) values (198, 'Кличев');
REPLACE INTO city(region_id, name) values (198, 'Костюковичи');
REPLACE INTO city(region_id, name) values (198, 'Краснополье');
REPLACE INTO city(region_id, name) values (198, 'Кричев');
REPLACE INTO city(region_id, name) values (198, 'Круглое');
REPLACE INTO city(region_id, name) values (198, 'Могилев');
REPLACE INTO city(region_id, name) values (198, 'Мстиславль');
REPLACE INTO city(region_id, name) values (198, 'Осиповичи');
REPLACE INTO city(region_id, name) values (198, 'Славгород');
REPLACE INTO city(region_id, name) values (198, 'Хотимск');
REPLACE INTO city(region_id, name) values (198, 'Чаусы');
REPLACE INTO city(region_id, name) values (198, 'Чериков');
REPLACE INTO city(region_id, name) values (198, 'Шклов');
REPLACE INTO city(region_id, name) values (203, 'Ath');
REPLACE INTO city(region_id, name) values (203, 'Binche');
REPLACE INTO city(region_id, name) values (203, 'Charleroi');
REPLACE INTO city(region_id, name) values (203, 'Chtelet');
REPLACE INTO city(region_id, name) values (203, 'Comines-Warneton');
REPLACE INTO city(region_id, name) values (203, 'Courcelles');
REPLACE INTO city(region_id, name) values (203, 'Dour');
REPLACE INTO city(region_id, name) values (203, 'Ellezelles');
REPLACE INTO city(region_id, name) values (203, 'Fleurus');
REPLACE INTO city(region_id, name) values (203, 'Fontaine-l''''Evque');
REPLACE INTO city(region_id, name) values (203, 'Frameries');
REPLACE INTO city(region_id, name) values (203, 'Gerpinnes');
REPLACE INTO city(region_id, name) values (203, 'La Louvire');
REPLACE INTO city(region_id, name) values (203, 'Manage');
REPLACE INTO city(region_id, name) values (203, 'Mons');
REPLACE INTO city(region_id, name) values (203, 'Mouscron');
REPLACE INTO city(region_id, name) values (213, 'Bahnhof Pirin');
REPLACE INTO city(region_id, name) values (213, 'Bansko');
REPLACE INTO city(region_id, name) values (213, 'Belitsa');
REPLACE INTO city(region_id, name) values (213, 'Blagoevgrad');
REPLACE INTO city(region_id, name) values (213, 'Gotse Delchev');
REPLACE INTO city(region_id, name) values (213, 'Petric');
REPLACE INTO city(region_id, name) values (213, 'Petrich');
REPLACE INTO city(region_id, name) values (213, 'Sandanski');
REPLACE INTO city(region_id, name) values (213, 'Strumyani');
REPLACE INTO region(id, country_id, name) values (242, 27, 'Chuquisaca');
REPLACE INTO region(id, country_id, name) values (243, 27, 'Cochabamba');
REPLACE INTO region(id, country_id, name) values (244, 27, 'El Beni');
REPLACE INTO region(id, country_id, name) values (245, 27, 'La Paz');
REPLACE INTO region(id, country_id, name) values (246, 27, 'None');
REPLACE INTO region(id, country_id, name) values (247, 27, 'Oruro');
REPLACE INTO region(id, country_id, name) values (248, 27, 'Potos');
REPLACE INTO region(id, country_id, name) values (249, 27, 'Santa Cruz');
REPLACE INTO city(region_id, name) values (27, 'Абезь');
REPLACE INTO city(region_id, name) values (27, 'Адзьвавом');
REPLACE INTO city(region_id, name) values (27, 'Айкино');
REPLACE INTO city(region_id, name) values (27, 'Верхняя Инта');
REPLACE INTO city(region_id, name) values (27, 'Визинга');
REPLACE INTO city(region_id, name) values (27, 'Водный');
REPLACE INTO city(region_id, name) values (27, 'Воркута');
REPLACE INTO city(region_id, name) values (27, 'Вуктыл');
REPLACE INTO city(region_id, name) values (27, 'Елецкий');
REPLACE INTO city(region_id, name) values (27, 'Емва');
REPLACE INTO city(region_id, name) values (27, 'Жешарт');
REPLACE INTO city(region_id, name) values (27, 'Заполярный');
REPLACE INTO city(region_id, name) values (27, 'Ижма');
REPLACE INTO city(region_id, name) values (27, 'Инта');
REPLACE INTO city(region_id, name) values (27, 'Ираель');
REPLACE INTO city(region_id, name) values (27, 'Каджером');
REPLACE INTO city(region_id, name) values (27, 'Кажым');
REPLACE INTO city(region_id, name) values (27, 'Кожым');
REPLACE INTO city(region_id, name) values (27, 'Койгородок');
REPLACE INTO city(region_id, name) values (27, 'Корткерос');
REPLACE INTO city(region_id, name) values (27, 'Кослан');
REPLACE INTO city(region_id, name) values (27, 'Микунь');
REPLACE INTO city(region_id, name) values (27, 'Нижний Одес');
REPLACE INTO city(region_id, name) values (27, 'Объячево');
REPLACE INTO city(region_id, name) values (27, 'Печора');
REPLACE INTO city(region_id, name) values (27, 'Сосногорск');
REPLACE INTO city(region_id, name) values (27, 'Сыктывкар');
REPLACE INTO city(region_id, name) values (27, 'Троицко-Печерск');
REPLACE INTO city(region_id, name) values (27, 'Усинск');
REPLACE INTO city(region_id, name) values (27, 'Усогорск');
REPLACE INTO city(region_id, name) values (27, 'Усть-Кулом');
REPLACE INTO city(region_id, name) values (27, 'Усть-Цильма');
REPLACE INTO city(region_id, name) values (27, 'Ухта');
REPLACE INTO city(region_id, name) values (165, 'Astra');
REPLACE INTO city(region_id, name) values (165, 'Neuqun');
REPLACE INTO city(region_id, name) values (204, 'Amay');
REPLACE INTO city(region_id, name) values (204, 'Ans');
REPLACE INTO city(region_id, name) values (204, 'Awans');
REPLACE INTO city(region_id, name) values (204, 'Aywaille');
REPLACE INTO city(region_id, name) values (204, 'Baelen');
REPLACE INTO city(region_id, name) values (204, 'Berloz');
REPLACE INTO city(region_id, name) values (204, 'Brunehaut');
REPLACE INTO city(region_id, name) values (204, 'Bllingen');
REPLACE INTO city(region_id, name) values (204, 'Celles');
REPLACE INTO city(region_id, name) values (204, 'Chaudfontaine');
REPLACE INTO city(region_id, name) values (204, 'Dison');
REPLACE INTO city(region_id, name) values (204, 'Eupen');
REPLACE INTO city(region_id, name) values (204, 'Kelmis');
REPLACE INTO city(region_id, name) values (204, 'Lige');
REPLACE INTO city(region_id, name) values (204, 'Malmedy');
REPLACE INTO city(region_id, name) values (204, 'Oreye');
REPLACE INTO city(region_id, name) values (204, 'Raeren');
REPLACE INTO city(region_id, name) values (204, 'Saint-Nicolas');
REPLACE INTO city(region_id, name) values (204, 'Sankt Vith');
REPLACE INTO city(region_id, name) values (204, 'Spa');
REPLACE INTO city(region_id, name) values (204, 'Tournai');
REPLACE INTO city(region_id, name) values (204, 'Verviers');
REPLACE INTO city(region_id, name) values (204, 'Waimes');
REPLACE INTO city(region_id, name) values (214, 'Abdioglu K''''oy');
REPLACE INTO city(region_id, name) values (214, 'Abtarazak');
REPLACE INTO city(region_id, name) values (214, 'Achlare');
REPLACE INTO city(region_id, name) values (214, 'Achtopol');
REPLACE INTO city(region_id, name) values (214, 'Aclari');
REPLACE INTO city(region_id, name) values (214, 'Aclart');
REPLACE INTO city(region_id, name) values (214, 'Ahiolo');
REPLACE INTO city(region_id, name) values (214, 'Aitos');
REPLACE INTO city(region_id, name) values (214, 'Ajtos');
REPLACE INTO city(region_id, name) values (214, 'Balgari');
REPLACE INTO city(region_id, name) values (214, 'Bourgas');
REPLACE INTO city(region_id, name) values (214, 'Burgas');
REPLACE INTO city(region_id, name) values (214, 'Burgaz');
REPLACE INTO city(region_id, name) values (214, 'Burghaz');
REPLACE INTO city(region_id, name) values (214, 'Cerni Vruch');
REPLACE INTO city(region_id, name) values (214, 'Chernomorets');
REPLACE INTO city(region_id, name) values (214, 'Chibuklii');
REPLACE INTO city(region_id, name) values (214, 'Gyulyuvitsa');
REPLACE INTO city(region_id, name) values (214, 'Kameno');
REPLACE INTO city(region_id, name) values (214, 'Karnabat');
REPLACE INTO city(region_id, name) values (214, 'Karnobat');
REPLACE INTO city(region_id, name) values (214, 'Losenez');
REPLACE INTO city(region_id, name) values (214, 'Nesebar');
REPLACE INTO city(region_id, name) values (214, 'Neseber');
REPLACE INTO city(region_id, name) values (214, 'Nesebr');
REPLACE INTO city(region_id, name) values (214, 'Nessebar');
REPLACE INTO city(region_id, name) values (214, 'Obzor');
REPLACE INTO city(region_id, name) values (214, 'Pomorie');
REPLACE INTO city(region_id, name) values (214, 'Pomoriye');
REPLACE INTO city(region_id, name) values (214, 'Primorsko');
REPLACE INTO city(region_id, name) values (214, 'Sarafovo');
REPLACE INTO city(region_id, name) values (214, 'Sarefovo');
REPLACE INTO city(region_id, name) values (214, 'Sizopol');
REPLACE INTO city(region_id, name) values (214, 'Sosopol');
REPLACE INTO city(region_id, name) values (214, 'Sozopol');
REPLACE INTO city(region_id, name) values (214, 'Sveti Vlas');
REPLACE INTO city(region_id, name) values (242, 'Alcautal');
REPLACE INTO city(region_id, name) values (242, 'Algodonal');
REPLACE INTO city(region_id, name) values (242, 'Allangua');
REPLACE INTO city(region_id, name) values (242, 'Amachuma');
REPLACE INTO city(region_id, name) values (242, 'Ciudad Sucre');
REPLACE INTO region(id, country_id, name) values (250, 28, 'Federation of Bosnia and Herzegovina');
REPLACE INTO region(id, country_id, name) values (251, 28, 'None');
REPLACE INTO region(id, country_id, name) values (252, 28, 'Republika Srpska');
REPLACE INTO city(region_id, name) values (28, 'Антропово');
REPLACE INTO city(region_id, name) values (28, 'Боговарово');
REPLACE INTO city(region_id, name) values (28, 'Буй');
REPLACE INTO city(region_id, name) values (28, 'Волгореченск');
REPLACE INTO city(region_id, name) values (28, 'Галич');
REPLACE INTO city(region_id, name) values (28, 'Горчуха');
REPLACE INTO city(region_id, name) values (28, 'Зебляки');
REPLACE INTO city(region_id, name) values (28, 'Кадый');
REPLACE INTO city(region_id, name) values (28, 'Кологрив');
REPLACE INTO city(region_id, name) values (28, 'Кострома');
REPLACE INTO city(region_id, name) values (28, 'Красное-на-Волге');
REPLACE INTO city(region_id, name) values (28, 'Макарьев');
REPLACE INTO city(region_id, name) values (28, 'Мантурово');
REPLACE INTO city(region_id, name) values (28, 'Нерехта');
REPLACE INTO city(region_id, name) values (28, 'Нея');
REPLACE INTO city(region_id, name) values (28, 'Островское');
REPLACE INTO city(region_id, name) values (28, 'Павино');
REPLACE INTO city(region_id, name) values (28, 'Парфентьево');
REPLACE INTO city(region_id, name) values (28, 'Поназырево');
REPLACE INTO city(region_id, name) values (28, 'Солигалич');
REPLACE INTO city(region_id, name) values (28, 'Судиславль');
REPLACE INTO city(region_id, name) values (28, 'Сусанино');
REPLACE INTO city(region_id, name) values (28, 'Чухлома');
REPLACE INTO city(region_id, name) values (28, 'Шарья');
REPLACE INTO city(region_id, name) values (28, 'Шемятино');
REPLACE INTO city(region_id, name) values (166, 'Allen');
REPLACE INTO city(region_id, name) values (166, 'Bariloche');
REPLACE INTO city(region_id, name) values (166, 'Benjamn Zorrilla');
REPLACE INTO city(region_id, name) values (166, 'Boliche');
REPLACE INTO city(region_id, name) values (166, 'General Roca');
REPLACE INTO city(region_id, name) values (166, 'Viedma');
REPLACE INTO city(region_id, name) values (166, 'Villa Regina');
REPLACE INTO city(region_id, name) values (205, 'Alken');
REPLACE INTO city(region_id, name) values (205, 'As');
REPLACE INTO city(region_id, name) values (205, 'Beringen');
REPLACE INTO city(region_id, name) values (205, 'Bilzen');
REPLACE INTO city(region_id, name) values (205, 'Borgloon');
REPLACE INTO city(region_id, name) values (205, 'Bree');
REPLACE INTO city(region_id, name) values (205, 'Dilsen-Stokkem');
REPLACE INTO city(region_id, name) values (205, 'Halen');
REPLACE INTO city(region_id, name) values (205, 'Ham');
REPLACE INTO city(region_id, name) values (205, 'Hasselt');
REPLACE INTO city(region_id, name) values (205, 'Heers');
REPLACE INTO city(region_id, name) values (205, 'Heusden-Zolder');
REPLACE INTO city(region_id, name) values (205, 'Hoeselt');
REPLACE INTO city(region_id, name) values (205, 'Houthalen-Helchteren');
REPLACE INTO city(region_id, name) values (205, 'Lanaken');
REPLACE INTO city(region_id, name) values (205, 'Leopoldsburg');
REPLACE INTO city(region_id, name) values (205, 'Lommel');
REPLACE INTO city(region_id, name) values (205, 'Lummen');
REPLACE INTO city(region_id, name) values (205, 'Maaseik');
REPLACE INTO city(region_id, name) values (205, 'Maasmechelen');
REPLACE INTO city(region_id, name) values (205, 'Neerpelt');
REPLACE INTO city(region_id, name) values (205, 'Overpelt');
REPLACE INTO city(region_id, name) values (205, 'Peer');
REPLACE INTO city(region_id, name) values (205, 'Sint-Truiden');
REPLACE INTO city(region_id, name) values (205, 'Tessenderlo');
REPLACE INTO city(region_id, name) values (205, 'Tongeren');
REPLACE INTO city(region_id, name) values (205, 'Wellen');
REPLACE INTO city(region_id, name) values (205, 'Zonhoven');
REPLACE INTO city(region_id, name) values (215, 'Balchik');
REPLACE INTO city(region_id, name) values (215, 'Dobric');
REPLACE INTO city(region_id, name) values (215, 'Dobrich');
REPLACE INTO city(region_id, name) values (215, 'Dobritch');
REPLACE INTO city(region_id, name) values (215, 'General Tosevo');
REPLACE INTO city(region_id, name) values (215, 'Kavarna');
REPLACE INTO city(region_id, name) values (215, 'Krusari');
REPLACE INTO city(region_id, name) values (215, 'Krushari');
REPLACE INTO city(region_id, name) values (243, 'Abra');
REPLACE INTO city(region_id, name) values (243, 'Andenpampa');
REPLACE INTO city(region_id, name) values (243, 'Ciudad Cochabamba');
REPLACE INTO city(region_id, name) values (243, 'Cochabamba');
REPLACE INTO city(region_id, name) values (243, 'Quillacollo');
REPLACE INTO city(region_id, name) values (243, 'Sipe Sipe');
REPLACE INTO city(region_id, name) values (250, 'Abdakovici');
REPLACE INTO city(region_id, name) values (250, 'Alipasino Polje');
REPLACE INTO city(region_id, name) values (250, 'Arapi');
REPLACE INTO city(region_id, name) values (250, 'Jelah');
REPLACE INTO city(region_id, name) values (250, 'Mandiri');
REPLACE INTO city(region_id, name) values (250, 'Mostar');
REPLACE INTO city(region_id, name) values (250, 'Tuzlanska');
REPLACE INTO city(region_id, name) values (250, 'Visoko');
REPLACE INTO city(region_id, name) values (250, 'Vitez');
REPLACE INTO city(region_id, name) values (250, 'Zenica');
REPLACE INTO region(id, country_id, name) values (253, 29, 'Ботсвана');
REPLACE INTO city(region_id, name) values (29, 'Абинск');
REPLACE INTO city(region_id, name) values (29, 'Абрау-Дюрсо');
REPLACE INTO city(region_id, name) values (29, 'Адлер');
REPLACE INTO city(region_id, name) values (29, 'Анапа');
REPLACE INTO city(region_id, name) values (29, 'Апшеронск');
REPLACE INTO city(region_id, name) values (29, 'Армавир');
REPLACE INTO city(region_id, name) values (29, 'Архипо-Осиповка');
REPLACE INTO city(region_id, name) values (29, 'Афипский');
REPLACE INTO city(region_id, name) values (29, 'Ахтырский');
REPLACE INTO city(region_id, name) values (29, 'Ачуево');
REPLACE INTO city(region_id, name) values (29, 'Белая Глина');
REPLACE INTO city(region_id, name) values (29, 'Белореченск');
REPLACE INTO city(region_id, name) values (29, 'Верхнебаканский');
REPLACE INTO city(region_id, name) values (29, 'Выселки');
REPLACE INTO city(region_id, name) values (29, 'Геленджик');
REPLACE INTO city(region_id, name) values (29, 'Гиагинская');
REPLACE INTO city(region_id, name) values (29, 'Горячий Ключ');
REPLACE INTO city(region_id, name) values (29, 'Гулькевичи');
REPLACE INTO city(region_id, name) values (29, 'Джубга');
REPLACE INTO city(region_id, name) values (29, 'Динская');
REPLACE INTO city(region_id, name) values (29, 'Ейск');
REPLACE INTO city(region_id, name) values (29, 'Ильский');
REPLACE INTO city(region_id, name) values (29, 'Кабардинка');
REPLACE INTO city(region_id, name) values (29, 'Калинино');
REPLACE INTO city(region_id, name) values (29, 'Калининская');
REPLACE INTO city(region_id, name) values (29, 'Каменномостский');
REPLACE INTO city(region_id, name) values (29, 'Каневская');
REPLACE INTO city(region_id, name) values (29, 'Кореновск');
REPLACE INTO city(region_id, name) values (29, 'Красноармейская');
REPLACE INTO city(region_id, name) values (29, 'Краснодар');
REPLACE INTO city(region_id, name) values (29, 'Кропоткин');
REPLACE INTO city(region_id, name) values (29, 'Крыловская');
REPLACE INTO city(region_id, name) values (29, 'Крымск');
REPLACE INTO city(region_id, name) values (29, 'Курганинск');
REPLACE INTO city(region_id, name) values (29, 'Кущевская');
REPLACE INTO city(region_id, name) values (29, 'Лабинск');
REPLACE INTO city(region_id, name) values (29, 'Лазаревское');
REPLACE INTO city(region_id, name) values (29, 'Ленинградская');
REPLACE INTO city(region_id, name) values (29, 'Майкоп (Краснодарский край)');
REPLACE INTO city(region_id, name) values (29, 'Мостовской');
REPLACE INTO city(region_id, name) values (29, 'Новокубанск');
REPLACE INTO city(region_id, name) values (29, 'Новороссийск');
REPLACE INTO city(region_id, name) values (29, 'Отрадная');
REPLACE INTO city(region_id, name) values (29, 'Павловская');
REPLACE INTO city(region_id, name) values (29, 'Приморско-Ахтарск');
REPLACE INTO city(region_id, name) values (29, 'Северская');
REPLACE INTO city(region_id, name) values (29, 'Славянск-на-Кубани');
REPLACE INTO city(region_id, name) values (29, 'Сочи');
REPLACE INTO city(region_id, name) values (29, 'Староминская');
REPLACE INTO city(region_id, name) values (29, 'Старощербиновская');
REPLACE INTO city(region_id, name) values (29, 'Тбилисская');
REPLACE INTO city(region_id, name) values (29, 'Темрюк');
REPLACE INTO city(region_id, name) values (29, 'Тимашевск');
REPLACE INTO city(region_id, name) values (29, 'Тихорецк');
REPLACE INTO city(region_id, name) values (29, 'Туапсе');
REPLACE INTO city(region_id, name) values (29, 'Тульский');
REPLACE INTO city(region_id, name) values (29, 'Усть-Лабинск');
REPLACE INTO city(region_id, name) values (29, 'Хадыженск');
REPLACE INTO city(region_id, name) values (29, 'Хоста');
REPLACE INTO city(region_id, name) values (29, 'Шовгеновский');
REPLACE INTO city(region_id, name) values (167, 'Orn');
REPLACE INTO city(region_id, name) values (206, 'Arlon');
REPLACE INTO city(region_id, name) values (206, 'Aubange');
REPLACE INTO city(region_id, name) values (206, 'Bastogne');
REPLACE INTO city(region_id, name) values (206, 'Bertrix');
REPLACE INTO city(region_id, name) values (206, 'Bouillon');
REPLACE INTO city(region_id, name) values (206, 'Chiny');
REPLACE INTO city(region_id, name) values (206, 'Durbuy');
REPLACE INTO city(region_id, name) values (206, 'Etalle');
REPLACE INTO city(region_id, name) values (206, 'Florenville');
REPLACE INTO city(region_id, name) values (206, 'Habay');
REPLACE INTO city(region_id, name) values (206, 'La Roche-en-Ardenne');
REPLACE INTO city(region_id, name) values (206, 'Lglise');
REPLACE INTO city(region_id, name) values (206, 'Libin');
REPLACE INTO city(region_id, name) values (206, 'Manhay');
REPLACE INTO city(region_id, name) values (206, 'Marche-en-Famenne');
REPLACE INTO city(region_id, name) values (206, 'Messancy');
REPLACE INTO city(region_id, name) values (206, 'Rendeux');
REPLACE INTO city(region_id, name) values (206, 'Tellin');
REPLACE INTO city(region_id, name) values (206, 'Tenneville');
REPLACE INTO city(region_id, name) values (206, 'Tintigny');
REPLACE INTO city(region_id, name) values (206, 'Virton');
REPLACE INTO city(region_id, name) values (206, 'Wellin');
REPLACE INTO city(region_id, name) values (216, 'Dryanovo');
REPLACE INTO city(region_id, name) values (216, 'Gabrovo');
REPLACE INTO city(region_id, name) values (216, 'Gabrowo');
REPLACE INTO city(region_id, name) values (216, 'Sevlievo');
REPLACE INTO city(region_id, name) values (216, 'Trevna');
REPLACE INTO city(region_id, name) values (216, 'Trjavna');
REPLACE INTO city(region_id, name) values (216, 'Tryavna');
REPLACE INTO city(region_id, name) values (244, 'Aparejos');
REPLACE INTO city(region_id, name) values (244, 'Asociega');
REPLACE INTO city(region_id, name) values (244, 'Libertad');
REPLACE INTO city(region_id, name) values (251, 'Alici');
REPLACE INTO city(region_id, name) values (251, 'Begovac');
REPLACE INTO city(region_id, name) values (251, 'Dobrinja');
REPLACE INTO city(region_id, name) values (251, 'Kraljevo Polje');
REPLACE INTO city(region_id, name) values (251, 'Litva');
REPLACE INTO city(region_id, name) values (251, 'Sarajevo');
REPLACE INTO city(region_id, name) values (251, 'Tuzla');
REPLACE INTO city(region_id, name) values (253, 'Габороне');
REPLACE INTO city(region_id, name) values (253, 'Серове');
REPLACE INTO city(region_id, name) values (253, 'Шакаве');
REPLACE INTO region(id, country_id, name) values (254, 30, 'Acre');
REPLACE INTO region(id, country_id, name) values (255, 30, 'Alagoas');
REPLACE INTO region(id, country_id, name) values (256, 30, 'Amapa');
REPLACE INTO region(id, country_id, name) values (257, 30, 'Amazonas');
REPLACE INTO region(id, country_id, name) values (258, 30, 'Bahia');
REPLACE INTO region(id, country_id, name) values (259, 30, 'Ceara');
REPLACE INTO region(id, country_id, name) values (260, 30, 'Distrito Federal');
REPLACE INTO region(id, country_id, name) values (261, 30, 'Espirito Santo');
REPLACE INTO region(id, country_id, name) values (262, 30, 'Goias');
REPLACE INTO region(id, country_id, name) values (263, 30, 'Maranhao');
REPLACE INTO region(id, country_id, name) values (264, 30, 'Minas Gerais');
REPLACE INTO region(id, country_id, name) values (265, 30, 'Paraiba');
REPLACE INTO region(id, country_id, name) values (266, 30, 'Parana');
REPLACE INTO region(id, country_id, name) values (267, 30, 'Rio de Janeiro');
REPLACE INTO region(id, country_id, name) values (268, 30, 'Rio Grande do Norte');
REPLACE INTO region(id, country_id, name) values (269, 30, 'Rio Grande do Sul');
REPLACE INTO region(id, country_id, name) values (270, 30, 'Rondonia');
REPLACE INTO region(id, country_id, name) values (271, 30, 'Roraima');
REPLACE INTO region(id, country_id, name) values (272, 30, 'Santa Catarina');
REPLACE INTO region(id, country_id, name) values (273, 30, 'Sao Paulo');
REPLACE INTO region(id, country_id, name) values (274, 30, 'Sergipe');
REPLACE INTO city(region_id, name) values (30, 'Абаза');
REPLACE INTO city(region_id, name) values (30, 'Абакан');
REPLACE INTO city(region_id, name) values (30, 'Агинское');
REPLACE INTO city(region_id, name) values (30, 'Артемовск');
REPLACE INTO city(region_id, name) values (30, 'Аскиз');
REPLACE INTO city(region_id, name) values (30, 'Ачинск');
REPLACE INTO city(region_id, name) values (30, 'Байкит');
REPLACE INTO city(region_id, name) values (30, 'Балахта');
REPLACE INTO city(region_id, name) values (30, 'Балыкса');
REPLACE INTO city(region_id, name) values (30, 'Белый Яр');
REPLACE INTO city(region_id, name) values (30, 'Бея');
REPLACE INTO city(region_id, name) values (30, 'Бискамжа');
REPLACE INTO city(region_id, name) values (30, 'Боготол');
REPLACE INTO city(region_id, name) values (30, 'Боград');
REPLACE INTO city(region_id, name) values (30, 'Богучаны');
REPLACE INTO city(region_id, name) values (30, 'Большая Мурта');
REPLACE INTO city(region_id, name) values (30, 'Большой Улуй');
REPLACE INTO city(region_id, name) values (30, 'Бородино (Красноярский край)');
REPLACE INTO city(region_id, name) values (30, 'Ванавара');
REPLACE INTO city(region_id, name) values (30, 'Верхнеимбатск');
REPLACE INTO city(region_id, name) values (30, 'Горячегорск');
REPLACE INTO city(region_id, name) values (30, 'Дзержинское');
REPLACE INTO city(region_id, name) values (30, 'Дивногорск');
REPLACE INTO city(region_id, name) values (30, 'Диксон');
REPLACE INTO city(region_id, name) values (30, 'Дудинка');
REPLACE INTO city(region_id, name) values (30, 'Емельяново');
REPLACE INTO city(region_id, name) values (30, 'Енисейск');
REPLACE INTO city(region_id, name) values (30, 'Ермаковское');
REPLACE INTO city(region_id, name) values (30, 'Железногорск');
REPLACE INTO city(region_id, name) values (30, 'Заозерный');
REPLACE INTO city(region_id, name) values (30, 'Зеленогорск (Красноярский край)');
REPLACE INTO city(region_id, name) values (30, 'Игарка');
REPLACE INTO city(region_id, name) values (30, 'Идринское');
REPLACE INTO city(region_id, name) values (30, 'Иланский');
REPLACE INTO city(region_id, name) values (30, 'Ирбейское');
REPLACE INTO city(region_id, name) values (30, 'Казачинское (Красноярский край)');
REPLACE INTO city(region_id, name) values (30, 'Канск');
REPLACE INTO city(region_id, name) values (30, 'Каратузское');
REPLACE INTO city(region_id, name) values (30, 'Караул');
REPLACE INTO city(region_id, name) values (30, 'Кодинск');
REPLACE INTO city(region_id, name) values (30, 'Козулька');
REPLACE INTO city(region_id, name) values (30, 'Копьево');
REPLACE INTO city(region_id, name) values (30, 'Краснотуранск');
REPLACE INTO city(region_id, name) values (30, 'Красноярск');
REPLACE INTO city(region_id, name) values (30, 'Курагино');
REPLACE INTO city(region_id, name) values (30, 'Лесосибирск');
REPLACE INTO city(region_id, name) values (30, 'Минусинск');
REPLACE INTO city(region_id, name) values (30, 'Мотыгино');
REPLACE INTO city(region_id, name) values (30, 'Назарово');
REPLACE INTO city(region_id, name) values (30, 'Нижний Ингаш');
REPLACE INTO city(region_id, name) values (30, 'Новоселово');
REPLACE INTO city(region_id, name) values (30, 'Норильск');
REPLACE INTO city(region_id, name) values (30, 'Партизанское');
REPLACE INTO city(region_id, name) values (30, 'Пировское');
REPLACE INTO city(region_id, name) values (30, 'Северо-Енисейский');
REPLACE INTO city(region_id, name) values (30, 'Сосновоборск (Красноярский край)');
REPLACE INTO city(region_id, name) values (30, 'Тасеево');
REPLACE INTO city(region_id, name) values (30, 'Таштып');
REPLACE INTO city(region_id, name) values (30, 'Тура');
REPLACE INTO city(region_id, name) values (30, 'Туруханск');
REPLACE INTO city(region_id, name) values (30, 'Тюхтет');
REPLACE INTO city(region_id, name) values (30, 'Ужур');
REPLACE INTO city(region_id, name) values (30, 'Уяр');
REPLACE INTO city(region_id, name) values (30, 'Хатанга');
REPLACE INTO city(region_id, name) values (30, 'Черемушки');
REPLACE INTO city(region_id, name) values (30, 'Черногорск');
REPLACE INTO city(region_id, name) values (30, 'Шалинское');
REPLACE INTO city(region_id, name) values (30, 'Шарыпово (Красноярский край)');
REPLACE INTO city(region_id, name) values (30, 'Шира');
REPLACE INTO city(region_id, name) values (30, 'Шушенское');
REPLACE INTO city(region_id, name) values (168, 'Alto de Sierra');
REPLACE INTO city(region_id, name) values (168, 'Bella Vista');
REPLACE INTO city(region_id, name) values (168, 'Rivadavia');
REPLACE INTO city(region_id, name) values (168, 'Villa Krause');
REPLACE INTO city(region_id, name) values (207, 'Andenne');
REPLACE INTO city(region_id, name) values (207, 'Anhe');
REPLACE INTO city(region_id, name) values (207, 'Cerfontaine');
REPLACE INTO city(region_id, name) values (207, 'Dinant');
REPLACE INTO city(region_id, name) values (207, 'Doische');
REPLACE INTO city(region_id, name) values (207, 'Fosses-la-Ville');
REPLACE INTO city(region_id, name) values (207, 'Mettet');
REPLACE INTO city(region_id, name) values (207, 'Namur');
REPLACE INTO city(region_id, name) values (207, 'Philippeville');
REPLACE INTO city(region_id, name) values (207, 'Viroinval');
REPLACE INTO city(region_id, name) values (207, 'Yvoir');
REPLACE INTO city(region_id, name) values (217, 'Aleksandur Voykov');
REPLACE INTO city(region_id, name) values (217, 'Banki');
REPLACE INTO city(region_id, name) values (217, 'Bankia');
REPLACE INTO city(region_id, name) values (217, 'Bankja');
REPLACE INTO city(region_id, name) values (217, 'Benkovski');
REPLACE INTO city(region_id, name) values (217, 'Boyana');
REPLACE INTO city(region_id, name) values (217, 'Bussmanzi');
REPLACE INTO city(region_id, name) values (217, 'Celopecene');
REPLACE INTO city(region_id, name) values (217, 'Gorubljane');
REPLACE INTO city(region_id, name) values (217, 'Gradska Chast');
REPLACE INTO city(region_id, name) values (217, 'Obelya');
REPLACE INTO city(region_id, name) values (217, 'Sofia');
REPLACE INTO city(region_id, name) values (217, 'Sofija');
REPLACE INTO city(region_id, name) values (217, 'Sofiya');
REPLACE INTO city(region_id, name) values (217, 'Yana');
REPLACE INTO city(region_id, name) values (245, 'Abara');
REPLACE INTO city(region_id, name) values (245, 'Achacachi');
REPLACE INTO city(region_id, name) values (245, 'Achicuiri');
REPLACE INTO city(region_id, name) values (245, 'Achila');
REPLACE INTO city(region_id, name) values (245, 'Achumani');
REPLACE INTO city(region_id, name) values (245, 'Caranavi');
REPLACE INTO city(region_id, name) values (245, 'Ciudad La Paz');
REPLACE INTO city(region_id, name) values (245, 'La Paz');
REPLACE INTO city(region_id, name) values (245, 'Pipini');
REPLACE INTO city(region_id, name) values (245, 'Puerto Rico');
REPLACE INTO city(region_id, name) values (252, 'Alici');
REPLACE INTO city(region_id, name) values (252, 'Banialuca');
REPLACE INTO city(region_id, name) values (252, 'Banja Luka');
REPLACE INTO city(region_id, name) values (252, 'Bijeljani');
REPLACE INTO city(region_id, name) values (252, 'Bijeljina');
REPLACE INTO city(region_id, name) values (252, 'Doboj');
REPLACE INTO city(region_id, name) values (252, 'Pristina');
REPLACE INTO city(region_id, name) values (252, 'Srebrnica');
REPLACE INTO city(region_id, name) values (252, 'Trebinje');
REPLACE INTO city(region_id, name) values (254, 'Alto Alegre');
REPLACE INTO city(region_id, name) values (254, 'Athenas');
REPLACE INTO city(region_id, name) values (254, 'Rio Branco');
REPLACE INTO region(id, country_id, name) values (275, 31, 'Род-Таун');
REPLACE INTO city(region_id, name) values (31, 'Варгаши');
REPLACE INTO city(region_id, name) values (31, 'Глядянское');
REPLACE INTO city(region_id, name) values (31, 'Далматово');
REPLACE INTO city(region_id, name) values (31, 'Каргаполье');
REPLACE INTO city(region_id, name) values (31, 'Катайск');
REPLACE INTO city(region_id, name) values (31, 'Кетово');
REPLACE INTO city(region_id, name) values (31, 'Курган');
REPLACE INTO city(region_id, name) values (31, 'Куртамыш');
REPLACE INTO city(region_id, name) values (31, 'Лебяжье');
REPLACE INTO city(region_id, name) values (31, 'Макушино');
REPLACE INTO city(region_id, name) values (31, 'Мишкино');
REPLACE INTO city(region_id, name) values (31, 'Мокроусово');
REPLACE INTO city(region_id, name) values (31, 'Петухово');
REPLACE INTO city(region_id, name) values (31, 'Половинное');
REPLACE INTO city(region_id, name) values (31, 'Сафакулево');
REPLACE INTO city(region_id, name) values (31, 'Целинное');
REPLACE INTO city(region_id, name) values (31, 'Шадринск');
REPLACE INTO city(region_id, name) values (31, 'Шатрово');
REPLACE INTO city(region_id, name) values (31, 'Шумиха');
REPLACE INTO city(region_id, name) values (31, 'Щучье');
REPLACE INTO city(region_id, name) values (31, 'Юргамыш');
REPLACE INTO city(region_id, name) values (169, 'Arizona');
REPLACE INTO city(region_id, name) values (169, 'Saladillo');
REPLACE INTO city(region_id, name) values (208, 'Aalst');
REPLACE INTO city(region_id, name) values (208, 'Berlare');
REPLACE INTO city(region_id, name) values (208, 'Beveren');
REPLACE INTO city(region_id, name) values (208, 'De Pinte');
REPLACE INTO city(region_id, name) values (208, 'Deinze');
REPLACE INTO city(region_id, name) values (208, 'Denderleeuw');
REPLACE INTO city(region_id, name) values (208, 'Dendermonde');
REPLACE INTO city(region_id, name) values (208, 'Erpe-Mere');
REPLACE INTO city(region_id, name) values (208, 'Gent');
REPLACE INTO city(region_id, name) values (208, 'Geraardsbergen');
REPLACE INTO city(region_id, name) values (208, 'Hamme');
REPLACE INTO city(region_id, name) values (208, 'Lebbeke');
REPLACE INTO city(region_id, name) values (208, 'Lede');
REPLACE INTO city(region_id, name) values (208, 'Lierde');
REPLACE INTO city(region_id, name) values (208, 'Melle');
REPLACE INTO city(region_id, name) values (208, 'Merelbeke');
REPLACE INTO city(region_id, name) values (208, 'Ninove');
REPLACE INTO city(region_id, name) values (208, 'Oudenaarde');
REPLACE INTO city(region_id, name) values (208, 'Ronse');
REPLACE INTO city(region_id, name) values (208, 'Sint-Niklaas');
REPLACE INTO city(region_id, name) values (208, 'Temse');
REPLACE INTO city(region_id, name) values (218, 'Bakulur');
REPLACE INTO city(region_id, name) values (218, 'Chaskovo');
REPLACE INTO city(region_id, name) values (218, 'Derviska-Mogila');
REPLACE INTO city(region_id, name) values (218, 'Dimitrovgrad');
REPLACE INTO city(region_id, name) values (218, 'Harmanli');
REPLACE INTO city(region_id, name) values (218, 'Harmanly');
REPLACE INTO city(region_id, name) values (218, 'Haskovo');
REPLACE INTO city(region_id, name) values (218, 'Ivaylovgrad');
REPLACE INTO city(region_id, name) values (218, 'Khaskovo');
REPLACE INTO city(region_id, name) values (218, 'Khrastovo');
REPLACE INTO city(region_id, name) values (218, 'Malevo');
REPLACE INTO city(region_id, name) values (218, 'Simeonovgrad');
REPLACE INTO city(region_id, name) values (218, 'Slivengrad');
REPLACE INTO city(region_id, name) values (218, 'Svilengrad');
REPLACE INTO city(region_id, name) values (218, 'Svilengrade');
REPLACE INTO city(region_id, name) values (218, 'Topolowgrad');
REPLACE INTO city(region_id, name) values (246, 'Yumao');
REPLACE INTO city(region_id, name) values (255, 'Agreste');
REPLACE INTO city(region_id, name) values (255, 'Macei');
REPLACE INTO city(region_id, name) values (275, 'Род-Таун');
REPLACE INTO region(id, country_id, name) values (276, 32, 'Бруней');
REPLACE INTO city(region_id, name) values (32, 'Альменево');
REPLACE INTO city(region_id, name) values (32, 'Белая');
REPLACE INTO city(region_id, name) values (32, 'Большое Солдатское');
REPLACE INTO city(region_id, name) values (32, 'Глушково');
REPLACE INTO city(region_id, name) values (32, 'Горшечное');
REPLACE INTO city(region_id, name) values (32, 'Дмитриев-Льговский');
REPLACE INTO city(region_id, name) values (32, 'Железногорск');
REPLACE INTO city(region_id, name) values (32, 'Золотухино');
REPLACE INTO city(region_id, name) values (32, 'Касторное');
REPLACE INTO city(region_id, name) values (32, 'Конышевка');
REPLACE INTO city(region_id, name) values (32, 'Коренево');
REPLACE INTO city(region_id, name) values (32, 'Курск');
REPLACE INTO city(region_id, name) values (32, 'Курчатов');
REPLACE INTO city(region_id, name) values (32, 'Кшенский');
REPLACE INTO city(region_id, name) values (32, 'Льгов');
REPLACE INTO city(region_id, name) values (32, 'Мантурово');
REPLACE INTO city(region_id, name) values (32, 'Медвенка');
REPLACE INTO city(region_id, name) values (32, 'Обоянь');
REPLACE INTO city(region_id, name) values (32, 'Поныри');
REPLACE INTO city(region_id, name) values (32, 'Пристень');
REPLACE INTO city(region_id, name) values (32, 'Прямицыно');
REPLACE INTO city(region_id, name) values (32, 'Рыльск');
REPLACE INTO city(region_id, name) values (32, 'Суджа');
REPLACE INTO city(region_id, name) values (32, 'Тим');
REPLACE INTO city(region_id, name) values (32, 'Фатеж');
REPLACE INTO city(region_id, name) values (32, 'Хомутовка');
REPLACE INTO city(region_id, name) values (32, 'Черемисиново');
REPLACE INTO city(region_id, name) values (32, 'Щигры');
REPLACE INTO city(region_id, name) values (170, 'Antonio de Biedma');
REPLACE INTO city(region_id, name) values (170, 'Carrera');
REPLACE INTO city(region_id, name) values (170, 'El Paso');
REPLACE INTO city(region_id, name) values (170, 'Estancia La Aragonesa');
REPLACE INTO city(region_id, name) values (170, 'Ro Gallegos');
REPLACE INTO city(region_id, name) values (209, 'Asse');
REPLACE INTO city(region_id, name) values (209, 'Bekkevoort');
REPLACE INTO city(region_id, name) values (209, 'Diest');
REPLACE INTO city(region_id, name) values (209, 'Glabbeek');
REPLACE INTO city(region_id, name) values (209, 'Halle');
REPLACE INTO city(region_id, name) values (209, 'Herent');
REPLACE INTO city(region_id, name) values (209, 'Herne');
REPLACE INTO city(region_id, name) values (209, 'Kapelle-op-den-Bos');
REPLACE INTO city(region_id, name) values (209, 'Kortenaken');
REPLACE INTO city(region_id, name) values (209, 'Leuven');
REPLACE INTO city(region_id, name) values (209, 'Tervuren');
REPLACE INTO city(region_id, name) values (209, 'Tienen');
REPLACE INTO city(region_id, name) values (209, 'Vilvoorde');
REPLACE INTO city(region_id, name) values (209, 'Zaventem');
REPLACE INTO city(region_id, name) values (209, 'Zemst');
REPLACE INTO city(region_id, name) values (209, 'Zoutleeuw');
REPLACE INTO city(region_id, name) values (219, 'Ardino');
REPLACE INTO city(region_id, name) values (219, 'Kardzhali');
REPLACE INTO city(region_id, name) values (219, 'Kircaali');
REPLACE INTO city(region_id, name) values (219, 'Kirdzali');
REPLACE INTO city(region_id, name) values (219, 'Kirdzalu');
REPLACE INTO city(region_id, name) values (219, 'Kirjali');
REPLACE INTO city(region_id, name) values (219, 'Koshu-Kavak');
REPLACE INTO city(region_id, name) values (219, 'Krdjali');
REPLACE INTO city(region_id, name) values (219, 'Kroumovgrade');
REPLACE INTO city(region_id, name) values (219, 'Kurdzali');
REPLACE INTO city(region_id, name) values (219, 'Mastanl');
REPLACE INTO city(region_id, name) values (219, 'Momchilgrad');
REPLACE INTO city(region_id, name) values (247, 'Oruro');
REPLACE INTO city(region_id, name) values (256, 'Abacate');
REPLACE INTO city(region_id, name) values (256, 'Amap');
REPLACE INTO city(region_id, name) values (256, 'Macap');
REPLACE INTO city(region_id, name) values (276, 'Бандар-Сери-Бегаван');
REPLACE INTO region(id, country_id, name) values (277, 33, 'Буркина Фасо');
REPLACE INTO city(region_id, name) values (33, 'Грязи');
REPLACE INTO city(region_id, name) values (33, 'Данков');
REPLACE INTO city(region_id, name) values (33, 'Доброе');
REPLACE INTO city(region_id, name) values (33, 'Долгоруково');
REPLACE INTO city(region_id, name) values (33, 'Елец');
REPLACE INTO city(region_id, name) values (33, 'Задонск');
REPLACE INTO city(region_id, name) values (33, 'Измалково');
REPLACE INTO city(region_id, name) values (33, 'Казинка');
REPLACE INTO city(region_id, name) values (33, 'Лебедянь');
REPLACE INTO city(region_id, name) values (33, 'Лев Толстой');
REPLACE INTO city(region_id, name) values (33, 'Липецк');
REPLACE INTO city(region_id, name) values (33, 'Тербуны');
REPLACE INTO city(region_id, name) values (33, 'Усмань');
REPLACE INTO city(region_id, name) values (33, 'Хлевное');
REPLACE INTO city(region_id, name) values (33, 'Чаплыгин');
REPLACE INTO city(region_id, name) values (171, 'lvarez');
REPLACE INTO city(region_id, name) values (171, 'Arminda');
REPLACE INTO city(region_id, name) values (171, 'Rafaela');
REPLACE INTO city(region_id, name) values (171, 'Rosario');
REPLACE INTO city(region_id, name) values (171, 'Santa Fe');
REPLACE INTO city(region_id, name) values (210, 'Ardooie');
REPLACE INTO city(region_id, name) values (210, 'Beernem');
REPLACE INTO city(region_id, name) values (210, 'Blankenberge');
REPLACE INTO city(region_id, name) values (210, 'Bredene');
REPLACE INTO city(region_id, name) values (210, 'Brugge');
REPLACE INTO city(region_id, name) values (210, 'De Haan');
REPLACE INTO city(region_id, name) values (210, 'De Panne');
REPLACE INTO city(region_id, name) values (210, 'Diksmuide');
REPLACE INTO city(region_id, name) values (210, 'Harelbeke');
REPLACE INTO city(region_id, name) values (210, 'Ieper');
REPLACE INTO city(region_id, name) values (210, 'Izegem');
REPLACE INTO city(region_id, name) values (210, 'Jabbeke');
REPLACE INTO city(region_id, name) values (210, 'Knokke-Heist');
REPLACE INTO city(region_id, name) values (210, 'Koksijde');
REPLACE INTO city(region_id, name) values (210, 'Kortrijk');
REPLACE INTO city(region_id, name) values (210, 'Kuurne');
REPLACE INTO city(region_id, name) values (210, 'Menen');
REPLACE INTO city(region_id, name) values (210, 'Middelkerke');
REPLACE INTO city(region_id, name) values (210, 'Oostende');
REPLACE INTO city(region_id, name) values (210, 'Oostrozebeke');
REPLACE INTO city(region_id, name) values (210, 'Pittem');
REPLACE INTO city(region_id, name) values (210, 'Roeselare');
REPLACE INTO city(region_id, name) values (210, 'Tielt');
REPLACE INTO city(region_id, name) values (210, 'Torhout');
REPLACE INTO city(region_id, name) values (210, 'Veurne');
REPLACE INTO city(region_id, name) values (210, 'Wervik');
REPLACE INTO city(region_id, name) values (210, 'Zedelgem');
REPLACE INTO city(region_id, name) values (210, 'Zonnebeke');
REPLACE INTO city(region_id, name) values (220, 'Bobov Dol');
REPLACE INTO city(region_id, name) values (220, 'Dupnitsa');
REPLACE INTO city(region_id, name) values (220, 'Keustendil');
REPLACE INTO city(region_id, name) values (220, 'Kioustndil');
REPLACE INTO city(region_id, name) values (220, 'Kjustendil');
REPLACE INTO city(region_id, name) values (220, 'Kyustendil');
REPLACE INTO city(region_id, name) values (248, 'Potos');
REPLACE INTO city(region_id, name) values (257, 'Abufari');
REPLACE INTO city(region_id, name) values (257, 'Aru');
REPLACE INTO city(region_id, name) values (257, 'Axioma');
REPLACE INTO city(region_id, name) values (277, 'Бобо Диуласо');
REPLACE INTO city(region_id, name) values (277, 'Уагадугу');
REPLACE INTO region(id, country_id, name) values (278, 34, 'Бурунди');
REPLACE INTO city(region_id, name) values (34, 'Анадырь (Магаданская обл.)');
REPLACE INTO city(region_id, name) values (34, 'Атка');
REPLACE INTO city(region_id, name) values (34, 'Беринговский');
REPLACE INTO city(region_id, name) values (34, 'Билибино');
REPLACE INTO city(region_id, name) values (34, 'Большевик');
REPLACE INTO city(region_id, name) values (34, 'Ванкарем');
REPLACE INTO city(region_id, name) values (34, 'Кадыкчан');
REPLACE INTO city(region_id, name) values (34, 'Лаврентия');
REPLACE INTO city(region_id, name) values (34, 'Магадан');
REPLACE INTO city(region_id, name) values (34, 'Мыс Шмидта');
REPLACE INTO city(region_id, name) values (34, 'Ола');
REPLACE INTO city(region_id, name) values (34, 'Омсукчан');
REPLACE INTO city(region_id, name) values (34, 'Палатка');
REPLACE INTO city(region_id, name) values (34, 'Певек');
REPLACE INTO city(region_id, name) values (34, 'Провидения');
REPLACE INTO city(region_id, name) values (34, 'Сеймчан');
REPLACE INTO city(region_id, name) values (34, 'Синегорье');
REPLACE INTO city(region_id, name) values (34, 'Сусуман');
REPLACE INTO city(region_id, name) values (34, 'Усть-Омчуг');
REPLACE INTO city(region_id, name) values (34, 'Эвенск');
REPLACE INTO city(region_id, name) values (34, 'Эгвекинот');
REPLACE INTO city(region_id, name) values (34, 'Ягодное');
REPLACE INTO city(region_id, name) values (172, 'La Banda');
REPLACE INTO city(region_id, name) values (221, 'Ablanica');
REPLACE INTO city(region_id, name) values (221, 'Bahovica');
REPLACE INTO city(region_id, name) values (221, 'Gradezhnitsa');
REPLACE INTO city(region_id, name) values (221, 'Letniza');
REPLACE INTO city(region_id, name) values (221, 'Loukovit');
REPLACE INTO city(region_id, name) values (221, 'Lovec');
REPLACE INTO city(region_id, name) values (221, 'Lovech');
REPLACE INTO city(region_id, name) values (221, 'Lovetch');
REPLACE INTO city(region_id, name) values (221, 'Lukowit');
REPLACE INTO city(region_id, name) values (221, 'Teteven');
REPLACE INTO city(region_id, name) values (221, 'Troan');
REPLACE INTO city(region_id, name) values (221, 'Trojan');
REPLACE INTO city(region_id, name) values (221, 'Troyan');
REPLACE INTO city(region_id, name) values (221, 'Ugarchin');
REPLACE INTO city(region_id, name) values (249, 'Agua Caliente');
REPLACE INTO city(region_id, name) values (249, 'Andrs');
REPLACE INTO city(region_id, name) values (249, 'Arenales');
REPLACE INTO city(region_id, name) values (249, 'Asabi');
REPLACE INTO city(region_id, name) values (249, 'Bolvar');
REPLACE INTO city(region_id, name) values (249, 'Ciudad Santa Cruz');
REPLACE INTO city(region_id, name) values (249, 'Santa Cruz de la Sierra');
REPLACE INTO city(region_id, name) values (258, 'Abara');
REPLACE INTO city(region_id, name) values (258, 'Acari');
REPLACE INTO city(region_id, name) values (258, 'Barra da Estiva');
REPLACE INTO city(region_id, name) values (258, 'Lagoa do Boi');
REPLACE INTO city(region_id, name) values (258, 'Salvador');
REPLACE INTO city(region_id, name) values (278, 'Бужумбура');
REPLACE INTO region(id, country_id, name) values (279, 35, 'Бутан');
REPLACE INTO city(region_id, name) values (35, 'Волжск');
REPLACE INTO city(region_id, name) values (35, 'Дубовский');
REPLACE INTO city(region_id, name) values (35, 'Звенигово');
REPLACE INTO city(region_id, name) values (35, 'Йошкар-Ола');
REPLACE INTO city(region_id, name) values (35, 'Килемары');
REPLACE INTO city(region_id, name) values (35, 'Козьмодемьянск');
REPLACE INTO city(region_id, name) values (35, 'Куженер');
REPLACE INTO city(region_id, name) values (35, 'Мари-Турек');
REPLACE INTO city(region_id, name) values (35, 'Медведево');
REPLACE INTO city(region_id, name) values (35, 'Морки');
REPLACE INTO city(region_id, name) values (35, 'Новый Торьял');
REPLACE INTO city(region_id, name) values (35, 'Оршанка');
REPLACE INTO city(region_id, name) values (35, 'Параньга');
REPLACE INTO city(region_id, name) values (35, 'Сернур');
REPLACE INTO city(region_id, name) values (35, 'Советский (Марий Эл)');
REPLACE INTO city(region_id, name) values (35, 'Юрино');
REPLACE INTO city(region_id, name) values (173, 'La Sara');
REPLACE INTO city(region_id, name) values (173, 'Ro Grande');
REPLACE INTO city(region_id, name) values (173, 'Tolhuin');
REPLACE INTO city(region_id, name) values (173, 'Ushuaia');
REPLACE INTO city(region_id, name) values (222, 'Berkovica');
REPLACE INTO city(region_id, name) values (222, 'Berkovitza');
REPLACE INTO city(region_id, name) values (222, 'Chiprovtsi');
REPLACE INTO city(region_id, name) values (222, 'Evdokiya');
REPLACE INTO city(region_id, name) values (222, 'Lom');
REPLACE INTO city(region_id, name) values (222, 'Montana');
REPLACE INTO city(region_id, name) values (222, 'Valtchedram');
REPLACE INTO city(region_id, name) values (259, 'Acopiara');
REPLACE INTO city(region_id, name) values (279, 'Тхимпху');
REPLACE INTO region(id, country_id, name) values (280, 36, 'Мата-Уту');
REPLACE INTO city(region_id, name) values (36, 'Ардатов');
REPLACE INTO city(region_id, name) values (36, 'Атюрьево');
REPLACE INTO city(region_id, name) values (36, 'Атяшево');
REPLACE INTO city(region_id, name) values (36, 'Большие Березники');
REPLACE INTO city(region_id, name) values (36, 'Большое Игнатово');
REPLACE INTO city(region_id, name) values (36, 'Выша');
REPLACE INTO city(region_id, name) values (36, 'Ельники');
REPLACE INTO city(region_id, name) values (36, 'Зубова Поляна');
REPLACE INTO city(region_id, name) values (36, 'Инсар');
REPLACE INTO city(region_id, name) values (36, 'Кадошкино');
REPLACE INTO city(region_id, name) values (36, 'Кемля');
REPLACE INTO city(region_id, name) values (36, 'Ковылкино');
REPLACE INTO city(region_id, name) values (36, 'Комсомольский (Мордовия)');
REPLACE INTO city(region_id, name) values (36, 'Кочкурово');
REPLACE INTO city(region_id, name) values (36, 'Краснослободск');
REPLACE INTO city(region_id, name) values (36, 'Лямбирь');
REPLACE INTO city(region_id, name) values (36, 'Ромоданово');
REPLACE INTO city(region_id, name) values (36, 'Рузаевка');
REPLACE INTO city(region_id, name) values (36, 'Саранск');
REPLACE INTO city(region_id, name) values (36, 'Старое Шайгово');
REPLACE INTO city(region_id, name) values (36, 'Темников');
REPLACE INTO city(region_id, name) values (36, 'Теньгушево');
REPLACE INTO city(region_id, name) values (36, 'Торбеево');
REPLACE INTO city(region_id, name) values (36, 'Чамзинка');
REPLACE INTO city(region_id, name) values (174, 'Alderetes');
REPLACE INTO city(region_id, name) values (174, 'San Andrs');
REPLACE INTO city(region_id, name) values (174, 'San Miguel de Tucumn');
REPLACE INTO city(region_id, name) values (223, 'Kum Dervent Dere');
REPLACE INTO city(region_id, name) values (223, 'Simen');
REPLACE INTO city(region_id, name) values (260, 'Boa Vista');
REPLACE INTO city(region_id, name) values (260, 'Braslia');
REPLACE INTO city(region_id, name) values (280, 'Мата-Уту');
REPLACE INTO region(id, country_id, name) values (281, 37, 'Вануату');
REPLACE INTO city(region_id, name) values (37, 'Апатиты');
REPLACE INTO city(region_id, name) values (37, 'Африканда');
REPLACE INTO city(region_id, name) values (37, 'Верхнетуломский');
REPLACE INTO city(region_id, name) values (37, 'Видяево');
REPLACE INTO city(region_id, name) values (37, 'Гаджиево');
REPLACE INTO city(region_id, name) values (37, 'Заозерск');
REPLACE INTO city(region_id, name) values (37, 'Заполярный');
REPLACE INTO city(region_id, name) values (37, 'Зареченск');
REPLACE INTO city(region_id, name) values (37, 'Зашеек');
REPLACE INTO city(region_id, name) values (37, 'Зеленоборский');
REPLACE INTO city(region_id, name) values (37, 'Кандалакша');
REPLACE INTO city(region_id, name) values (37, 'Кильдинстрой');
REPLACE INTO city(region_id, name) values (37, 'Кировск');
REPLACE INTO city(region_id, name) values (37, 'Ковдор');
REPLACE INTO city(region_id, name) values (37, 'Кола');
REPLACE INTO city(region_id, name) values (37, 'Конда');
REPLACE INTO city(region_id, name) values (37, 'Ловозеро');
REPLACE INTO city(region_id, name) values (37, 'Мончегорск');
REPLACE INTO city(region_id, name) values (37, 'Мурманск');
REPLACE INTO city(region_id, name) values (37, 'Мурмаши');
REPLACE INTO city(region_id, name) values (37, 'Никель');
REPLACE INTO city(region_id, name) values (37, 'Оленегорск');
REPLACE INTO city(region_id, name) values (37, 'Полярные Зори');
REPLACE INTO city(region_id, name) values (37, 'Полярный');
REPLACE INTO city(region_id, name) values (37, 'Ревда (Мурманская обл.)');
REPLACE INTO city(region_id, name) values (37, 'Североморск');
REPLACE INTO city(region_id, name) values (37, 'Снежногорск');
REPLACE INTO city(region_id, name) values (37, 'Умба');
REPLACE INTO city(region_id, name) values (224, 'Belovo');
REPLACE INTO city(region_id, name) values (224, 'Bracigovo');
REPLACE INTO city(region_id, name) values (224, 'Lesicovo');
REPLACE INTO city(region_id, name) values (224, 'Panagiuriste');
REPLACE INTO city(region_id, name) values (224, 'Panagjurischte');
REPLACE INTO city(region_id, name) values (224, 'Panagyurishte');
REPLACE INTO city(region_id, name) values (224, 'Pasardshik');
REPLACE INTO city(region_id, name) values (224, 'Pazardjik');
REPLACE INTO city(region_id, name) values (224, 'Pazardzhik');
REPLACE INTO city(region_id, name) values (224, 'Rakitovo');
REPLACE INTO city(region_id, name) values (224, 'Septemvri');
REPLACE INTO city(region_id, name) values (224, 'Velingrad');
REPLACE INTO city(region_id, name) values (261, 'Vitria');
REPLACE INTO city(region_id, name) values (281, 'Нумеа');
REPLACE INTO city(region_id, name) values (281, 'Порт-Вила');
REPLACE INTO region(id, country_id, name) values (282, 38, 'Channel Islands');
REPLACE INTO region(id, country_id, name) values (283, 38, 'England - East');
REPLACE INTO region(id, country_id, name) values (284, 38, 'England - East Midlands');
REPLACE INTO region(id, country_id, name) values (285, 38, 'England - London');
REPLACE INTO region(id, country_id, name) values (286, 38, 'England - North East');
REPLACE INTO region(id, country_id, name) values (287, 38, 'England - North West');
REPLACE INTO region(id, country_id, name) values (288, 38, 'England - South East');
REPLACE INTO region(id, country_id, name) values (289, 38, 'England - South West');
REPLACE INTO region(id, country_id, name) values (290, 38, 'England - West Midlands');
REPLACE INTO region(id, country_id, name) values (291, 38, 'England - Yorks & Humber');
REPLACE INTO region(id, country_id, name) values (292, 38, 'Isle of Man');
REPLACE INTO region(id, country_id, name) values (293, 38, 'Northern Ireland');
REPLACE INTO region(id, country_id, name) values (294, 38, 'Scotland Central');
REPLACE INTO region(id, country_id, name) values (295, 38, 'Scotland North');
REPLACE INTO region(id, country_id, name) values (296, 38, 'Scotland South');
REPLACE INTO region(id, country_id, name) values (297, 38, 'Wales North');
REPLACE INTO region(id, country_id, name) values (298, 38, 'Wales South');
REPLACE INTO city(region_id, name) values (38, 'Ардатов');
REPLACE INTO city(region_id, name) values (38, 'Арзамас');
REPLACE INTO city(region_id, name) values (38, 'Арья');
REPLACE INTO city(region_id, name) values (38, 'Балахна');
REPLACE INTO city(region_id, name) values (38, 'Богородск');
REPLACE INTO city(region_id, name) values (38, 'Большереченск');
REPLACE INTO city(region_id, name) values (38, 'Большое Болдино');
REPLACE INTO city(region_id, name) values (38, 'Большое Козино');
REPLACE INTO city(region_id, name) values (38, 'Большое Мурашкино');
REPLACE INTO city(region_id, name) values (38, 'Большое Пикино');
REPLACE INTO city(region_id, name) values (38, 'Бор');
REPLACE INTO city(region_id, name) values (38, 'Бутурлино');
REPLACE INTO city(region_id, name) values (38, 'Вад');
REPLACE INTO city(region_id, name) values (38, 'Варнавино');
REPLACE INTO city(region_id, name) values (38, 'Васильсурск');
REPLACE INTO city(region_id, name) values (38, 'Вахтан');
REPLACE INTO city(region_id, name) values (38, 'Вача');
REPLACE INTO city(region_id, name) values (38, 'Ветлуга');
REPLACE INTO city(region_id, name) values (38, 'Виля');
REPLACE INTO city(region_id, name) values (38, 'Вознесенское');
REPLACE INTO city(region_id, name) values (38, 'Володарск');
REPLACE INTO city(region_id, name) values (38, 'Воротынец');
REPLACE INTO city(region_id, name) values (38, 'Ворсма');
REPLACE INTO city(region_id, name) values (38, 'Воскресенское');
REPLACE INTO city(region_id, name) values (38, 'Выездное');
REPLACE INTO city(region_id, name) values (38, 'Выкса');
REPLACE INTO city(region_id, name) values (38, 'Гагино');
REPLACE INTO city(region_id, name) values (38, 'Гидроторф');
REPLACE INTO city(region_id, name) values (38, 'Горбатов');
REPLACE INTO city(region_id, name) values (38, 'Горбатовка');
REPLACE INTO city(region_id, name) values (38, 'Городец');
REPLACE INTO city(region_id, name) values (38, 'Дальнее Константиново');
REPLACE INTO city(region_id, name) values (38, 'Дзержинск');
REPLACE INTO city(region_id, name) values (38, 'Дивеево');
REPLACE INTO city(region_id, name) values (38, 'Досчатое');
REPLACE INTO city(region_id, name) values (38, 'Заволжье');
REPLACE INTO city(region_id, name) values (38, 'Керженец');
REPLACE INTO city(region_id, name) values (38, 'Княгинино');
REPLACE INTO city(region_id, name) values (38, 'Ковернино');
REPLACE INTO city(region_id, name) values (38, 'Красные Баки');
REPLACE INTO city(region_id, name) values (38, 'Кстово');
REPLACE INTO city(region_id, name) values (38, 'Кулебаки');
REPLACE INTO city(region_id, name) values (38, 'Лукоянов');
REPLACE INTO city(region_id, name) values (38, 'Лысково');
REPLACE INTO city(region_id, name) values (38, 'Навашино');
REPLACE INTO city(region_id, name) values (38, 'Нижний Новгород');
REPLACE INTO city(region_id, name) values (38, 'Новосмолинский');
REPLACE INTO city(region_id, name) values (38, 'Павлово');
REPLACE INTO city(region_id, name) values (38, 'Первомайск');
REPLACE INTO city(region_id, name) values (38, 'Перевоз');
REPLACE INTO city(region_id, name) values (38, 'Пильна');
REPLACE INTO city(region_id, name) values (38, 'Починки');
REPLACE INTO city(region_id, name) values (38, 'Саров (Нижегородская обл.)');
REPLACE INTO city(region_id, name) values (38, 'Семенов');
REPLACE INTO city(region_id, name) values (38, 'Сергач');
REPLACE INTO city(region_id, name) values (38, 'Сеченово');
REPLACE INTO city(region_id, name) values (38, 'Сосновское');
REPLACE INTO city(region_id, name) values (38, 'Спасское');
REPLACE INTO city(region_id, name) values (38, 'Тонкино');
REPLACE INTO city(region_id, name) values (38, 'Тоншаево');
REPLACE INTO city(region_id, name) values (38, 'Уразовка');
REPLACE INTO city(region_id, name) values (38, 'Урень');
REPLACE INTO city(region_id, name) values (38, 'Чкаловск');
REPLACE INTO city(region_id, name) values (38, 'Шаранга');
REPLACE INTO city(region_id, name) values (38, 'Шатки');
REPLACE INTO city(region_id, name) values (38, 'Шахунья');
REPLACE INTO city(region_id, name) values (225, 'Pernik');
REPLACE INTO city(region_id, name) values (225, 'Radomir');
REPLACE INTO city(region_id, name) values (262, 'Anpolis');
REPLACE INTO city(region_id, name) values (262, 'Bela Vista de Gois');
REPLACE INTO city(region_id, name) values (262, 'Goinia');
REPLACE INTO city(region_id, name) values (282, 'Guernsey');
REPLACE INTO city(region_id, name) values (282, 'Jersey');
REPLACE INTO region(id, country_id, name) values (299, 39, 'Bacs-Kiskun');
REPLACE INTO region(id, country_id, name) values (300, 39, 'Bekes');
REPLACE INTO region(id, country_id, name) values (301, 39, 'Borsod-Abauj-Zemplen');
REPLACE INTO region(id, country_id, name) values (302, 39, 'Budapest');
REPLACE INTO region(id, country_id, name) values (303, 39, 'Csongrad');
REPLACE INTO region(id, country_id, name) values (304, 39, 'Debrecen');
REPLACE INTO region(id, country_id, name) values (305, 39, 'Fejer');
REPLACE INTO region(id, country_id, name) values (306, 39, 'Gyor');
REPLACE INTO region(id, country_id, name) values (307, 39, 'Gyor-Moson-Sopron');
REPLACE INTO region(id, country_id, name) values (308, 39, 'Heves');
REPLACE INTO region(id, country_id, name) values (309, 39, 'Jasz-Nagykun-Szolnok');
REPLACE INTO region(id, country_id, name) values (310, 39, 'Komarom-Esztergom');
REPLACE INTO region(id, country_id, name) values (311, 39, 'Miskolc');
REPLACE INTO region(id, country_id, name) values (312, 39, 'Nograd');
REPLACE INTO region(id, country_id, name) values (313, 39, 'Pecs');
REPLACE INTO region(id, country_id, name) values (314, 39, 'Pest');
REPLACE INTO region(id, country_id, name) values (315, 39, 'Somogy');
REPLACE INTO region(id, country_id, name) values (316, 39, 'Szabolcs-Szatmar-Bereg');
REPLACE INTO region(id, country_id, name) values (317, 39, 'Szeged');
REPLACE INTO region(id, country_id, name) values (318, 39, 'Tolna');
REPLACE INTO region(id, country_id, name) values (319, 39, 'Vas');
REPLACE INTO region(id, country_id, name) values (320, 39, 'Veszprem');
REPLACE INTO region(id, country_id, name) values (321, 39, 'Zala');
REPLACE INTO city(region_id, name) values (39, 'Анциферово');
REPLACE INTO city(region_id, name) values (39, 'Батецкий');
REPLACE INTO city(region_id, name) values (39, 'Большая Вишера');
REPLACE INTO city(region_id, name) values (39, 'Боровичи');
REPLACE INTO city(region_id, name) values (39, 'Валдай');
REPLACE INTO city(region_id, name) values (39, 'Великий Новгород (Новгород)');
REPLACE INTO city(region_id, name) values (39, 'Волот');
REPLACE INTO city(region_id, name) values (39, 'Деманск');
REPLACE INTO city(region_id, name) values (39, 'Зарубино');
REPLACE INTO city(region_id, name) values (39, 'Крестцы');
REPLACE INTO city(region_id, name) values (39, 'Любытино');
REPLACE INTO city(region_id, name) values (39, 'Малая Вишера');
REPLACE INTO city(region_id, name) values (39, 'Марево');
REPLACE INTO city(region_id, name) values (39, 'Мошенское');
REPLACE INTO city(region_id, name) values (39, 'Окуловка');
REPLACE INTO city(region_id, name) values (39, 'Парфино');
REPLACE INTO city(region_id, name) values (39, 'Пестово');
REPLACE INTO city(region_id, name) values (39, 'Поддорье');
REPLACE INTO city(region_id, name) values (39, 'Сольцы');
REPLACE INTO city(region_id, name) values (39, 'Старая Русса');
REPLACE INTO city(region_id, name) values (39, 'Хвойная');
REPLACE INTO city(region_id, name) values (39, 'Холм');
REPLACE INTO city(region_id, name) values (39, 'Чудово');
REPLACE INTO city(region_id, name) values (39, 'Шимск');
REPLACE INTO city(region_id, name) values (226, 'Belene');
REPLACE INTO city(region_id, name) values (226, 'Byelene');
REPLACE INTO city(region_id, name) values (226, 'Cherven Bryag');
REPLACE INTO city(region_id, name) values (226, 'Cherveni-Bjerg');
REPLACE INTO city(region_id, name) values (226, 'Dolna Mitropolia');
REPLACE INTO city(region_id, name) values (226, 'Galyantsi');
REPLACE INTO city(region_id, name) values (226, 'Levski');
REPLACE INTO city(region_id, name) values (226, 'Nicopol');
REPLACE INTO city(region_id, name) values (226, 'Nikopol');
REPLACE INTO city(region_id, name) values (226, 'Pleven');
REPLACE INTO city(region_id, name) values (226, 'Plevna');
REPLACE INTO city(region_id, name) values (226, 'Plewen');
REPLACE INTO city(region_id, name) values (226, 'Pordime');
REPLACE INTO city(region_id, name) values (263, 'So Luiz de Maranho');
REPLACE INTO city(region_id, name) values (283, 'Abbots Langley');
REPLACE INTO city(region_id, name) values (283, 'Arlesey');
REPLACE INTO city(region_id, name) values (283, 'Barnet');
REPLACE INTO city(region_id, name) values (283, 'Basildon');
REPLACE INTO city(region_id, name) values (283, 'Beccles');
REPLACE INTO city(region_id, name) values (283, 'Bedford');
REPLACE INTO city(region_id, name) values (283, 'Biggleswade');
REPLACE INTO city(region_id, name) values (283, 'Billericay');
REPLACE INTO city(region_id, name) values (283, 'Braintree');
REPLACE INTO city(region_id, name) values (283, 'Brandon');
REPLACE INTO city(region_id, name) values (283, 'Brentwood');
REPLACE INTO city(region_id, name) values (283, 'Bungay');
REPLACE INTO city(region_id, name) values (283, 'Buntingford');
REPLACE INTO city(region_id, name) values (283, 'Bures');
REPLACE INTO city(region_id, name) values (283, 'Bury St Edmunds');
REPLACE INTO city(region_id, name) values (283, 'Cambridge');
REPLACE INTO city(region_id, name) values (283, 'Canvey Island');
REPLACE INTO city(region_id, name) values (283, 'Chelmsford');
REPLACE INTO city(region_id, name) values (283, 'Clacton-On-Sea');
REPLACE INTO city(region_id, name) values (283, 'Colchester');
REPLACE INTO city(region_id, name) values (283, 'Diss');
REPLACE INTO city(region_id, name) values (283, 'Downham Market');
REPLACE INTO city(region_id, name) values (283, 'Dunmow');
REPLACE INTO city(region_id, name) values (283, 'Ely');
REPLACE INTO city(region_id, name) values (283, 'Felixstowe');
REPLACE INTO city(region_id, name) values (283, 'Great Yarmouth');
REPLACE INTO city(region_id, name) values (283, 'Harlow');
REPLACE INTO city(region_id, name) values (283, 'Hemel Hempstead');
REPLACE INTO city(region_id, name) values (283, 'Huntingdon');
REPLACE INTO city(region_id, name) values (283, 'Ipswich');
REPLACE INTO city(region_id, name) values (283, 'King''''s Lynn');
REPLACE INTO city(region_id, name) values (283, 'Leiston');
REPLACE INTO city(region_id, name) values (283, 'Lowestoft');
REPLACE INTO city(region_id, name) values (283, 'Luton');
REPLACE INTO city(region_id, name) values (283, 'March');
REPLACE INTO city(region_id, name) values (283, 'Milton Keynes');
REPLACE INTO city(region_id, name) values (283, 'Newmarket');
REPLACE INTO city(region_id, name) values (283, 'Northwood');
REPLACE INTO city(region_id, name) values (283, 'Norwich');
REPLACE INTO city(region_id, name) values (283, 'Peterborough');
REPLACE INTO city(region_id, name) values (283, 'Radlett');
REPLACE INTO city(region_id, name) values (283, 'Romford');
REPLACE INTO city(region_id, name) values (283, 'Southend-On-Sea');
REPLACE INTO city(region_id, name) values (283, 'St Albans');
REPLACE INTO city(region_id, name) values (283, 'Stevenage');
REPLACE INTO city(region_id, name) values (283, 'Sudbury');
REPLACE INTO city(region_id, name) values (283, 'Thetford');
REPLACE INTO city(region_id, name) values (283, 'Upminster');
REPLACE INTO city(region_id, name) values (283, 'Watford');
REPLACE INTO city(region_id, name) values (283, 'Westcliff-On-Sea');
REPLACE INTO city(region_id, name) values (283, 'Wisbech');
REPLACE INTO city(region_id, name) values (283, 'Witham');
REPLACE INTO city(region_id, name) values (299, 'Alsodabasi Dulo');
REPLACE INTO city(region_id, name) values (299, 'Kecskemt');
REPLACE INTO city(region_id, name) values (299, 'Kiskunhalas');
REPLACE INTO region(id, country_id, name) values (322, 40, 'Amazonas');
REPLACE INTO region(id, country_id, name) values (323, 40, 'Anzoategui');
REPLACE INTO region(id, country_id, name) values (324, 40, 'Apure');
REPLACE INTO region(id, country_id, name) values (325, 40, 'Aragua');
REPLACE INTO region(id, country_id, name) values (326, 40, 'Barinas');
REPLACE INTO region(id, country_id, name) values (327, 40, 'Bolvar');
REPLACE INTO region(id, country_id, name) values (328, 40, 'Carabobo');
REPLACE INTO region(id, country_id, name) values (329, 40, 'Cojedes');
REPLACE INTO region(id, country_id, name) values (330, 40, 'Delta Amacuro');
REPLACE INTO region(id, country_id, name) values (331, 40, 'Distrito Federal');
REPLACE INTO region(id, country_id, name) values (332, 40, 'Falcn');
REPLACE INTO region(id, country_id, name) values (333, 40, 'Gurico');
REPLACE INTO region(id, country_id, name) values (334, 40, 'Lara');
REPLACE INTO region(id, country_id, name) values (335, 40, 'Mrida');
REPLACE INTO region(id, country_id, name) values (336, 40, 'Miranda');
REPLACE INTO region(id, country_id, name) values (337, 40, 'Monagas');
REPLACE INTO region(id, country_id, name) values (338, 40, 'None');
REPLACE INTO region(id, country_id, name) values (339, 40, 'Nueva Esparta');
REPLACE INTO region(id, country_id, name) values (340, 40, 'Portuguesa');
REPLACE INTO region(id, country_id, name) values (341, 40, 'Sucre');
REPLACE INTO region(id, country_id, name) values (342, 40, 'Tchira');
REPLACE INTO region(id, country_id, name) values (343, 40, 'Yaracuy');
REPLACE INTO region(id, country_id, name) values (344, 40, 'Zulia');
REPLACE INTO city(region_id, name) values (40, 'Баган');
REPLACE INTO city(region_id, name) values (40, 'Барабинск');
REPLACE INTO city(region_id, name) values (40, 'Бердск');
REPLACE INTO city(region_id, name) values (40, 'Биаза');
REPLACE INTO city(region_id, name) values (40, 'Болотное');
REPLACE INTO city(region_id, name) values (40, 'Венгерово');
REPLACE INTO city(region_id, name) values (40, 'Довольное');
REPLACE INTO city(region_id, name) values (40, 'Завьялово');
REPLACE INTO city(region_id, name) values (40, 'Искитим');
REPLACE INTO city(region_id, name) values (40, 'Карасук');
REPLACE INTO city(region_id, name) values (40, 'Каргат');
REPLACE INTO city(region_id, name) values (40, 'Колывань');
REPLACE INTO city(region_id, name) values (40, 'Краснозерское');
REPLACE INTO city(region_id, name) values (40, 'Крутиха');
REPLACE INTO city(region_id, name) values (40, 'Куйбышев (Новосибирская обл.)');
REPLACE INTO city(region_id, name) values (40, 'Купино');
REPLACE INTO city(region_id, name) values (40, 'Кыштовка');
REPLACE INTO city(region_id, name) values (40, 'Маслянино');
REPLACE INTO city(region_id, name) values (40, 'Мошково');
REPLACE INTO city(region_id, name) values (40, 'Новосибирск');
REPLACE INTO city(region_id, name) values (40, 'Норильск');
REPLACE INTO city(region_id, name) values (40, 'Обь');
REPLACE INTO city(region_id, name) values (40, 'Ордынское');
REPLACE INTO city(region_id, name) values (40, 'Северное');
REPLACE INTO city(region_id, name) values (40, 'Сузун');
REPLACE INTO city(region_id, name) values (40, 'Татарск');
REPLACE INTO city(region_id, name) values (40, 'Тогучин');
REPLACE INTO city(region_id, name) values (40, 'Убинское');
REPLACE INTO city(region_id, name) values (40, 'Усть-Тарка');
REPLACE INTO city(region_id, name) values (40, 'Чаны');
REPLACE INTO city(region_id, name) values (40, 'Черепаново');
REPLACE INTO city(region_id, name) values (40, 'Чистоозерное');
REPLACE INTO city(region_id, name) values (40, 'Чулым');
REPLACE INTO city(region_id, name) values (227, 'Akhatlar Segair');
REPLACE INTO city(region_id, name) values (227, 'Alamovtsi');
REPLACE INTO city(region_id, name) values (227, 'Arapovo');
REPLACE INTO city(region_id, name) values (227, 'Asenovgrad');
REPLACE INTO city(region_id, name) values (227, 'Assenovgrad');
REPLACE INTO city(region_id, name) values (227, 'Awramowzi');
REPLACE INTO city(region_id, name) values (227, 'Baldevo');
REPLACE INTO city(region_id, name) values (227, 'Bania');
REPLACE INTO city(region_id, name) values (227, 'Banja');
REPLACE INTO city(region_id, name) values (227, 'Chamla');
REPLACE INTO city(region_id, name) values (227, 'Filippopol');
REPLACE INTO city(region_id, name) values (227, 'Karlovo');
REPLACE INTO city(region_id, name) values (227, 'Karlowo');
REPLACE INTO city(region_id, name) values (227, 'Peshtera');
REPLACE INTO city(region_id, name) values (227, 'Petrov Dol');
REPLACE INTO city(region_id, name) values (227, 'Philippopolis');
REPLACE INTO city(region_id, name) values (227, 'Plovdin');
REPLACE INTO city(region_id, name) values (227, 'Plovdiv');
REPLACE INTO city(region_id, name) values (227, 'Purvomai');
REPLACE INTO city(region_id, name) values (227, 'Sopot');
REPLACE INTO city(region_id, name) values (227, 'Taran');
REPLACE INTO city(region_id, name) values (264, 'Abreus');
REPLACE INTO city(region_id, name) values (264, 'Bello Horizonte');
REPLACE INTO city(region_id, name) values (264, 'Belo Horizonte');
REPLACE INTO city(region_id, name) values (264, 'Juiz de Fora');
REPLACE INTO city(region_id, name) values (264, 'Montes Claros');
REPLACE INTO city(region_id, name) values (284, 'Alford');
REPLACE INTO city(region_id, name) values (284, 'Alfreton');
REPLACE INTO city(region_id, name) values (284, 'Ashbourne');
REPLACE INTO city(region_id, name) values (284, 'Banbury');
REPLACE INTO city(region_id, name) values (284, 'Barton-Upon-Humber');
REPLACE INTO city(region_id, name) values (284, 'Boston');
REPLACE INTO city(region_id, name) values (284, 'Burton-On-Trent');
REPLACE INTO city(region_id, name) values (284, 'Chesterfield');
REPLACE INTO city(region_id, name) values (284, 'Corby');
REPLACE INTO city(region_id, name) values (284, 'Daventry');
REPLACE INTO city(region_id, name) values (284, 'Derby');
REPLACE INTO city(region_id, name) values (284, 'Doncaster');
REPLACE INTO city(region_id, name) values (284, 'Gainsborough');
REPLACE INTO city(region_id, name) values (284, 'Glossop');
REPLACE INTO city(region_id, name) values (284, 'Grantham');
REPLACE INTO city(region_id, name) values (284, 'Grimsby');
REPLACE INTO city(region_id, name) values (284, 'Kettering');
REPLACE INTO city(region_id, name) values (284, 'Leicester');
REPLACE INTO city(region_id, name) values (284, 'Lincoln');
REPLACE INTO city(region_id, name) values (284, 'Loughborough');
REPLACE INTO city(region_id, name) values (284, 'Mansfield');
REPLACE INTO city(region_id, name) values (284, 'Milton Keynes');
REPLACE INTO city(region_id, name) values (284, 'Newark');
REPLACE INTO city(region_id, name) values (284, 'Northampton');
REPLACE INTO city(region_id, name) values (284, 'Nottingham');
REPLACE INTO city(region_id, name) values (284, 'Nuneaton');
REPLACE INTO city(region_id, name) values (284, 'Peterborough');
REPLACE INTO city(region_id, name) values (284, 'Rushden');
REPLACE INTO city(region_id, name) values (284, 'Scunthorpe');
REPLACE INTO city(region_id, name) values (284, 'Sheffield');
REPLACE INTO city(region_id, name) values (284, 'Sleaford');
REPLACE INTO city(region_id, name) values (284, 'Spalding');
REPLACE INTO city(region_id, name) values (284, 'Stamford');
REPLACE INTO city(region_id, name) values (284, 'Wellingborough');
REPLACE INTO city(region_id, name) values (300, 'Aklos');
REPLACE INTO city(region_id, name) values (300, 'Almr');
REPLACE INTO city(region_id, name) values (300, 'Bkscsaba');
REPLACE INTO city(region_id, name) values (300, 'Gyula');
REPLACE INTO city(region_id, name) values (300, 'Szarvas');
REPLACE INTO city(region_id, name) values (322, 'Amauca');
REPLACE INTO region(id, country_id, name) values (345, 41, 'Восточный Тимор');
REPLACE INTO city(region_id, name) values (41, 'Береговой');
REPLACE INTO city(region_id, name) values (41, 'Большеречье');
REPLACE INTO city(region_id, name) values (41, 'Большие Уки');
REPLACE INTO city(region_id, name) values (41, 'Горьковское');
REPLACE INTO city(region_id, name) values (41, 'Знаменское (Омская обл.)');
REPLACE INTO city(region_id, name) values (41, 'Исилькуль');
REPLACE INTO city(region_id, name) values (41, 'Калачинск');
REPLACE INTO city(region_id, name) values (41, 'Колосовка');
REPLACE INTO city(region_id, name) values (41, 'Кормиловка');
REPLACE INTO city(region_id, name) values (41, 'Крутинка');
REPLACE INTO city(region_id, name) values (41, 'Любинский');
REPLACE INTO city(region_id, name) values (41, 'Марьяновка');
REPLACE INTO city(region_id, name) values (41, 'Муромцево');
REPLACE INTO city(region_id, name) values (41, 'Называевск');
REPLACE INTO city(region_id, name) values (41, 'Нижняя Омка');
REPLACE INTO city(region_id, name) values (41, 'Нововаршавка');
REPLACE INTO city(region_id, name) values (41, 'Одесское');
REPLACE INTO city(region_id, name) values (41, 'Оконешниково');
REPLACE INTO city(region_id, name) values (41, 'Омск');
REPLACE INTO city(region_id, name) values (41, 'Павлоградка');
REPLACE INTO city(region_id, name) values (41, 'Полтавка');
REPLACE INTO city(region_id, name) values (41, 'Русская Поляна');
REPLACE INTO city(region_id, name) values (41, 'Саргатское');
REPLACE INTO city(region_id, name) values (41, 'Седельниково');
REPLACE INTO city(region_id, name) values (41, 'Таврическое');
REPLACE INTO city(region_id, name) values (41, 'Тара');
REPLACE INTO city(region_id, name) values (41, 'Тевриз');
REPLACE INTO city(region_id, name) values (41, 'Тюкалинск');
REPLACE INTO city(region_id, name) values (41, 'Усть-Ишим');
REPLACE INTO city(region_id, name) values (41, 'Черлак');
REPLACE INTO city(region_id, name) values (41, 'Шербакуль');
REPLACE INTO city(region_id, name) values (228, 'Akmekhmedkioy');
REPLACE INTO city(region_id, name) values (228, 'Alekowo');
REPLACE INTO city(region_id, name) values (228, 'Dustabak');
REPLACE INTO city(region_id, name) values (228, 'Isperich');
REPLACE INTO city(region_id, name) values (228, 'Kubrat');
REPLACE INTO city(region_id, name) values (228, 'Rasgrad');
REPLACE INTO city(region_id, name) values (228, 'Razgrad');
REPLACE INTO city(region_id, name) values (228, 'Todorovo');
REPLACE INTO city(region_id, name) values (228, 'Zelena Morava');
REPLACE INTO city(region_id, name) values (265, 'Aba');
REPLACE INTO city(region_id, name) values (265, 'Alaga Nova');
REPLACE INTO city(region_id, name) values (285, 'Barking');
REPLACE INTO city(region_id, name) values (285, 'Barnet');
REPLACE INTO city(region_id, name) values (285, 'Beckenham');
REPLACE INTO city(region_id, name) values (285, 'Bexley');
REPLACE INTO city(region_id, name) values (285, 'Bexleyheath');
REPLACE INTO city(region_id, name) values (285, 'Brentford');
REPLACE INTO city(region_id, name) values (285, 'Bromley');
REPLACE INTO city(region_id, name) values (285, 'Carshalton');
REPLACE INTO city(region_id, name) values (285, 'Chessington');
REPLACE INTO city(region_id, name) values (285, 'Chigwell');
REPLACE INTO city(region_id, name) values (285, 'Coulsdon');
REPLACE INTO city(region_id, name) values (285, 'Croydon');
REPLACE INTO city(region_id, name) values (285, 'Dagenham');
REPLACE INTO city(region_id, name) values (285, 'Dartford');
REPLACE INTO city(region_id, name) values (285, 'East Molesey');
REPLACE INTO city(region_id, name) values (285, 'Edgware');
REPLACE INTO city(region_id, name) values (285, 'Enfield');
REPLACE INTO city(region_id, name) values (285, 'Feltham');
REPLACE INTO city(region_id, name) values (285, 'Greenford');
REPLACE INTO city(region_id, name) values (285, 'Hampton');
REPLACE INTO city(region_id, name) values (285, 'Harrow');
REPLACE INTO city(region_id, name) values (285, 'Hayes');
REPLACE INTO city(region_id, name) values (285, 'Hornchurch');
REPLACE INTO city(region_id, name) values (285, 'Hounslow');
REPLACE INTO city(region_id, name) values (285, 'Ilford');
REPLACE INTO city(region_id, name) values (285, 'Isleworth');
REPLACE INTO city(region_id, name) values (285, 'Kingston Upon Thames');
REPLACE INTO city(region_id, name) values (285, 'London');
REPLACE INTO city(region_id, name) values (285, 'Northolt');
REPLACE INTO city(region_id, name) values (285, 'Northwood');
REPLACE INTO city(region_id, name) values (285, 'Orpington');
REPLACE INTO city(region_id, name) values (285, 'Pinner');
REPLACE INTO city(region_id, name) values (285, 'Purley');
REPLACE INTO city(region_id, name) values (285, 'Richmond');
REPLACE INTO city(region_id, name) values (285, 'Romford');
REPLACE INTO city(region_id, name) values (285, 'South Croydon');
REPLACE INTO city(region_id, name) values (285, 'Southall');
REPLACE INTO city(region_id, name) values (285, 'Stanmore');
REPLACE INTO city(region_id, name) values (285, 'Surbiton');
REPLACE INTO city(region_id, name) values (285, 'Sutton');
REPLACE INTO city(region_id, name) values (285, 'Twickenham');
REPLACE INTO city(region_id, name) values (285, 'Uxbridge');
REPLACE INTO city(region_id, name) values (285, 'Welling');
REPLACE INTO city(region_id, name) values (285, 'Wembley');
REPLACE INTO city(region_id, name) values (285, 'West Wickham');
REPLACE INTO city(region_id, name) values (285, 'Westerham');
REPLACE INTO city(region_id, name) values (285, 'Woodford Green');
REPLACE INTO city(region_id, name) values (285, 'Worcester Park');
REPLACE INTO city(region_id, name) values (301, 'Tiszajvros');
REPLACE INTO city(region_id, name) values (323, 'Anaco');
REPLACE INTO city(region_id, name) values (323, 'Barcelona');
REPLACE INTO city(region_id, name) values (323, 'Pozuelos');
REPLACE INTO city(region_id, name) values (323, 'Puerto de La Cruz');
REPLACE INTO city(region_id, name) values (323, 'Puerto La Cruz');
REPLACE INTO city(region_id, name) values (345, 'Дили');
REPLACE INTO region(id, country_id, name) values (346, 42, 'Dong Bang Song Hong');
REPLACE INTO region(id, country_id, name) values (347, 42, 'Dong Nam Bo');
REPLACE INTO region(id, country_id, name) values (348, 42, 'Duyen Hai Mien Trung');
REPLACE INTO region(id, country_id, name) values (349, 42, 'Khu Bon Cu');
REPLACE INTO region(id, country_id, name) values (350, 42, 'Mien Nui Va Trung Du');
REPLACE INTO region(id, country_id, name) values (351, 42, 'Thai Nguyen');
REPLACE INTO city(region_id, name) values (42, 'Абдулино');
REPLACE INTO city(region_id, name) values (42, 'Адамовка');
REPLACE INTO city(region_id, name) values (42, 'Айдырлинский');
REPLACE INTO city(region_id, name) values (42, 'Акбулак');
REPLACE INTO city(region_id, name) values (42, 'Аккермановка');
REPLACE INTO city(region_id, name) values (42, 'Асекеево');
REPLACE INTO city(region_id, name) values (42, 'Беляевка');
REPLACE INTO city(region_id, name) values (42, 'Бугуруслан');
REPLACE INTO city(region_id, name) values (42, 'Бузулук');
REPLACE INTO city(region_id, name) values (42, 'Гай');
REPLACE INTO city(region_id, name) values (42, 'Грачевка');
REPLACE INTO city(region_id, name) values (42, 'Домбаровский');
REPLACE INTO city(region_id, name) values (42, 'Дубенский');
REPLACE INTO city(region_id, name) values (42, 'Илек');
REPLACE INTO city(region_id, name) values (42, 'Ириклинский');
REPLACE INTO city(region_id, name) values (42, 'Кувандык');
REPLACE INTO city(region_id, name) values (42, 'Курманаевка');
REPLACE INTO city(region_id, name) values (42, 'Матвеевка');
REPLACE INTO city(region_id, name) values (42, 'Медногорск');
REPLACE INTO city(region_id, name) values (42, 'Новоорск');
REPLACE INTO city(region_id, name) values (42, 'Новосергиевка');
REPLACE INTO city(region_id, name) values (42, 'Новотроицк');
REPLACE INTO city(region_id, name) values (42, 'Октябрьское (Оренбург.)');
REPLACE INTO city(region_id, name) values (42, 'Оренбург');
REPLACE INTO city(region_id, name) values (42, 'Орск');
REPLACE INTO city(region_id, name) values (42, 'Первомайский (Оренбург.)');
REPLACE INTO city(region_id, name) values (42, 'Переволоцкий');
REPLACE INTO city(region_id, name) values (42, 'Пономаревка');
REPLACE INTO city(region_id, name) values (42, 'Саракташ');
REPLACE INTO city(region_id, name) values (42, 'Светлый (Оренбургская обл.)');
REPLACE INTO city(region_id, name) values (42, 'Северное');
REPLACE INTO city(region_id, name) values (42, 'Соль-Илецк');
REPLACE INTO city(region_id, name) values (42, 'Сорочинск');
REPLACE INTO city(region_id, name) values (42, 'Ташла');
REPLACE INTO city(region_id, name) values (42, 'Тоцкое');
REPLACE INTO city(region_id, name) values (42, 'Тюльган');
REPLACE INTO city(region_id, name) values (42, 'Шарлык');
REPLACE INTO city(region_id, name) values (42, 'Энергетик');
REPLACE INTO city(region_id, name) values (42, 'Ясный');
REPLACE INTO city(region_id, name) values (229, 'Bela');
REPLACE INTO city(region_id, name) values (229, 'Bjala');
REPLACE INTO city(region_id, name) values (229, 'Byala');
REPLACE INTO city(region_id, name) values (229, 'Gorna-Monastir');
REPLACE INTO city(region_id, name) values (229, 'Ivanovo');
REPLACE INTO city(region_id, name) values (229, 'Iwanowo');
REPLACE INTO city(region_id, name) values (229, 'Rouss');
REPLACE INTO city(region_id, name) values (229, 'Ruse');
REPLACE INTO city(region_id, name) values (229, 'Russe');
REPLACE INTO city(region_id, name) values (266, 'Altaneira');
REPLACE INTO city(region_id, name) values (266, 'Curitiba');
REPLACE INTO city(region_id, name) values (266, 'Curytiba');
REPLACE INTO city(region_id, name) values (266, 'Maring');
REPLACE INTO city(region_id, name) values (286, 'Belford');
REPLACE INTO city(region_id, name) values (286, 'Berwick-Upon-Tweed');
REPLACE INTO city(region_id, name) values (286, 'Billingham');
REPLACE INTO city(region_id, name) values (286, 'Blyth');
REPLACE INTO city(region_id, name) values (286, 'Corbridge');
REPLACE INTO city(region_id, name) values (286, 'Darlington');
REPLACE INTO city(region_id, name) values (286, 'Durham');
REPLACE INTO city(region_id, name) values (286, 'East Boldon');
REPLACE INTO city(region_id, name) values (286, 'Gateshead');
REPLACE INTO city(region_id, name) values (286, 'Haltwhistle');
REPLACE INTO city(region_id, name) values (286, 'Hartlepool');
REPLACE INTO city(region_id, name) values (286, 'Houghton Le Spring');
REPLACE INTO city(region_id, name) values (286, 'Middlesbrough');
REPLACE INTO city(region_id, name) values (286, 'Newcastle Upon Tyne');
REPLACE INTO city(region_id, name) values (286, 'Riding Mill');
REPLACE INTO city(region_id, name) values (286, 'South Shields');
REPLACE INTO city(region_id, name) values (286, 'Stockton-On-Tees');
REPLACE INTO city(region_id, name) values (286, 'Sunderland');
REPLACE INTO city(region_id, name) values (286, 'Washington');
REPLACE INTO city(region_id, name) values (286, 'Yarm');
REPLACE INTO city(region_id, name) values (302, 'Adyliget');
REPLACE INTO city(region_id, name) values (302, 'Angyalfld');
REPLACE INTO city(region_id, name) values (302, 'Buda');
REPLACE INTO city(region_id, name) values (302, 'Budafok');
REPLACE INTO city(region_id, name) values (302, 'Budapest');
REPLACE INTO city(region_id, name) values (302, 'Chepel');
REPLACE INTO city(region_id, name) values (302, 'Erzsbetvros');
REPLACE INTO city(region_id, name) values (302, 'Gellert');
REPLACE INTO city(region_id, name) values (302, 'Kobanya');
REPLACE INTO city(region_id, name) values (302, 'Pest');
REPLACE INTO city(region_id, name) values (324, 'frica');
REPLACE INTO city(region_id, name) values (324, 'San Fernando de Apure');
REPLACE INTO city(region_id, name) values (346, 'Нам-Динх');
REPLACE INTO city(region_id, name) values (346, 'Хайфон');
REPLACE INTO city(region_id, name) values (346, 'Ханой');
REPLACE INTO region(id, country_id, name) values (352, 43, 'Габон');
REPLACE INTO city(region_id, name) values (43, 'Болхов');
REPLACE INTO city(region_id, name) values (43, 'Верховье');
REPLACE INTO city(region_id, name) values (43, 'Глазуновка');
REPLACE INTO city(region_id, name) values (43, 'Дмитровск-Орловский');
REPLACE INTO city(region_id, name) values (43, 'Долгое');
REPLACE INTO city(region_id, name) values (43, 'Залегощь');
REPLACE INTO city(region_id, name) values (43, 'Змиевка');
REPLACE INTO city(region_id, name) values (43, 'Знаменское (Орловская обл.)');
REPLACE INTO city(region_id, name) values (43, 'Колпны');
REPLACE INTO city(region_id, name) values (43, 'Красная Заря');
REPLACE INTO city(region_id, name) values (43, 'Кромы');
REPLACE INTO city(region_id, name) values (43, 'Ливны');
REPLACE INTO city(region_id, name) values (43, 'Малоархангельск');
REPLACE INTO city(region_id, name) values (43, 'Мценск');
REPLACE INTO city(region_id, name) values (43, 'Нарышкино');
REPLACE INTO city(region_id, name) values (43, 'Новосиль');
REPLACE INTO city(region_id, name) values (43, 'Орел');
REPLACE INTO city(region_id, name) values (43, 'Покровское');
REPLACE INTO city(region_id, name) values (43, 'Сосково');
REPLACE INTO city(region_id, name) values (43, 'Тросна');
REPLACE INTO city(region_id, name) values (43, 'Хомутово');
REPLACE INTO city(region_id, name) values (43, 'Хотынец');
REPLACE INTO city(region_id, name) values (43, 'Шаблыкино');
REPLACE INTO city(region_id, name) values (230, 'Choumn');
REPLACE INTO city(region_id, name) values (230, 'Eni Pazar');
REPLACE INTO city(region_id, name) values (230, 'Gara Sheytandzhik');
REPLACE INTO city(region_id, name) values (230, 'Novi Pazar');
REPLACE INTO city(region_id, name) values (230, 'Preslav');
REPLACE INTO city(region_id, name) values (230, 'Schumen');
REPLACE INTO city(region_id, name) values (230, 'Shumen');
REPLACE INTO city(region_id, name) values (230, 'Sumen');
REPLACE INTO city(region_id, name) values (230, 'Veliki Preslav');
REPLACE INTO city(region_id, name) values (267, 'Abadia');
REPLACE INTO city(region_id, name) values (267, 'Afonso');
REPLACE INTO city(region_id, name) values (267, 'gua Ferro');
REPLACE INTO city(region_id, name) values (267, 'Agua Santa');
REPLACE INTO city(region_id, name) values (267, 'Aldeia do Cabo');
REPLACE INTO city(region_id, name) values (267, 'Angola');
REPLACE INTO city(region_id, name) values (267, 'Angra');
REPLACE INTO city(region_id, name) values (267, 'Antnio Mariano');
REPLACE INTO city(region_id, name) values (267, 'Barcelos');
REPLACE INTO city(region_id, name) values (267, 'Barreira');
REPLACE INTO city(region_id, name) values (267, 'Boa Vida');
REPLACE INTO city(region_id, name) values (267, 'Botafogo');
REPLACE INTO city(region_id, name) values (267, 'Bueno de Andrade');
REPLACE INTO city(region_id, name) values (267, 'Bzios');
REPLACE INTO city(region_id, name) values (267, 'Cambota');
REPLACE INTO city(region_id, name) values (267, 'Copacabana');
REPLACE INTO city(region_id, name) values (267, 'Costa');
REPLACE INTO city(region_id, name) values (267, 'Ipanema');
REPLACE INTO city(region_id, name) values (267, 'Italva');
REPLACE INTO city(region_id, name) values (267, 'Margarida');
REPLACE INTO city(region_id, name) values (267, 'Nictheroy');
REPLACE INTO city(region_id, name) values (267, 'Paraty');
REPLACE INTO city(region_id, name) values (267, 'Porto Novo');
REPLACE INTO city(region_id, name) values (267, 'Ramos');
REPLACE INTO city(region_id, name) values (267, 'Ribeiro da Divisa');
REPLACE INTO city(region_id, name) values (267, 'Rio');
REPLACE INTO city(region_id, name) values (267, 'Rio de Janeiro');
REPLACE INTO city(region_id, name) values (267, 'Santa Brbara');
REPLACE INTO city(region_id, name) values (267, 'Santa Cruz');
REPLACE INTO city(region_id, name) values (267, 'So Jos');
REPLACE INTO city(region_id, name) values (287, 'Accrington');
REPLACE INTO city(region_id, name) values (287, 'Bacup');
REPLACE INTO city(region_id, name) values (287, 'Blackburn');
REPLACE INTO city(region_id, name) values (287, 'Blackpool');
REPLACE INTO city(region_id, name) values (287, 'Bolton');
REPLACE INTO city(region_id, name) values (287, 'Burnley');
REPLACE INTO city(region_id, name) values (287, 'Bury');
REPLACE INTO city(region_id, name) values (287, 'Carlisle');
REPLACE INTO city(region_id, name) values (287, 'Chester');
REPLACE INTO city(region_id, name) values (287, 'Chorley');
REPLACE INTO city(region_id, name) values (287, 'Crewe');
REPLACE INTO city(region_id, name) values (287, 'Kendal');
REPLACE INTO city(region_id, name) values (287, 'Lancaster');
REPLACE INTO city(region_id, name) values (287, 'Liverpool');
REPLACE INTO city(region_id, name) values (287, 'Manchester');
REPLACE INTO city(region_id, name) values (287, 'Morecambe');
REPLACE INTO city(region_id, name) values (287, 'Nelson');
REPLACE INTO city(region_id, name) values (287, 'Northwich');
REPLACE INTO city(region_id, name) values (287, 'Preston');
REPLACE INTO city(region_id, name) values (287, 'Runcorn');
REPLACE INTO city(region_id, name) values (287, 'Sale');
REPLACE INTO city(region_id, name) values (287, 'Skelmersdale');
REPLACE INTO city(region_id, name) values (287, 'Southport');
REPLACE INTO city(region_id, name) values (287, 'St Helens');
REPLACE INTO city(region_id, name) values (287, 'Stockport');
REPLACE INTO city(region_id, name) values (287, 'Stoke-On-Trent');
REPLACE INTO city(region_id, name) values (287, 'Wallasey');
REPLACE INTO city(region_id, name) values (287, 'Warrington');
REPLACE INTO city(region_id, name) values (287, 'Whitehaven');
REPLACE INTO city(region_id, name) values (287, 'Wigan');
REPLACE INTO city(region_id, name) values (303, 'Szkkutas');
REPLACE INTO city(region_id, name) values (325, 'El Limn');
REPLACE INTO city(region_id, name) values (325, 'Maracay');
REPLACE INTO city(region_id, name) values (325, 'Villa de Cura');
REPLACE INTO city(region_id, name) values (347, 'Вунг-Тау');
REPLACE INTO city(region_id, name) values (347, 'Сайгон');
REPLACE INTO city(region_id, name) values (352, 'Либревиль');
REPLACE INTO city(region_id, name) values (352, 'Порт-Жантиль');
REPLACE INTO region(id, country_id, name) values (353, 44, 'Artibonite');
REPLACE INTO region(id, country_id, name) values (354, 44, 'Grand''''Anse');
REPLACE INTO region(id, country_id, name) values (355, 44, 'Nord-Ouest');
REPLACE INTO region(id, country_id, name) values (356, 44, 'Ouest');
REPLACE INTO region(id, country_id, name) values (357, 44, 'Sud');
REPLACE INTO region(id, country_id, name) values (358, 44, 'Sud-Est');
REPLACE INTO city(region_id, name) values (44, 'Башмаково');
REPLACE INTO city(region_id, name) values (44, 'Беднодемьяновск');
REPLACE INTO city(region_id, name) values (44, 'Беково');
REPLACE INTO city(region_id, name) values (44, 'Белинский');
REPLACE INTO city(region_id, name) values (44, 'Бессоновка');
REPLACE INTO city(region_id, name) values (44, 'Вадинск');
REPLACE INTO city(region_id, name) values (44, 'Верхозим');
REPLACE INTO city(region_id, name) values (44, 'Городище (Пензенская обл.)');
REPLACE INTO city(region_id, name) values (44, 'Евлашево');
REPLACE INTO city(region_id, name) values (44, 'Заречный (Пензенская обл.)');
REPLACE INTO city(region_id, name) values (44, 'Земетчино');
REPLACE INTO city(region_id, name) values (44, 'Золотаревка');
REPLACE INTO city(region_id, name) values (44, 'Исса');
REPLACE INTO city(region_id, name) values (44, 'Каменка');
REPLACE INTO city(region_id, name) values (44, 'Колышлей');
REPLACE INTO city(region_id, name) values (44, 'Кондоль');
REPLACE INTO city(region_id, name) values (44, 'Кузнецк');
REPLACE INTO city(region_id, name) values (44, 'Лопатино');
REPLACE INTO city(region_id, name) values (44, 'Малая Сердоба');
REPLACE INTO city(region_id, name) values (44, 'Мокшан');
REPLACE INTO city(region_id, name) values (44, 'Наровчат');
REPLACE INTO city(region_id, name) values (44, 'Неверкино');
REPLACE INTO city(region_id, name) values (44, 'Нижний Ломов');
REPLACE INTO city(region_id, name) values (44, 'Никольск (Пензенская обл.)');
REPLACE INTO city(region_id, name) values (44, 'Пачелма');
REPLACE INTO city(region_id, name) values (44, 'Пенза');
REPLACE INTO city(region_id, name) values (44, 'Русский Камешкир');
REPLACE INTO city(region_id, name) values (44, 'Сердобск');
REPLACE INTO city(region_id, name) values (44, 'Сосновоборск');
REPLACE INTO city(region_id, name) values (44, 'Сура');
REPLACE INTO city(region_id, name) values (44, 'Тамала');
REPLACE INTO city(region_id, name) values (44, 'Шемышейка');
REPLACE INTO city(region_id, name) values (231, 'Acadanlar');
REPLACE INTO city(region_id, name) values (231, 'Dulovo');
REPLACE INTO city(region_id, name) values (231, 'Dulowo');
REPLACE INTO city(region_id, name) values (231, 'Glavinitsa');
REPLACE INTO city(region_id, name) values (231, 'Glawinica');
REPLACE INTO city(region_id, name) values (231, 'Silistra');
REPLACE INTO city(region_id, name) values (231, 'Turtukai');
REPLACE INTO city(region_id, name) values (231, 'Tutrakan');
REPLACE INTO city(region_id, name) values (268, 'Alemo');
REPLACE INTO city(region_id, name) values (268, 'Lagoa de Cima');
REPLACE INTO city(region_id, name) values (288, 'Abingdon');
REPLACE INTO city(region_id, name) values (288, 'Alton');
REPLACE INTO city(region_id, name) values (288, 'Amersham');
REPLACE INTO city(region_id, name) values (288, 'Andover');
REPLACE INTO city(region_id, name) values (288, 'Ascot');
REPLACE INTO city(region_id, name) values (288, 'Ashford');
REPLACE INTO city(region_id, name) values (288, 'Aylesbury');
REPLACE INTO city(region_id, name) values (288, 'Banbury');
REPLACE INTO city(region_id, name) values (288, 'Basingstoke');
REPLACE INTO city(region_id, name) values (288, 'Bexhill-On-Sea');
REPLACE INTO city(region_id, name) values (288, 'Bicester');
REPLACE INTO city(region_id, name) values (288, 'Bognor Regis');
REPLACE INTO city(region_id, name) values (288, 'Bournemouth');
REPLACE INTO city(region_id, name) values (288, 'Bracknell');
REPLACE INTO city(region_id, name) values (288, 'Brighton');
REPLACE INTO city(region_id, name) values (288, 'Broadstairs');
REPLACE INTO city(region_id, name) values (288, 'Burford');
REPLACE INTO city(region_id, name) values (288, 'Camberley');
REPLACE INTO city(region_id, name) values (288, 'Canterbury');
REPLACE INTO city(region_id, name) values (288, 'Chatham');
REPLACE INTO city(region_id, name) values (288, 'Chichester');
REPLACE INTO city(region_id, name) values (288, 'Chipping Norton');
REPLACE INTO city(region_id, name) values (288, 'Cobham');
REPLACE INTO city(region_id, name) values (288, 'Crawley');
REPLACE INTO city(region_id, name) values (288, 'Dartford');
REPLACE INTO city(region_id, name) values (288, 'Dorking');
REPLACE INTO city(region_id, name) values (288, 'Dover');
REPLACE INTO city(region_id, name) values (288, 'East Grinstead');
REPLACE INTO city(region_id, name) values (288, 'Eastbourne');
REPLACE INTO city(region_id, name) values (288, 'Farnham');
REPLACE INTO city(region_id, name) values (288, 'Faversham');
REPLACE INTO city(region_id, name) values (288, 'Fleet');
REPLACE INTO city(region_id, name) values (288, 'Folkestone');
REPLACE INTO city(region_id, name) values (288, 'Gillingham');
REPLACE INTO city(region_id, name) values (288, 'Godstone');
REPLACE INTO city(region_id, name) values (288, 'Gosport');
REPLACE INTO city(region_id, name) values (288, 'Gravesend');
REPLACE INTO city(region_id, name) values (288, 'Guildford');
REPLACE INTO city(region_id, name) values (288, 'Hastings');
REPLACE INTO city(region_id, name) values (288, 'Henley-On-Thames');
REPLACE INTO city(region_id, name) values (288, 'Hook');
REPLACE INTO city(region_id, name) values (288, 'Horley');
REPLACE INTO city(region_id, name) values (288, 'Horsham');
REPLACE INTO city(region_id, name) values (288, 'Hungerford');
REPLACE INTO city(region_id, name) values (288, 'Littlehampton');
REPLACE INTO city(region_id, name) values (288, 'Lymington');
REPLACE INTO city(region_id, name) values (288, 'Maidenhead');
REPLACE INTO city(region_id, name) values (288, 'Maidstone');
REPLACE INTO city(region_id, name) values (288, 'Margate');
REPLACE INTO city(region_id, name) values (288, 'Marlow');
REPLACE INTO city(region_id, name) values (288, 'Milton Keynes');
REPLACE INTO city(region_id, name) values (288, 'Newbury');
REPLACE INTO city(region_id, name) values (288, 'Newport');
REPLACE INTO city(region_id, name) values (288, 'Oxford');
REPLACE INTO city(region_id, name) values (288, 'Portsmouth');
REPLACE INTO city(region_id, name) values (288, 'Reading');
REPLACE INTO city(region_id, name) values (288, 'Redhill');
REPLACE INTO city(region_id, name) values (288, 'Rochester');
REPLACE INTO city(region_id, name) values (288, 'Rye');
REPLACE INTO city(region_id, name) values (288, 'Sevenoaks');
REPLACE INTO city(region_id, name) values (288, 'Shanklin');
REPLACE INTO city(region_id, name) values (288, 'Sheerness');
REPLACE INTO city(region_id, name) values (288, 'Shoreham-By-Sea');
REPLACE INTO city(region_id, name) values (288, 'Sittingbourne');
REPLACE INTO city(region_id, name) values (288, 'Slough');
REPLACE INTO city(region_id, name) values (288, 'Southampton');
REPLACE INTO city(region_id, name) values (288, 'Southsea');
REPLACE INTO city(region_id, name) values (288, 'Staines');
REPLACE INTO city(region_id, name) values (288, 'Sutton');
REPLACE INTO city(region_id, name) values (288, 'Swanley');
REPLACE INTO city(region_id, name) values (288, 'Swindon');
REPLACE INTO city(region_id, name) values (288, 'Tonbridge');
REPLACE INTO city(region_id, name) values (288, 'Tunbridge Wells');
REPLACE INTO city(region_id, name) values (288, 'Walton-On-Thames');
REPLACE INTO city(region_id, name) values (288, 'West Malling');
REPLACE INTO city(region_id, name) values (288, 'Weybridge');
REPLACE INTO city(region_id, name) values (288, 'Winchester');
REPLACE INTO city(region_id, name) values (288, 'Windsor');
REPLACE INTO city(region_id, name) values (288, 'Woking');
REPLACE INTO city(region_id, name) values (288, 'Wokingham');
REPLACE INTO city(region_id, name) values (288, 'Worthing');
REPLACE INTO city(region_id, name) values (288, 'Yarmouth');
REPLACE INTO city(region_id, name) values (304, 'Debrecen');
REPLACE INTO city(region_id, name) values (304, 'Debreczen');
REPLACE INTO city(region_id, name) values (326, 'Barinas');
REPLACE INTO city(region_id, name) values (326, 'Pedraza Vieja');
REPLACE INTO city(region_id, name) values (348, 'Нячанг');
REPLACE INTO city(region_id, name) values (348, 'Пхан-Тхит');
REPLACE INTO city(region_id, name) values (353, 'Гонаивес');
REPLACE INTO region(id, country_id, name) values (359, 45, 'Гайана');
REPLACE INTO city(region_id, name) values (45, 'Александровск');
REPLACE INTO city(region_id, name) values (45, 'Барда');
REPLACE INTO city(region_id, name) values (45, 'Березники');
REPLACE INTO city(region_id, name) values (45, 'Большая Соснова');
REPLACE INTO city(region_id, name) values (45, 'Верещагино');
REPLACE INTO city(region_id, name) values (45, 'Гайны');
REPLACE INTO city(region_id, name) values (45, 'Горнозаводск (Пермский край)');
REPLACE INTO city(region_id, name) values (45, 'Гремячинск');
REPLACE INTO city(region_id, name) values (45, 'Губаха');
REPLACE INTO city(region_id, name) values (45, 'Добрянка');
REPLACE INTO city(region_id, name) values (45, 'Елово');
REPLACE INTO city(region_id, name) values (45, 'Зюкайка');
REPLACE INTO city(region_id, name) values (45, 'Ильинский (Пермская обл.)');
REPLACE INTO city(region_id, name) values (45, 'Карагай');
REPLACE INTO city(region_id, name) values (45, 'Керчевский');
REPLACE INTO city(region_id, name) values (45, 'Кизел');
REPLACE INTO city(region_id, name) values (45, 'Коса');
REPLACE INTO city(region_id, name) values (45, 'Кочево');
REPLACE INTO city(region_id, name) values (45, 'Красновишерск');
REPLACE INTO city(region_id, name) values (45, 'Краснокамск');
REPLACE INTO city(region_id, name) values (45, 'Кудымкар');
REPLACE INTO city(region_id, name) values (45, 'Куеда');
REPLACE INTO city(region_id, name) values (45, 'Кунгур');
REPLACE INTO city(region_id, name) values (45, 'Лысьва');
REPLACE INTO city(region_id, name) values (45, 'Ныроб');
REPLACE INTO city(region_id, name) values (45, 'Нытва');
REPLACE INTO city(region_id, name) values (45, 'Октябрьский');
REPLACE INTO city(region_id, name) values (45, 'Орда');
REPLACE INTO city(region_id, name) values (45, 'Оса');
REPLACE INTO city(region_id, name) values (45, 'Оханск');
REPLACE INTO city(region_id, name) values (45, 'Очер');
REPLACE INTO city(region_id, name) values (45, 'Пермь');
REPLACE INTO city(region_id, name) values (45, 'Соликамск');
REPLACE INTO city(region_id, name) values (45, 'Суксун');
REPLACE INTO city(region_id, name) values (45, 'Уинское');
REPLACE INTO city(region_id, name) values (45, 'Усолье');
REPLACE INTO city(region_id, name) values (45, 'Усть-Кишерть');
REPLACE INTO city(region_id, name) values (45, 'Чайковский');
REPLACE INTO city(region_id, name) values (45, 'Частые');
REPLACE INTO city(region_id, name) values (45, 'Чердынь');
REPLACE INTO city(region_id, name) values (45, 'Чернореченский');
REPLACE INTO city(region_id, name) values (45, 'Чернушка');
REPLACE INTO city(region_id, name) values (45, 'Чусовой');
REPLACE INTO city(region_id, name) values (45, 'Юрла');
REPLACE INTO city(region_id, name) values (45, 'Юсьва');
REPLACE INTO city(region_id, name) values (232, 'Kotel');
REPLACE INTO city(region_id, name) values (232, 'Nova Zagora');
REPLACE INTO city(region_id, name) values (232, 'Sliven');
REPLACE INTO city(region_id, name) values (232, 'Sliwen');
REPLACE INTO city(region_id, name) values (269, 'guas Brancas');
REPLACE INTO city(region_id, name) values (269, 'Porto Alegre');
REPLACE INTO city(region_id, name) values (269, 'Santa Barbara');
REPLACE INTO city(region_id, name) values (269, 'Viamo');
REPLACE INTO city(region_id, name) values (289, 'Andover');
REPLACE INTO city(region_id, name) values (289, 'Barnstaple');
REPLACE INTO city(region_id, name) values (289, 'Bath');
REPLACE INTO city(region_id, name) values (289, 'Bideford');
REPLACE INTO city(region_id, name) values (289, 'Bodmin');
REPLACE INTO city(region_id, name) values (289, 'Bradford-On-Avon');
REPLACE INTO city(region_id, name) values (289, 'Bridgwater');
REPLACE INTO city(region_id, name) values (289, 'Bristol');
REPLACE INTO city(region_id, name) values (289, 'Brixham');
REPLACE INTO city(region_id, name) values (289, 'Callington');
REPLACE INTO city(region_id, name) values (289, 'Camborne');
REPLACE INTO city(region_id, name) values (289, 'Cheltenham');
REPLACE INTO city(region_id, name) values (289, 'Chippenham');
REPLACE INTO city(region_id, name) values (289, 'Clevedon');
REPLACE INTO city(region_id, name) values (289, 'Crewkerne');
REPLACE INTO city(region_id, name) values (289, 'Dorchester');
REPLACE INTO city(region_id, name) values (289, 'Exeter');
REPLACE INTO city(region_id, name) values (289, 'Exmouth');
REPLACE INTO city(region_id, name) values (289, 'Falmouth');
REPLACE INTO city(region_id, name) values (289, 'Gloucester');
REPLACE INTO city(region_id, name) values (289, 'Helston');
REPLACE INTO city(region_id, name) values (289, 'Lynmouth');
REPLACE INTO city(region_id, name) values (289, 'Newquay');
REPLACE INTO city(region_id, name) values (289, 'Paignton');
REPLACE INTO city(region_id, name) values (289, 'Penzance');
REPLACE INTO city(region_id, name) values (289, 'Plymouth');
REPLACE INTO city(region_id, name) values (289, 'Poole');
REPLACE INTO city(region_id, name) values (289, 'Redruth');
REPLACE INTO city(region_id, name) values (289, 'Salisbury');
REPLACE INTO city(region_id, name) values (289, 'Saltash');
REPLACE INTO city(region_id, name) values (289, 'St Ives');
REPLACE INTO city(region_id, name) values (289, 'Stroud');
REPLACE INTO city(region_id, name) values (289, 'Swindon');
REPLACE INTO city(region_id, name) values (289, 'Taunton');
REPLACE INTO city(region_id, name) values (289, 'Teignmouth');
REPLACE INTO city(region_id, name) values (289, 'Torquay');
REPLACE INTO city(region_id, name) values (289, 'Truro');
REPLACE INTO city(region_id, name) values (289, 'Warminster');
REPLACE INTO city(region_id, name) values (289, 'Wells');
REPLACE INTO city(region_id, name) values (289, 'Westbury');
REPLACE INTO city(region_id, name) values (289, 'Weston-Super-Mare');
REPLACE INTO city(region_id, name) values (289, 'Weymouth');
REPLACE INTO city(region_id, name) values (289, 'Yeovil');
REPLACE INTO city(region_id, name) values (305, 'Bicske');
REPLACE INTO city(region_id, name) values (305, 'Dunajvros');
REPLACE INTO city(region_id, name) values (305, 'Szkesfehrvr');
REPLACE INTO city(region_id, name) values (327, 'Agua Blanca');
REPLACE INTO city(region_id, name) values (327, 'Balchises');
REPLACE INTO city(region_id, name) values (327, 'Bolvar');
REPLACE INTO city(region_id, name) values (327, 'Botuta');
REPLACE INTO city(region_id, name) values (327, 'Guayana City');
REPLACE INTO city(region_id, name) values (327, 'Portachuelo');
REPLACE INTO city(region_id, name) values (327, 'Puerto de Ordaz');
REPLACE INTO city(region_id, name) values (327, 'Puerto Ordaz');
REPLACE INTO city(region_id, name) values (349, 'Винь');
REPLACE INTO city(region_id, name) values (349, 'Хуэ');
REPLACE INTO city(region_id, name) values (354, 'Джереми');
REPLACE INTO city(region_id, name) values (359, 'Джорджтаун');
REPLACE INTO region(id, country_id, name) values (360, 46, 'Гамбия');
REPLACE INTO city(region_id, name) values (46, 'Анучино');
REPLACE INTO city(region_id, name) values (46, 'Арсеньев');
REPLACE INTO city(region_id, name) values (46, 'Артем');
REPLACE INTO city(region_id, name) values (46, 'Артемовский (Приморский край)');
REPLACE INTO city(region_id, name) values (46, 'Большой Камень');
REPLACE INTO city(region_id, name) values (46, 'Валентин');
REPLACE INTO city(region_id, name) values (46, 'Владивосток');
REPLACE INTO city(region_id, name) values (46, 'Высокогорск');
REPLACE INTO city(region_id, name) values (46, 'Горные Ключи');
REPLACE INTO city(region_id, name) values (46, 'Горный');
REPLACE INTO city(region_id, name) values (46, 'Дальнегорск');
REPLACE INTO city(region_id, name) values (46, 'Дальнереченск');
REPLACE INTO city(region_id, name) values (46, 'Зарубино');
REPLACE INTO city(region_id, name) values (46, 'Кавалерово');
REPLACE INTO city(region_id, name) values (46, 'Каменка (Приморский край)');
REPLACE INTO city(region_id, name) values (46, 'Камень-Рыболов');
REPLACE INTO city(region_id, name) values (46, 'Кировский');
REPLACE INTO city(region_id, name) values (46, 'Лазо');
REPLACE INTO city(region_id, name) values (46, 'Лесозаводск');
REPLACE INTO city(region_id, name) values (46, 'Лучегорск');
REPLACE INTO city(region_id, name) values (46, 'Михайловка (Приморский край)');
REPLACE INTO city(region_id, name) values (46, 'Находка (Приморский край)');
REPLACE INTO city(region_id, name) values (46, 'Новопокровка');
REPLACE INTO city(region_id, name) values (46, 'Ольга');
REPLACE INTO city(region_id, name) values (46, 'Партизанск');
REPLACE INTO city(region_id, name) values (46, 'Пластун');
REPLACE INTO city(region_id, name) values (46, 'Пограничный');
REPLACE INTO city(region_id, name) values (46, 'Покровка');
REPLACE INTO city(region_id, name) values (46, 'Посьет');
REPLACE INTO city(region_id, name) values (46, 'Русский');
REPLACE INTO city(region_id, name) values (46, 'Славянка');
REPLACE INTO city(region_id, name) values (46, 'Спасск-Дальний');
REPLACE INTO city(region_id, name) values (46, 'Терней');
REPLACE INTO city(region_id, name) values (46, 'Уссурийск');
REPLACE INTO city(region_id, name) values (46, 'Фокино');
REPLACE INTO city(region_id, name) values (46, 'Хасан');
REPLACE INTO city(region_id, name) values (46, 'Хороль');
REPLACE INTO city(region_id, name) values (46, 'Черниговка');
REPLACE INTO city(region_id, name) values (46, 'Чугуевка');
REPLACE INTO city(region_id, name) values (46, 'Яковлевка');
REPLACE INTO city(region_id, name) values (46, 'Ярославский');
REPLACE INTO city(region_id, name) values (233, 'Devin');
REPLACE INTO city(region_id, name) values (233, 'Dospat');
REPLACE INTO city(region_id, name) values (233, 'Kara-Bulak');
REPLACE INTO city(region_id, name) values (233, 'Karlukovo');
REPLACE INTO city(region_id, name) values (233, 'Ledzha');
REPLACE INTO city(region_id, name) values (233, 'Ludzha');
REPLACE INTO city(region_id, name) values (233, 'Nedelio');
REPLACE INTO city(region_id, name) values (233, 'Rudozem');
REPLACE INTO city(region_id, name) values (233, 'Smolian');
REPLACE INTO city(region_id, name) values (233, 'Smolyan');
REPLACE INTO city(region_id, name) values (233, 'Zlatograd');
REPLACE INTO city(region_id, name) values (270, 'Bananeira');
REPLACE INTO city(region_id, name) values (290, 'Ashbourne');
REPLACE INTO city(region_id, name) values (290, 'Bewdley');
REPLACE INTO city(region_id, name) values (290, 'Bilston');
REPLACE INTO city(region_id, name) values (290, 'Birmingham');
REPLACE INTO city(region_id, name) values (290, 'Burton-On-Trent');
REPLACE INTO city(region_id, name) values (290, 'Coventry');
REPLACE INTO city(region_id, name) values (290, 'Craven Arms');
REPLACE INTO city(region_id, name) values (290, 'Crewe');
REPLACE INTO city(region_id, name) values (290, 'Daventry');
REPLACE INTO city(region_id, name) values (290, 'Droitwich');
REPLACE INTO city(region_id, name) values (290, 'Dudley');
REPLACE INTO city(region_id, name) values (290, 'Evesham');
REPLACE INTO city(region_id, name) values (290, 'Hereford');
REPLACE INTO city(region_id, name) values (290, 'Leamington Spa');
REPLACE INTO city(region_id, name) values (290, 'Lichfield');
REPLACE INTO city(region_id, name) values (290, 'Newcastle');
REPLACE INTO city(region_id, name) values (290, 'Newport');
REPLACE INTO city(region_id, name) values (290, 'Nuneaton');
REPLACE INTO city(region_id, name) values (290, 'Rugby');
REPLACE INTO city(region_id, name) values (290, 'Shrewsbury');
REPLACE INTO city(region_id, name) values (290, 'Stafford');
REPLACE INTO city(region_id, name) values (290, 'Stoke-On-Trent');
REPLACE INTO city(region_id, name) values (290, 'Stourbridge');
REPLACE INTO city(region_id, name) values (290, 'Stratford-Upon-Avon');
REPLACE INTO city(region_id, name) values (290, 'Tamworth');
REPLACE INTO city(region_id, name) values (290, 'Telford');
REPLACE INTO city(region_id, name) values (290, 'Tenbury Wells');
REPLACE INTO city(region_id, name) values (290, 'Walsall');
REPLACE INTO city(region_id, name) values (290, 'Warwick');
REPLACE INTO city(region_id, name) values (290, 'West Bromwich');
REPLACE INTO city(region_id, name) values (290, 'Whitchurch');
REPLACE INTO city(region_id, name) values (290, 'Wolverhampton');
REPLACE INTO city(region_id, name) values (290, 'Worcester');
REPLACE INTO city(region_id, name) values (306, 'Gyor');
REPLACE INTO city(region_id, name) values (328, 'Puerto Cabello');
REPLACE INTO city(region_id, name) values (328, 'Valencia');
REPLACE INTO city(region_id, name) values (350, 'Хон-Гаи');
REPLACE INTO city(region_id, name) values (355, 'Порт-де-Пакс');
REPLACE INTO city(region_id, name) values (360, 'Банжул');
REPLACE INTO region(id, country_id, name) values (361, 47, 'Гана');
REPLACE INTO city(region_id, name) values (47, 'Бежаницы');
REPLACE INTO city(region_id, name) values (47, 'Великие Луки');
REPLACE INTO city(region_id, name) values (47, 'Гдов');
REPLACE INTO city(region_id, name) values (47, 'Дедовичи');
REPLACE INTO city(region_id, name) values (47, 'Дно');
REPLACE INTO city(region_id, name) values (47, 'Заплюсье');
REPLACE INTO city(region_id, name) values (47, 'Идрица');
REPLACE INTO city(region_id, name) values (47, 'Красногородское');
REPLACE INTO city(region_id, name) values (47, 'Кунья');
REPLACE INTO city(region_id, name) values (47, 'Локня');
REPLACE INTO city(region_id, name) values (47, 'Невель');
REPLACE INTO city(region_id, name) values (47, 'Новоржев');
REPLACE INTO city(region_id, name) values (47, 'Новосокольники');
REPLACE INTO city(region_id, name) values (47, 'Опочка');
REPLACE INTO city(region_id, name) values (47, 'Остров');
REPLACE INTO city(region_id, name) values (47, 'Палкино');
REPLACE INTO city(region_id, name) values (47, 'Печоры');
REPLACE INTO city(region_id, name) values (47, 'Плюсса');
REPLACE INTO city(region_id, name) values (47, 'Порхов');
REPLACE INTO city(region_id, name) values (47, 'Псков');
REPLACE INTO city(region_id, name) values (47, 'Пустошка');
REPLACE INTO city(region_id, name) values (47, 'Пушкинские Горы');
REPLACE INTO city(region_id, name) values (47, 'Пыталово');
REPLACE INTO city(region_id, name) values (47, 'Себеж');
REPLACE INTO city(region_id, name) values (47, 'Струги-Красные');
REPLACE INTO city(region_id, name) values (47, 'Усвяты');
REPLACE INTO city(region_id, name) values (234, 'Ablanitsa');
REPLACE INTO city(region_id, name) values (234, 'Ablaniza');
REPLACE INTO city(region_id, name) values (234, 'Al''''ovgrob');
REPLACE INTO city(region_id, name) values (234, 'Alag''''ozitsa');
REPLACE INTO city(region_id, name) values (234, 'Aldomiro');
REPLACE INTO city(region_id, name) values (234, 'Alino');
REPLACE INTO city(region_id, name) values (234, 'Angelov Dol');
REPLACE INTO city(region_id, name) values (234, 'Arsan');
REPLACE INTO city(region_id, name) values (234, 'Arzan');
REPLACE INTO city(region_id, name) values (234, 'Avli K''''oy');
REPLACE INTO city(region_id, name) values (234, 'Babino');
REPLACE INTO city(region_id, name) values (234, 'Babinoka Reka');
REPLACE INTO city(region_id, name) values (234, 'Babitsa');
REPLACE INTO city(region_id, name) values (234, 'Banishor');
REPLACE INTO city(region_id, name) values (234, 'Bankja');
REPLACE INTO city(region_id, name) values (234, 'Bankya');
REPLACE INTO city(region_id, name) values (234, 'Belaniza');
REPLACE INTO city(region_id, name) values (234, 'Beli Iskur');
REPLACE INTO city(region_id, name) values (234, 'Bistrica');
REPLACE INTO city(region_id, name) values (234, 'Bistritsa');
REPLACE INTO city(region_id, name) values (234, 'Borovets');
REPLACE INTO city(region_id, name) values (234, 'Borovo');
REPLACE INTO city(region_id, name) values (234, 'Botevgrad');
REPLACE INTO city(region_id, name) values (234, 'Botewgrad');
REPLACE INTO city(region_id, name) values (234, 'Burdo');
REPLACE INTO city(region_id, name) values (234, 'Druvnitsa');
REPLACE INTO city(region_id, name) values (234, 'G''''ola');
REPLACE INTO city(region_id, name) values (234, 'Gol''''ovitsa');
REPLACE INTO city(region_id, name) values (234, 'Ihtiman');
REPLACE INTO city(region_id, name) values (234, 'Ilinden');
REPLACE INTO city(region_id, name) values (234, 'Izvor');
REPLACE INTO city(region_id, name) values (234, 'Lozenets');
REPLACE INTO city(region_id, name) values (234, 'Lozenitsa');
REPLACE INTO city(region_id, name) values (234, 'Lyulin');
REPLACE INTO city(region_id, name) values (234, 'Momin Prokhod');
REPLACE INTO city(region_id, name) values (234, 'Obel');
REPLACE INTO city(region_id, name) values (234, 'Pancharevo');
REPLACE INTO city(region_id, name) values (234, 'Pirin');
REPLACE INTO city(region_id, name) values (234, 'Prawez');
REPLACE INTO city(region_id, name) values (234, 'S''''kirna Gorna');
REPLACE INTO city(region_id, name) values (234, 'Sabol');
REPLACE INTO city(region_id, name) values (234, 'Samokov');
REPLACE INTO city(region_id, name) values (234, 'Samokow');
REPLACE INTO city(region_id, name) values (234, 'Slatina');
REPLACE INTO city(region_id, name) values (234, 'Slatino');
REPLACE INTO city(region_id, name) values (234, 'Slivnitsa');
REPLACE INTO city(region_id, name) values (234, 'Slivnitza');
REPLACE INTO city(region_id, name) values (234, 'Sofiya');
REPLACE INTO city(region_id, name) values (234, 'Sopitsa');
REPLACE INTO city(region_id, name) values (234, 'Sopiza');
REPLACE INTO city(region_id, name) values (234, 'Sopovo');
REPLACE INTO city(region_id, name) values (234, 'Srednogorie');
REPLACE INTO city(region_id, name) values (234, 'Srubsko Selo');
REPLACE INTO city(region_id, name) values (234, 'Stara Kresna');
REPLACE INTO city(region_id, name) values (234, 'Stargel');
REPLACE INTO city(region_id, name) values (234, 'Stari Dol');
REPLACE INTO city(region_id, name) values (234, 'Stolnik');
REPLACE INTO city(region_id, name) values (234, 'Strzimirovtzi');
REPLACE INTO city(region_id, name) values (234, 'Svoboda');
REPLACE INTO city(region_id, name) values (234, 'Svoge');
REPLACE INTO city(region_id, name) values (234, 'Trap');
REPLACE INTO city(region_id, name) values (234, 'Vranya');
REPLACE INTO city(region_id, name) values (234, 'Zilinci');
REPLACE INTO city(region_id, name) values (234, 'Zlatitsa');
REPLACE INTO city(region_id, name) values (234, 'Zlatusa');
REPLACE INTO city(region_id, name) values (234, 'Zlatusha');
REPLACE INTO city(region_id, name) values (234, 'Zvyarska Makhala');
REPLACE INTO city(region_id, name) values (271, 'Barro');
REPLACE INTO city(region_id, name) values (291, 'Barnsley');
REPLACE INTO city(region_id, name) values (291, 'Bradford');
REPLACE INTO city(region_id, name) values (291, 'Cottingham');
REPLACE INTO city(region_id, name) values (291, 'Dewsbury');
REPLACE INTO city(region_id, name) values (291, 'Doncaster');
REPLACE INTO city(region_id, name) values (291, 'Goole');
REPLACE INTO city(region_id, name) values (291, 'Halifax');
REPLACE INTO city(region_id, name) values (291, 'Harrogate');
REPLACE INTO city(region_id, name) values (291, 'Holmfirth');
REPLACE INTO city(region_id, name) values (291, 'Hornsea');
REPLACE INTO city(region_id, name) values (291, 'Huddersfield');
REPLACE INTO city(region_id, name) values (291, 'Hull');
REPLACE INTO city(region_id, name) values (291, 'Keighley');
REPLACE INTO city(region_id, name) values (291, 'Knottingley');
REPLACE INTO city(region_id, name) values (291, 'Lancaster');
REPLACE INTO city(region_id, name) values (291, 'Leeds');
REPLACE INTO city(region_id, name) values (291, 'Middlesbrough');
REPLACE INTO city(region_id, name) values (291, 'Normanton');
REPLACE INTO city(region_id, name) values (291, 'Ripon');
REPLACE INTO city(region_id, name) values (291, 'Rotherham');
REPLACE INTO city(region_id, name) values (291, 'Scarborough');
REPLACE INTO city(region_id, name) values (291, 'Selby');
REPLACE INTO city(region_id, name) values (291, 'Sheffield');
REPLACE INTO city(region_id, name) values (291, 'Shipley');
REPLACE INTO city(region_id, name) values (291, 'Wakefield');
REPLACE INTO city(region_id, name) values (291, 'York');
REPLACE INTO city(region_id, name) values (307, 'Fertoboz');
REPLACE INTO city(region_id, name) values (307, 'Fertod');
REPLACE INTO city(region_id, name) values (307, 'Gyr');
REPLACE INTO city(region_id, name) values (307, 'Kapuvr');
REPLACE INTO city(region_id, name) values (307, 'Mosonmagyarvr');
REPLACE INTO city(region_id, name) values (307, 'Sopron');
REPLACE INTO city(region_id, name) values (329, 'La Corcovada');
REPLACE INTO city(region_id, name) values (351, 'Плейку');
REPLACE INTO city(region_id, name) values (356, 'Порт-о-Пренс');
REPLACE INTO city(region_id, name) values (361, 'Аккра');
REPLACE INTO region(id, country_id, name) values (362, 48, 'Grande-Terre');
REPLACE INTO region(id, country_id, name) values (363, 48, 'Бас-Тер');
REPLACE INTO city(region_id, name) values (48, 'Азов');
REPLACE INTO city(region_id, name) values (48, 'Аксай (Ростовская обл.)');
REPLACE INTO city(region_id, name) values (48, 'Алмазный');
REPLACE INTO city(region_id, name) values (48, 'Аютинск');
REPLACE INTO city(region_id, name) values (48, 'Багаевский');
REPLACE INTO city(region_id, name) values (48, 'Батайск');
REPLACE INTO city(region_id, name) values (48, 'Белая Калитва');
REPLACE INTO city(region_id, name) values (48, 'Боковская');
REPLACE INTO city(region_id, name) values (48, 'Большая Мартыновка');
REPLACE INTO city(region_id, name) values (48, 'Вешенская');
REPLACE INTO city(region_id, name) values (48, 'Волгодонск');
REPLACE INTO city(region_id, name) values (48, 'Восход');
REPLACE INTO city(region_id, name) values (48, 'Гигант');
REPLACE INTO city(region_id, name) values (48, 'Горняцкий');
REPLACE INTO city(region_id, name) values (48, 'Гуково');
REPLACE INTO city(region_id, name) values (48, 'Донецк');
REPLACE INTO city(region_id, name) values (48, 'Донской (Ростовская обл.)');
REPLACE INTO city(region_id, name) values (48, 'Дубовское');
REPLACE INTO city(region_id, name) values (48, 'Егорлыкская');
REPLACE INTO city(region_id, name) values (48, 'Жирнов');
REPLACE INTO city(region_id, name) values (48, 'Заветное');
REPLACE INTO city(region_id, name) values (48, 'Заводской');
REPLACE INTO city(region_id, name) values (48, 'Зверево');
REPLACE INTO city(region_id, name) values (48, 'Зерноград');
REPLACE INTO city(region_id, name) values (48, 'Зимовники');
REPLACE INTO city(region_id, name) values (48, 'Кагальницкая');
REPLACE INTO city(region_id, name) values (48, 'Казанская');
REPLACE INTO city(region_id, name) values (48, 'Каменоломни');
REPLACE INTO city(region_id, name) values (48, 'Каменск-Шахтинский');
REPLACE INTO city(region_id, name) values (48, 'Кашары');
REPLACE INTO city(region_id, name) values (48, 'Коксовый');
REPLACE INTO city(region_id, name) values (48, 'Константиновск');
REPLACE INTO city(region_id, name) values (48, 'Красный Сулин');
REPLACE INTO city(region_id, name) values (48, 'Куйбышево');
REPLACE INTO city(region_id, name) values (48, 'Матвеев Курган');
REPLACE INTO city(region_id, name) values (48, 'Мигулинская');
REPLACE INTO city(region_id, name) values (48, 'Миллерово');
REPLACE INTO city(region_id, name) values (48, 'Милютинская');
REPLACE INTO city(region_id, name) values (48, 'Морозовск');
REPLACE INTO city(region_id, name) values (48, 'Новочеркасск');
REPLACE INTO city(region_id, name) values (48, 'Новошахтинск');
REPLACE INTO city(region_id, name) values (48, 'Обливская');
REPLACE INTO city(region_id, name) values (48, 'Орловский');
REPLACE INTO city(region_id, name) values (48, 'Песчанокопское');
REPLACE INTO city(region_id, name) values (48, 'Покровское');
REPLACE INTO city(region_id, name) values (48, 'Пролетарск');
REPLACE INTO city(region_id, name) values (48, 'Ремонтное');
REPLACE INTO city(region_id, name) values (48, 'Родионово-Несветайская');
REPLACE INTO city(region_id, name) values (48, 'Ростов-на-Дону');
REPLACE INTO city(region_id, name) values (48, 'Сальск');
REPLACE INTO city(region_id, name) values (48, 'Семикаракорск');
REPLACE INTO city(region_id, name) values (48, 'Таганрог');
REPLACE INTO city(region_id, name) values (48, 'Тарасовский');
REPLACE INTO city(region_id, name) values (48, 'Тацинский');
REPLACE INTO city(region_id, name) values (48, 'Усть-Донецкий');
REPLACE INTO city(region_id, name) values (48, 'Целина');
REPLACE INTO city(region_id, name) values (48, 'Цимлянск');
REPLACE INTO city(region_id, name) values (48, 'Чалтырь');
REPLACE INTO city(region_id, name) values (48, 'Чертково');
REPLACE INTO city(region_id, name) values (48, 'Шахты');
REPLACE INTO city(region_id, name) values (48, 'Шолоховский');
REPLACE INTO city(region_id, name) values (235, 'Chirpan');
REPLACE INTO city(region_id, name) values (235, 'Gulubovo');
REPLACE INTO city(region_id, name) values (235, 'Kasanlak');
REPLACE INTO city(region_id, name) values (235, 'Kazanlak');
REPLACE INTO city(region_id, name) values (235, 'Kazanlik');
REPLACE INTO city(region_id, name) values (235, 'Kazanluk');
REPLACE INTO city(region_id, name) values (235, 'Radnevo');
REPLACE INTO city(region_id, name) values (235, 'Radnewo');
REPLACE INTO city(region_id, name) values (235, 'Stara Sagora');
REPLACE INTO city(region_id, name) values (235, 'Stara Zagora');
REPLACE INTO city(region_id, name) values (272, 'guas Brancas');
REPLACE INTO city(region_id, name) values (272, 'Aguti');
REPLACE INTO city(region_id, name) values (272, 'Albertina');
REPLACE INTO city(region_id, name) values (272, 'Aleixo');
REPLACE INTO city(region_id, name) values (272, 'Alto Perimb');
REPLACE INTO city(region_id, name) values (272, 'Balnerio de Cambori');
REPLACE INTO city(region_id, name) values (272, 'Bonito');
REPLACE INTO city(region_id, name) values (272, 'Florianpolis');
REPLACE INTO city(region_id, name) values (272, 'Marema');
REPLACE INTO city(region_id, name) values (292, 'Isle of Man');
REPLACE INTO city(region_id, name) values (308, 'Eger');
REPLACE INTO city(region_id, name) values (330, 'Tucupita');
REPLACE INTO city(region_id, name) values (357, 'Лес-Кайес');
REPLACE INTO city(region_id, name) values (362, 'Пойнт-а-Питр');
REPLACE INTO region(id, country_id, name) values (364, 49, 'Alta Verapaz');
REPLACE INTO region(id, country_id, name) values (365, 49, 'Baja Verapaz');
REPLACE INTO region(id, country_id, name) values (366, 49, 'Chimaltenango');
REPLACE INTO region(id, country_id, name) values (367, 49, 'Chiquimula');
REPLACE INTO region(id, country_id, name) values (368, 49, 'Escuintla');
REPLACE INTO region(id, country_id, name) values (369, 49, 'Guatemala');
REPLACE INTO region(id, country_id, name) values (370, 49, 'Jutiapa');
REPLACE INTO region(id, country_id, name) values (371, 49, 'Petn');
REPLACE INTO region(id, country_id, name) values (372, 49, 'Quetzaltenango');
REPLACE INTO region(id, country_id, name) values (373, 49, 'Totonicapn');
REPLACE INTO region(id, country_id, name) values (374, 49, 'Zacapa');
REPLACE INTO city(region_id, name) values (49, 'Александро-Невский');
REPLACE INTO city(region_id, name) values (49, 'Горняк');
REPLACE INTO city(region_id, name) values (49, 'Гусь Железный');
REPLACE INTO city(region_id, name) values (49, 'Елатьма');
REPLACE INTO city(region_id, name) values (49, 'Ермишь');
REPLACE INTO city(region_id, name) values (49, 'Заречный (Рязанская обл.)');
REPLACE INTO city(region_id, name) values (49, 'Захарово');
REPLACE INTO city(region_id, name) values (49, 'Кадом');
REPLACE INTO city(region_id, name) values (49, 'Касимов');
REPLACE INTO city(region_id, name) values (49, 'Кораблино');
REPLACE INTO city(region_id, name) values (49, 'Милославское');
REPLACE INTO city(region_id, name) values (49, 'Михайлов');
REPLACE INTO city(region_id, name) values (49, 'Новомичуринск');
REPLACE INTO city(region_id, name) values (49, 'Пителино');
REPLACE INTO city(region_id, name) values (49, 'Пронск');
REPLACE INTO city(region_id, name) values (49, 'Путятино');
REPLACE INTO city(region_id, name) values (49, 'Рыбное');
REPLACE INTO city(region_id, name) values (49, 'Ряжск');
REPLACE INTO city(region_id, name) values (49, 'Рязань');
REPLACE INTO city(region_id, name) values (49, 'Сапожок');
REPLACE INTO city(region_id, name) values (49, 'Сараи');
REPLACE INTO city(region_id, name) values (49, 'Сасово');
REPLACE INTO city(region_id, name) values (49, 'Скопин');
REPLACE INTO city(region_id, name) values (49, 'Спас-Клепики');
REPLACE INTO city(region_id, name) values (49, 'Спасск-Рязанский');
REPLACE INTO city(region_id, name) values (49, 'Старожилово');
REPLACE INTO city(region_id, name) values (49, 'Ухолово');
REPLACE INTO city(region_id, name) values (49, 'Чучково');
REPLACE INTO city(region_id, name) values (49, 'Шацк');
REPLACE INTO city(region_id, name) values (49, 'Шилово');
REPLACE INTO city(region_id, name) values (236, 'Omurtag');
REPLACE INTO city(region_id, name) values (236, 'Popovo');
REPLACE INTO city(region_id, name) values (236, 'Targovishte');
REPLACE INTO city(region_id, name) values (236, 'Targowischte');
REPLACE INTO city(region_id, name) values (236, 'Turgovishte');
REPLACE INTO city(region_id, name) values (236, 'Turgoviste');
REPLACE INTO city(region_id, name) values (273, 'Aa');
REPLACE INTO city(region_id, name) values (273, 'guas da Prata');
REPLACE INTO city(region_id, name) values (273, 'Arab');
REPLACE INTO city(region_id, name) values (273, 'Arabela');
REPLACE INTO city(region_id, name) values (273, 'Atibaia');
REPLACE INTO city(region_id, name) values (273, 'Benfica');
REPLACE INTO city(region_id, name) values (273, 'Campinas');
REPLACE INTO city(region_id, name) values (273, 'Campos do Jordo');
REPLACE INTO city(region_id, name) values (273, 'Caraguatatuba');
REPLACE INTO city(region_id, name) values (273, 'San Paulo');
REPLACE INTO city(region_id, name) values (273, 'Santos');
REPLACE INTO city(region_id, name) values (273, 'So Jos dos Campos');
REPLACE INTO city(region_id, name) values (273, 'So Paulo');
REPLACE INTO city(region_id, name) values (273, 'Taubat');
REPLACE INTO city(region_id, name) values (273, 'Yep');
REPLACE INTO city(region_id, name) values (293, 'Portadown');
REPLACE INTO city(region_id, name) values (293, 'Antrim');
REPLACE INTO city(region_id, name) values (293, 'Armagh');
REPLACE INTO city(region_id, name) values (293, 'Aughnacloy');
REPLACE INTO city(region_id, name) values (293, 'Ballymena');
REPLACE INTO city(region_id, name) values (293, 'Bangor');
REPLACE INTO city(region_id, name) values (293, 'Belfast');
REPLACE INTO city(region_id, name) values (293, 'Cookstown');
REPLACE INTO city(region_id, name) values (293, 'Craigavon');
REPLACE INTO city(region_id, name) values (293, 'Downpatrick');
REPLACE INTO city(region_id, name) values (293, 'Dromore');
REPLACE INTO city(region_id, name) values (293, 'Dungannon');
REPLACE INTO city(region_id, name) values (293, 'Enniskillen');
REPLACE INTO city(region_id, name) values (293, 'Hillsborough');
REPLACE INTO city(region_id, name) values (293, 'Holywood');
REPLACE INTO city(region_id, name) values (293, 'Limavady');
REPLACE INTO city(region_id, name) values (293, 'Lisburn');
REPLACE INTO city(region_id, name) values (293, 'Londonderry');
REPLACE INTO city(region_id, name) values (293, 'Magherafelt');
REPLACE INTO city(region_id, name) values (293, 'Newcastle');
REPLACE INTO city(region_id, name) values (293, 'Newry');
REPLACE INTO city(region_id, name) values (293, 'Newtownabbey');
REPLACE INTO city(region_id, name) values (293, 'Newtownards');
REPLACE INTO city(region_id, name) values (293, 'Omagh');
REPLACE INTO city(region_id, name) values (309, 'Kenderes');
REPLACE INTO city(region_id, name) values (309, 'Kunhegyes');
REPLACE INTO city(region_id, name) values (309, 'Szolnok');
REPLACE INTO city(region_id, name) values (331, 'Caracas');
REPLACE INTO city(region_id, name) values (331, 'Caricuao');
REPLACE INTO city(region_id, name) values (331, 'Coche');
REPLACE INTO city(region_id, name) values (331, 'Colinas de Santa Monica');
REPLACE INTO city(region_id, name) values (331, 'San Antonio');
REPLACE INTO city(region_id, name) values (358, 'Джакмель');
REPLACE INTO city(region_id, name) values (363, 'Бассе-Терре');
REPLACE INTO city(region_id, name) values (364, 'Cobn');
REPLACE INTO region(id, country_id, name) values (375, 50, 'Гвинея');
REPLACE INTO city(region_id, name) values (50, 'Алексеевка (Самарская обл.)');
REPLACE INTO city(region_id, name) values (50, 'Безенчук');
REPLACE INTO city(region_id, name) values (50, 'Богатое');
REPLACE INTO city(region_id, name) values (50, 'Богатырь');
REPLACE INTO city(region_id, name) values (50, 'Большая Глушица');
REPLACE INTO city(region_id, name) values (50, 'Большая Глущица (Самарск.)');
REPLACE INTO city(region_id, name) values (50, 'Большая Черниговка');
REPLACE INTO city(region_id, name) values (50, 'Борское');
REPLACE INTO city(region_id, name) values (50, 'Волжский (Самарская обл.)');
REPLACE INTO city(region_id, name) values (50, 'Жигулевск');
REPLACE INTO city(region_id, name) values (50, 'Зольное');
REPLACE INTO city(region_id, name) values (50, 'Исаклы');
REPLACE INTO city(region_id, name) values (50, 'Камышла');
REPLACE INTO city(region_id, name) values (50, 'Кинель');
REPLACE INTO city(region_id, name) values (50, 'Кинель-Черкасы');
REPLACE INTO city(region_id, name) values (50, 'Клявлино');
REPLACE INTO city(region_id, name) values (50, 'Кошки');
REPLACE INTO city(region_id, name) values (50, 'Красноармейское (Самарск.)');
REPLACE INTO city(region_id, name) values (50, 'Красный Яр (Самарская обл.)');
REPLACE INTO city(region_id, name) values (50, 'Куйбышев');
REPLACE INTO city(region_id, name) values (50, 'Нефтегорск');
REPLACE INTO city(region_id, name) values (50, 'Новокуйбышевск');
REPLACE INTO city(region_id, name) values (50, 'Октябрьск');
REPLACE INTO city(region_id, name) values (50, 'Отрадный');
REPLACE INTO city(region_id, name) values (50, 'Пестравка');
REPLACE INTO city(region_id, name) values (50, 'Похвистнево');
REPLACE INTO city(region_id, name) values (50, 'Приволжье');
REPLACE INTO city(region_id, name) values (50, 'Самара');
REPLACE INTO city(region_id, name) values (50, 'Сергиевск');
REPLACE INTO city(region_id, name) values (50, 'Сургут (Самарская обл.)');
REPLACE INTO city(region_id, name) values (50, 'Сызрань');
REPLACE INTO city(region_id, name) values (50, 'Тольятти');
REPLACE INTO city(region_id, name) values (50, 'Хворостянка');
REPLACE INTO city(region_id, name) values (50, 'Чапаевск');
REPLACE INTO city(region_id, name) values (50, 'Челно-Вершины');
REPLACE INTO city(region_id, name) values (50, 'Шентала');
REPLACE INTO city(region_id, name) values (50, 'Шигоны');
REPLACE INTO city(region_id, name) values (237, 'Abdi K''''oy');
REPLACE INTO city(region_id, name) values (237, 'Acangiz');
REPLACE INTO city(region_id, name) values (237, 'Aidantschucha');
REPLACE INTO city(region_id, name) values (237, 'Ak Baba');
REPLACE INTO city(region_id, name) values (237, 'Aksakovo');
REPLACE INTO city(region_id, name) values (237, 'Asparukhovo');
REPLACE INTO city(region_id, name) values (237, 'Balik');
REPLACE INTO city(region_id, name) values (237, 'Bartsi');
REPLACE INTO city(region_id, name) values (237, 'Bogdali');
REPLACE INTO city(region_id, name) values (237, 'Boyana');
REPLACE INTO city(region_id, name) values (237, 'Cherkovna');
REPLACE INTO city(region_id, name) values (237, 'Dobrotich');
REPLACE INTO city(region_id, name) values (237, 'Konstantinovo');
REPLACE INTO city(region_id, name) values (237, 'Kranevo');
REPLACE INTO city(region_id, name) values (237, 'Povelyanovo');
REPLACE INTO city(region_id, name) values (237, 'Provadia');
REPLACE INTO city(region_id, name) values (237, 'Provadija');
REPLACE INTO city(region_id, name) values (237, 'Provadiya');
REPLACE INTO city(region_id, name) values (237, 'Varna');
REPLACE INTO city(region_id, name) values (237, 'Vladislavovo');
REPLACE INTO city(region_id, name) values (237, 'Warna');
REPLACE INTO city(region_id, name) values (237, 'Yasu-Tepe');
REPLACE INTO city(region_id, name) values (237, 'Zvezditsa');
REPLACE INTO city(region_id, name) values (237, 'Zvunets');
REPLACE INTO city(region_id, name) values (274, 'Aracaju');
REPLACE INTO city(region_id, name) values (274, 'Baixada do Burgo');
REPLACE INTO city(region_id, name) values (294, 'Alexandria');
REPLACE INTO city(region_id, name) values (294, 'Alva');
REPLACE INTO city(region_id, name) values (294, 'Arbroath');
REPLACE INTO city(region_id, name) values (294, 'Arrochar');
REPLACE INTO city(region_id, name) values (294, 'Ayr');
REPLACE INTO city(region_id, name) values (294, 'Brechin');
REPLACE INTO city(region_id, name) values (294, 'Clydebank');
REPLACE INTO city(region_id, name) values (294, 'Cupar');
REPLACE INTO city(region_id, name) values (294, 'Dollar');
REPLACE INTO city(region_id, name) values (294, 'Dumbarton');
REPLACE INTO city(region_id, name) values (294, 'Dundee');
REPLACE INTO city(region_id, name) values (294, 'Dunfermline');
REPLACE INTO city(region_id, name) values (294, 'Falkirk');
REPLACE INTO city(region_id, name) values (294, 'Forfar');
REPLACE INTO city(region_id, name) values (294, 'Glenrothes');
REPLACE INTO city(region_id, name) values (294, 'Kirkcaldy');
REPLACE INTO city(region_id, name) values (294, 'Leven');
REPLACE INTO city(region_id, name) values (294, 'Montrose');
REPLACE INTO city(region_id, name) values (294, 'Perth');
REPLACE INTO city(region_id, name) values (294, 'Stirling');
REPLACE INTO city(region_id, name) values (310, 'szr');
REPLACE INTO city(region_id, name) values (310, 'Esztergom');
REPLACE INTO city(region_id, name) values (332, 'Chichiriviche');
REPLACE INTO city(region_id, name) values (332, 'Punto Fijo');
REPLACE INTO city(region_id, name) values (332, 'Valle de Mara');
REPLACE INTO city(region_id, name) values (365, 'Chisantiago');
REPLACE INTO city(region_id, name) values (375, 'Канкан');
REPLACE INTO city(region_id, name) values (375, 'Конакри');
REPLACE INTO region(id, country_id, name) values (376, 51, 'Бисау');
REPLACE INTO city(region_id, name) values (51, 'Александров Гай');
REPLACE INTO city(region_id, name) values (51, 'Аркадак');
REPLACE INTO city(region_id, name) values (51, 'Аткарск');
REPLACE INTO city(region_id, name) values (51, 'Базарный Карабулак');
REPLACE INTO city(region_id, name) values (51, 'Балаково');
REPLACE INTO city(region_id, name) values (51, 'Балашов');
REPLACE INTO city(region_id, name) values (51, 'Балтай');
REPLACE INTO city(region_id, name) values (51, 'Возрождение');
REPLACE INTO city(region_id, name) values (51, 'Вольск');
REPLACE INTO city(region_id, name) values (51, 'Воскресенское (Саратовск.)');
REPLACE INTO city(region_id, name) values (51, 'Горный');
REPLACE INTO city(region_id, name) values (51, 'Дергачи');
REPLACE INTO city(region_id, name) values (51, 'Духовницкое');
REPLACE INTO city(region_id, name) values (51, 'Екатериновка');
REPLACE INTO city(region_id, name) values (51, 'Ершов');
REPLACE INTO city(region_id, name) values (51, 'Ивантеевка (Саратовская обл.)');
REPLACE INTO city(region_id, name) values (51, 'Калининск');
REPLACE INTO city(region_id, name) values (51, 'Каменский');
REPLACE INTO city(region_id, name) values (51, 'Красноармейск (Саратовск.)');
REPLACE INTO city(region_id, name) values (51, 'Красный Кут');
REPLACE INTO city(region_id, name) values (51, 'Лысые Горы');
REPLACE INTO city(region_id, name) values (51, 'Маркс');
REPLACE INTO city(region_id, name) values (51, 'Мокроус');
REPLACE INTO city(region_id, name) values (51, 'Новоузенск');
REPLACE INTO city(region_id, name) values (51, 'Новые Бурасы');
REPLACE INTO city(region_id, name) values (51, 'Озинки');
REPLACE INTO city(region_id, name) values (51, 'Перелюб');
REPLACE INTO city(region_id, name) values (51, 'Петровск');
REPLACE INTO city(region_id, name) values (51, 'Питерка');
REPLACE INTO city(region_id, name) values (51, 'Пугачев');
REPLACE INTO city(region_id, name) values (51, 'Ровное');
REPLACE INTO city(region_id, name) values (51, 'Романовка');
REPLACE INTO city(region_id, name) values (51, 'Ртищево');
REPLACE INTO city(region_id, name) values (51, 'Самойловка');
REPLACE INTO city(region_id, name) values (51, 'Саратов');
REPLACE INTO city(region_id, name) values (51, 'Степное (Саратовская обл.)');
REPLACE INTO city(region_id, name) values (51, 'Татищево');
REPLACE INTO city(region_id, name) values (51, 'Турки');
REPLACE INTO city(region_id, name) values (51, 'Хвалынск');
REPLACE INTO city(region_id, name) values (51, 'Энгельс');
REPLACE INTO city(region_id, name) values (238, 'Elena');
REPLACE INTO city(region_id, name) values (238, 'Gorna Orehovica');
REPLACE INTO city(region_id, name) values (238, 'Gorna Oriahovica');
REPLACE INTO city(region_id, name) values (238, 'Ljaskovec');
REPLACE INTO city(region_id, name) values (238, 'Pavlikeni');
REPLACE INTO city(region_id, name) values (238, 'Polsk Trumbesh');
REPLACE INTO city(region_id, name) values (238, 'Polski Trambech');
REPLACE INTO city(region_id, name) values (238, 'Polski Trambesh');
REPLACE INTO city(region_id, name) values (238, 'Svishtov');
REPLACE INTO city(region_id, name) values (238, 'Svistov');
REPLACE INTO city(region_id, name) values (238, 'Tarnovo');
REPLACE INTO city(region_id, name) values (238, 'Tarnowo');
REPLACE INTO city(region_id, name) values (238, 'Turnovo');
REPLACE INTO city(region_id, name) values (238, 'Veliko Turnovo');
REPLACE INTO city(region_id, name) values (295, 'Aberdeen');
REPLACE INTO city(region_id, name) values (295, 'Aberlour');
REPLACE INTO city(region_id, name) values (295, 'Avoch');
REPLACE INTO city(region_id, name) values (295, 'Banchory');
REPLACE INTO city(region_id, name) values (295, 'Banff');
REPLACE INTO city(region_id, name) values (295, 'Buckie');
REPLACE INTO city(region_id, name) values (295, 'Dingwall');
REPLACE INTO city(region_id, name) values (295, 'Fort William');
REPLACE INTO city(region_id, name) values (295, 'Fraserburgh');
REPLACE INTO city(region_id, name) values (295, 'Inverness');
REPLACE INTO city(region_id, name) values (295, 'Isle Of Lewis');
REPLACE INTO city(region_id, name) values (295, 'Peterhead');
REPLACE INTO city(region_id, name) values (295, 'Stonehaven');
REPLACE INTO city(region_id, name) values (295, 'Stromness');
REPLACE INTO city(region_id, name) values (295, 'Thurso');
REPLACE INTO city(region_id, name) values (295, 'Ullapool');
REPLACE INTO city(region_id, name) values (311, 'Miskolc');
REPLACE INTO city(region_id, name) values (333, 'Calabozo');
REPLACE INTO city(region_id, name) values (333, 'San Juan de los Moros');
REPLACE INTO city(region_id, name) values (333, 'Valle de La Pascua');
REPLACE INTO city(region_id, name) values (366, 'Chimaltenango');
REPLACE INTO city(region_id, name) values (376, 'Бисау');
REPLACE INTO region(id, country_id, name) values (377, 52, 'Baden-Wrttemberg');
REPLACE INTO region(id, country_id, name) values (378, 52, 'Bayern');
REPLACE INTO region(id, country_id, name) values (379, 52, 'Berlin');
REPLACE INTO region(id, country_id, name) values (380, 52, 'Brandenburg');
REPLACE INTO region(id, country_id, name) values (381, 52, 'Bremen');
REPLACE INTO region(id, country_id, name) values (382, 52, 'Hamburg');
REPLACE INTO region(id, country_id, name) values (383, 52, 'Hessen');
REPLACE INTO region(id, country_id, name) values (384, 52, 'Mecklenburg-Vorpommern');
REPLACE INTO region(id, country_id, name) values (385, 52, 'Niedersachsen');
REPLACE INTO region(id, country_id, name) values (386, 52, 'Nordrhein-Westfalen');
REPLACE INTO region(id, country_id, name) values (387, 52, 'Rheinland-Pfalz');
REPLACE INTO region(id, country_id, name) values (388, 52, 'Saarland');
REPLACE INTO region(id, country_id, name) values (389, 52, 'Sachsen');
REPLACE INTO region(id, country_id, name) values (390, 52, 'Sachsen-Anhalt');
REPLACE INTO region(id, country_id, name) values (391, 52, 'Schleswig-Holstein');
REPLACE INTO region(id, country_id, name) values (392, 52, 'Thringen');
REPLACE INTO city(region_id, name) values (52, 'Абый');
REPLACE INTO city(region_id, name) values (52, 'Айхал');
REPLACE INTO city(region_id, name) values (52, 'Алдан');
REPLACE INTO city(region_id, name) values (52, 'Амга');
REPLACE INTO city(region_id, name) values (52, 'Батагай');
REPLACE INTO city(region_id, name) values (52, 'Бердигестях');
REPLACE INTO city(region_id, name) values (52, 'Беркакит');
REPLACE INTO city(region_id, name) values (52, 'Бестях');
REPLACE INTO city(region_id, name) values (52, 'Борогонцы');
REPLACE INTO city(region_id, name) values (52, 'Верхневилюйск');
REPLACE INTO city(region_id, name) values (52, 'Верхоянск');
REPLACE INTO city(region_id, name) values (52, 'Вилюйск');
REPLACE INTO city(region_id, name) values (52, 'Витим');
REPLACE INTO city(region_id, name) values (52, 'Власово');
REPLACE INTO city(region_id, name) values (52, 'Депутатский');
REPLACE INTO city(region_id, name) values (52, 'Жиганск');
REPLACE INTO city(region_id, name) values (52, 'Зырянка');
REPLACE INTO city(region_id, name) values (52, 'Кангалассы');
REPLACE INTO city(region_id, name) values (52, 'Ленск');
REPLACE INTO city(region_id, name) values (52, 'Майя');
REPLACE INTO city(region_id, name) values (52, 'Мирный (Саха)');
REPLACE INTO city(region_id, name) values (52, 'Нерюнгри');
REPLACE INTO city(region_id, name) values (52, 'Нижний Куранах');
REPLACE INTO city(region_id, name) values (52, 'Нюрба');
REPLACE INTO city(region_id, name) values (52, 'Олекминск');
REPLACE INTO city(region_id, name) values (52, 'Покровск');
REPLACE INTO city(region_id, name) values (52, 'Сангар');
REPLACE INTO city(region_id, name) values (52, 'Саскылах');
REPLACE INTO city(region_id, name) values (52, 'Солнечный');
REPLACE INTO city(region_id, name) values (52, 'Среднеколымск');
REPLACE INTO city(region_id, name) values (52, 'Сунтар');
REPLACE INTO city(region_id, name) values (52, 'Тикси');
REPLACE INTO city(region_id, name) values (52, 'Удачный');
REPLACE INTO city(region_id, name) values (52, 'Усть-Мая');
REPLACE INTO city(region_id, name) values (52, 'Усть-Нера');
REPLACE INTO city(region_id, name) values (52, 'Хандыга');
REPLACE INTO city(region_id, name) values (52, 'Хонуу');
REPLACE INTO city(region_id, name) values (52, 'Чернышевский');
REPLACE INTO city(region_id, name) values (52, 'Черский');
REPLACE INTO city(region_id, name) values (52, 'Чокурдах');
REPLACE INTO city(region_id, name) values (52, 'Чульман');
REPLACE INTO city(region_id, name) values (52, 'Чурапча');
REPLACE INTO city(region_id, name) values (52, 'Якутск');
REPLACE INTO city(region_id, name) values (239, 'Belogradchik');
REPLACE INTO city(region_id, name) values (239, 'Bojniza');
REPLACE INTO city(region_id, name) values (239, 'Borovica');
REPLACE INTO city(region_id, name) values (239, 'Vidin');
REPLACE INTO city(region_id, name) values (296, 'Dumfries');
REPLACE INTO city(region_id, name) values (296, 'Ardrossan');
REPLACE INTO city(region_id, name) values (296, 'Ayr');
REPLACE INTO city(region_id, name) values (296, 'Bathgate');
REPLACE INTO city(region_id, name) values (296, 'Beith');
REPLACE INTO city(region_id, name) values (296, 'Berwick-Upon-Tweed');
REPLACE INTO city(region_id, name) values (296, 'Bo''''Ness');
REPLACE INTO city(region_id, name) values (296, 'Coatbridge');
REPLACE INTO city(region_id, name) values (296, 'Edinburgh');
REPLACE INTO city(region_id, name) values (296, 'Glasgow');
REPLACE INTO city(region_id, name) values (296, 'Hamilton');
REPLACE INTO city(region_id, name) values (296, 'Irvine');
REPLACE INTO city(region_id, name) values (296, 'Motherwell');
REPLACE INTO city(region_id, name) values (296, 'Musselburgh');
REPLACE INTO city(region_id, name) values (296, 'Wishaw');
REPLACE INTO city(region_id, name) values (312, 'Alsutaspuszta');
REPLACE INTO city(region_id, name) values (312, 'Salgtarjn');
REPLACE INTO city(region_id, name) values (334, 'Alemn');
REPLACE INTO city(region_id, name) values (334, 'Barquisimeto');
REPLACE INTO city(region_id, name) values (334, 'Cabudare');
REPLACE INTO city(region_id, name) values (367, 'Anguiat');
REPLACE INTO city(region_id, name) values (377, 'Aach');
REPLACE INTO city(region_id, name) values (377, 'Aalen');
REPLACE INTO city(region_id, name) values (377, 'Abstatt');
REPLACE INTO city(region_id, name) values (377, 'Achberg');
REPLACE INTO city(region_id, name) values (377, 'Achern');
REPLACE INTO city(region_id, name) values (377, 'Achstetten');
REPLACE INTO city(region_id, name) values (377, 'Adelberg');
REPLACE INTO city(region_id, name) values (377, 'Adelmannsfelden');
REPLACE INTO city(region_id, name) values (377, 'Adelsheim');
REPLACE INTO city(region_id, name) values (377, 'Aglasterhausen');
REPLACE INTO city(region_id, name) values (377, 'Ahorn');
REPLACE INTO city(region_id, name) values (377, 'Aichelberg');
REPLACE INTO city(region_id, name) values (377, 'Aichstetten');
REPLACE INTO city(region_id, name) values (377, 'Aichwald');
REPLACE INTO city(region_id, name) values (377, 'Aitern');
REPLACE INTO city(region_id, name) values (377, 'Aitrach');
REPLACE INTO city(region_id, name) values (377, 'Albbruck');
REPLACE INTO city(region_id, name) values (377, 'Albstadt');
REPLACE INTO city(region_id, name) values (377, 'Aldingen');
REPLACE INTO city(region_id, name) values (377, 'Alfdorf');
REPLACE INTO city(region_id, name) values (377, 'Allensbach');
REPLACE INTO city(region_id, name) values (377, 'Alleshausen');
REPLACE INTO city(region_id, name) values (377, 'Allmannsweiler');
REPLACE INTO city(region_id, name) values (377, 'Alpirsbach');
REPLACE INTO city(region_id, name) values (377, 'Altbach');
REPLACE INTO city(region_id, name) values (377, 'Altensteig');
REPLACE INTO city(region_id, name) values (377, 'Altluheim');
REPLACE INTO city(region_id, name) values (377, 'Altshausen');
REPLACE INTO city(region_id, name) values (377, 'Amstetten');
REPLACE INTO city(region_id, name) values (377, 'Appenweier');
REPLACE INTO city(region_id, name) values (377, 'Asperg');
REPLACE INTO city(region_id, name) values (377, 'Assamstadt');
REPLACE INTO city(region_id, name) values (377, 'Au');
REPLACE INTO city(region_id, name) values (377, 'Au am Rhein');
REPLACE INTO city(region_id, name) values (377, 'Aulendorf');
REPLACE INTO city(region_id, name) values (377, 'Backnang');
REPLACE INTO city(region_id, name) values (377, 'Bad Bellingen');
REPLACE INTO city(region_id, name) values (377, 'Bad Buchau');
REPLACE INTO city(region_id, name) values (377, 'Bad Drrheim');
REPLACE INTO city(region_id, name) values (377, 'Bad Friedrichshall');
REPLACE INTO city(region_id, name) values (377, 'Bad Herrenalb');
REPLACE INTO city(region_id, name) values (377, 'Bad Krozingen');
REPLACE INTO city(region_id, name) values (377, 'Bad Mergentheim');
REPLACE INTO city(region_id, name) values (377, 'Bad Peterstal-Griesbach');
REPLACE INTO city(region_id, name) values (377, 'Bad Rappenau');
REPLACE INTO city(region_id, name) values (377, 'Bad Rippoldsau-Schapbach');
REPLACE INTO city(region_id, name) values (377, 'Bad Sckingen');
REPLACE INTO city(region_id, name) values (377, 'Bad Saulgau');
REPLACE INTO city(region_id, name) values (377, 'Bad Schnborn');
REPLACE INTO city(region_id, name) values (377, 'Bad Schussenried');
REPLACE INTO city(region_id, name) values (377, 'Bad Urach');
REPLACE INTO city(region_id, name) values (377, 'Bad Waldsee');
REPLACE INTO city(region_id, name) values (377, 'Bad Wildbad im Schwarzwald');
REPLACE INTO city(region_id, name) values (377, 'Bad Wimpfen');
REPLACE INTO city(region_id, name) values (377, 'Bad Wurzach');
REPLACE INTO city(region_id, name) values (377, 'Baden-Baden');
REPLACE INTO city(region_id, name) values (377, 'Bahlingen am Kaiserstuhl');
REPLACE INTO city(region_id, name) values (377, 'Baienfurt');
REPLACE INTO city(region_id, name) values (377, 'Baiersbronn');
REPLACE INTO city(region_id, name) values (377, 'Baindt');
REPLACE INTO city(region_id, name) values (377, 'Balingen');
REPLACE INTO city(region_id, name) values (377, 'Bammental');
REPLACE INTO city(region_id, name) values (377, 'Bartholom');
REPLACE INTO city(region_id, name) values (377, 'Berg');
REPLACE INTO city(region_id, name) values (377, 'Bergatreute');
REPLACE INTO city(region_id, name) values (377, 'Besigheim');
REPLACE INTO city(region_id, name) values (377, 'Biberach');
REPLACE INTO city(region_id, name) values (377, 'Biberach an der Ri');
REPLACE INTO city(region_id, name) values (377, 'Biederbach');
REPLACE INTO city(region_id, name) values (377, 'Bietigheim');
REPLACE INTO city(region_id, name) values (377, 'Bietigheim-Bissingen');
REPLACE INTO city(region_id, name) values (377, 'Binzen');
REPLACE INTO city(region_id, name) values (377, 'Bisingen');
REPLACE INTO city(region_id, name) values (377, 'Bitz');
REPLACE INTO city(region_id, name) values (377, 'Blaubeuren');
REPLACE INTO city(region_id, name) values (377, 'Blaufelden');
REPLACE INTO city(region_id, name) values (377, 'Blaustein');
REPLACE INTO city(region_id, name) values (377, 'Blumberg');
REPLACE INTO city(region_id, name) values (377, 'Bblingen');
REPLACE INTO city(region_id, name) values (377, 'Bodelshausen');
REPLACE INTO city(region_id, name) values (377, 'Bodman-Ludwigshafen');
REPLACE INTO city(region_id, name) values (377, 'Bondorf');
REPLACE INTO city(region_id, name) values (377, 'Bonndorf im Schwarzwald');
REPLACE INTO city(region_id, name) values (377, 'Bopfingen');
REPLACE INTO city(region_id, name) values (377, 'Bttingen');
REPLACE INTO city(region_id, name) values (377, 'Boxberg');
REPLACE INTO city(region_id, name) values (377, 'Breisach am Rhein');
REPLACE INTO city(region_id, name) values (377, 'Bretten');
REPLACE INTO city(region_id, name) values (377, 'Bruchsal');
REPLACE INTO city(region_id, name) values (377, 'Brhl');
REPLACE INTO city(region_id, name) values (377, 'Buchen (Odenwald)');
REPLACE INTO city(region_id, name) values (377, 'Buggingen');
REPLACE INTO city(region_id, name) values (377, 'Bhl');
REPLACE INTO city(region_id, name) values (377, 'Bhlertal');
REPLACE INTO city(region_id, name) values (377, 'Burladingen');
REPLACE INTO city(region_id, name) values (377, 'Calw');
REPLACE INTO city(region_id, name) values (377, 'Crailsheim');
REPLACE INTO city(region_id, name) values (377, 'Deggingen');
REPLACE INTO city(region_id, name) values (377, 'Deizisau');
REPLACE INTO city(region_id, name) values (377, 'Denkingen');
REPLACE INTO city(region_id, name) values (377, 'Denzlingen');
REPLACE INTO city(region_id, name) values (377, 'Dettenheim');
REPLACE INTO city(region_id, name) values (377, 'Dettingen an der Iller');
REPLACE INTO city(region_id, name) values (377, 'Dettingen unter Teck');
REPLACE INTO city(region_id, name) values (377, 'Dietenheim');
REPLACE INTO city(region_id, name) values (377, 'Dietingen');
REPLACE INTO city(region_id, name) values (377, 'Dobel');
REPLACE INTO city(region_id, name) values (377, 'Donaueschingen');
REPLACE INTO city(region_id, name) values (377, 'Dornhan');
REPLACE INTO city(region_id, name) values (377, 'Dornstetten');
REPLACE INTO city(region_id, name) values (377, 'Drzbach');
REPLACE INTO city(region_id, name) values (377, 'Dunningen');
REPLACE INTO city(region_id, name) values (377, 'Drbheim');
REPLACE INTO city(region_id, name) values (377, 'Drmentingen');
REPLACE INTO city(region_id, name) values (377, 'Dulingen');
REPLACE INTO city(region_id, name) values (377, 'Eberbach');
REPLACE INTO city(region_id, name) values (377, 'Ebhausen');
REPLACE INTO city(region_id, name) values (377, 'Edingen-Neckarhausen');
REPLACE INTO city(region_id, name) values (377, 'Efringen-Kirchen');
REPLACE INTO city(region_id, name) values (377, 'Eggenstein-Leopoldshafen');
REPLACE INTO city(region_id, name) values (377, 'Ehingen an der Donau');
REPLACE INTO city(region_id, name) values (377, 'Ehningen');
REPLACE INTO city(region_id, name) values (377, 'Eisingen');
REPLACE INTO city(region_id, name) values (377, 'Eislingen/Fils');
REPLACE INTO city(region_id, name) values (377, 'Ellwangen (Jagst)');
REPLACE INTO city(region_id, name) values (377, 'Emmendingen');
REPLACE INTO city(region_id, name) values (377, 'Empfingen');
REPLACE INTO city(region_id, name) values (377, 'Endingen am Kaiserstuhl');
REPLACE INTO city(region_id, name) values (377, 'Engen');
REPLACE INTO city(region_id, name) values (377, 'Eppingen');
REPLACE INTO city(region_id, name) values (377, 'Erbach');
REPLACE INTO city(region_id, name) values (377, 'Eriskirch');
REPLACE INTO city(region_id, name) values (377, 'Erlenmoos');
REPLACE INTO city(region_id, name) values (377, 'Ertingen');
REPLACE INTO city(region_id, name) values (377, 'Eschelbronn');
REPLACE INTO city(region_id, name) values (377, 'Essingen');
REPLACE INTO city(region_id, name) values (377, 'Esslingen am Neckar');
REPLACE INTO city(region_id, name) values (377, 'Ettenheim');
REPLACE INTO city(region_id, name) values (377, 'Ettlingen');
REPLACE INTO city(region_id, name) values (377, 'Fellbach');
REPLACE INTO city(region_id, name) values (377, 'Filderstadt');
REPLACE INTO city(region_id, name) values (377, 'Fischingen');
REPLACE INTO city(region_id, name) values (377, 'Forst');
REPLACE INTO city(region_id, name) values (377, 'Frankenhardt');
REPLACE INTO city(region_id, name) values (377, 'Freiberg am Neckar');
REPLACE INTO city(region_id, name) values (377, 'Freiburg im Breisgau');
REPLACE INTO city(region_id, name) values (377, 'Freudenberg');
REPLACE INTO city(region_id, name) values (377, 'Freudenstadt');
REPLACE INTO city(region_id, name) values (377, 'Frickingen');
REPLACE INTO city(region_id, name) values (377, 'Friedrichshafen');
REPLACE INTO city(region_id, name) values (377, 'Friesenheim');
REPLACE INTO city(region_id, name) values (377, 'Frittlingen');
REPLACE INTO city(region_id, name) values (377, 'Furtwangen im Schwarzwald');
REPLACE INTO city(region_id, name) values (377, 'Gaggenau');
REPLACE INTO city(region_id, name) values (377, 'Gaildorf');
REPLACE INTO city(region_id, name) values (377, 'Gailingen am Hochrhein');
REPLACE INTO city(region_id, name) values (377, 'Geisingen');
REPLACE INTO city(region_id, name) values (377, 'Geislingen');
REPLACE INTO city(region_id, name) values (377, 'Geislingen an der Steige');
REPLACE INTO city(region_id, name) values (377, 'Gengenbach');
REPLACE INTO city(region_id, name) values (377, 'Gerabronn');
REPLACE INTO city(region_id, name) values (377, 'Giengen an der Brenz');
REPLACE INTO city(region_id, name) values (377, 'Gingen an der Fils');
REPLACE INTO city(region_id, name) values (377, 'Gppingen');
REPLACE INTO city(region_id, name) values (377, 'Gosheim');
REPLACE INTO city(region_id, name) values (377, 'Gottmadingen');
REPLACE INTO city(region_id, name) values (377, 'Graben-Neudorf');
REPLACE INTO city(region_id, name) values (377, 'Grafenhausen');
REPLACE INTO city(region_id, name) values (377, 'Grenzach-Wyhlen');
REPLACE INTO city(region_id, name) values (377, 'Hg-Ehrsberg');
REPLACE INTO city(region_id, name) values (377, 'Haigerloch');
REPLACE INTO city(region_id, name) values (377, 'Hardheim');
REPLACE INTO city(region_id, name) values (377, 'Haslach im Kinzigtal');
REPLACE INTO city(region_id, name) values (377, 'Hausach');
REPLACE INTO city(region_id, name) values (377, 'Hechingen');
REPLACE INTO city(region_id, name) values (377, 'Heddesheim');
REPLACE INTO city(region_id, name) values (377, 'Heidelberg');
REPLACE INTO city(region_id, name) values (377, 'Heidenheim an der Brenz');
REPLACE INTO city(region_id, name) values (377, 'Heilbronn');
REPLACE INTO city(region_id, name) values (377, 'Heiningen');
REPLACE INTO city(region_id, name) values (377, 'Helmstadt-Bargen');
REPLACE INTO city(region_id, name) values (377, 'Hemsbach');
REPLACE INTO city(region_id, name) values (377, 'Herbertingen');
REPLACE INTO city(region_id, name) values (377, 'Herbolzheim');
REPLACE INTO city(region_id, name) values (377, 'Herbrechtingen');
REPLACE INTO city(region_id, name) values (377, 'Herrenberg');
REPLACE INTO city(region_id, name) values (377, 'Hockenheim');
REPLACE INTO city(region_id, name) values (377, 'Hfen an der Enz');
REPLACE INTO city(region_id, name) values (377, 'Holzgerlingen');
REPLACE INTO city(region_id, name) values (377, 'Hpfingen');
REPLACE INTO city(region_id, name) values (377, 'Horb am Neckar');
REPLACE INTO city(region_id, name) values (377, 'Horgenzell');
REPLACE INTO city(region_id, name) values (377, 'Hgelsheim');
REPLACE INTO city(region_id, name) values (377, 'Ihringen');
REPLACE INTO city(region_id, name) values (377, 'Illerkirchberg');
REPLACE INTO city(region_id, name) values (377, 'Illingen');
REPLACE INTO city(region_id, name) values (377, 'Illmensee');
REPLACE INTO city(region_id, name) values (377, 'Ilvesheim');
REPLACE INTO city(region_id, name) values (377, 'Immendingen');
REPLACE INTO city(region_id, name) values (377, 'Immenstaad am Bodensee');
REPLACE INTO city(region_id, name) values (377, 'Ingelfingen');
REPLACE INTO city(region_id, name) values (377, 'Inzigkofen');
REPLACE INTO city(region_id, name) values (377, 'Isny im Allgu');
REPLACE INTO city(region_id, name) values (377, 'Ispringen');
REPLACE INTO city(region_id, name) values (377, 'Jestetten');
REPLACE INTO city(region_id, name) values (377, 'Kappelrodeck');
REPLACE INTO city(region_id, name) values (377, 'Karlsbad');
REPLACE INTO city(region_id, name) values (377, 'Karlsruhe');
REPLACE INTO city(region_id, name) values (377, 'Kehl');
REPLACE INTO city(region_id, name) values (377, 'Keltern');
REPLACE INTO city(region_id, name) values (377, 'Kenzingen');
REPLACE INTO city(region_id, name) values (377, 'Ketsch');
REPLACE INTO city(region_id, name) values (377, 'Kieselbronn');
REPLACE INTO city(region_id, name) values (377, 'Kippenheim');
REPLACE INTO city(region_id, name) values (377, 'Kirchheim unter Teck');
REPLACE INTO city(region_id, name) values (377, 'Klettgau');
REPLACE INTO city(region_id, name) values (377, 'Knittlingen');
REPLACE INTO city(region_id, name) values (377, 'Kolbingen');
REPLACE INTO city(region_id, name) values (377, 'Kngen');
REPLACE INTO city(region_id, name) values (377, 'Knigsbronn');
REPLACE INTO city(region_id, name) values (377, 'Knigsfeld im Schwarzwald');
REPLACE INTO city(region_id, name) values (377, 'Konstanz');
REPLACE INTO city(region_id, name) values (377, 'Kornwestheim');
REPLACE INTO city(region_id, name) values (377, 'Krauchenwies');
REPLACE INTO city(region_id, name) values (377, 'Krautheim');
REPLACE INTO city(region_id, name) values (377, 'Kressbronn am Bodensee');
REPLACE INTO city(region_id, name) values (377, 'Kronau');
REPLACE INTO city(region_id, name) values (377, 'Klsheim');
REPLACE INTO city(region_id, name) values (377, 'Knzelsau');
REPLACE INTO city(region_id, name) values (377, 'Kuppenheim');
REPLACE INTO city(region_id, name) values (377, 'Kssaberg');
REPLACE INTO city(region_id, name) values (377, 'Lahr/Schwarzwald');
REPLACE INTO city(region_id, name) values (377, 'Laichingen');
REPLACE INTO city(region_id, name) values (377, 'Langenau');
REPLACE INTO city(region_id, name) values (377, 'Lauchringen');
REPLACE INTO city(region_id, name) values (377, 'Lauda-Knigshofen');
REPLACE INTO city(region_id, name) values (377, 'Lauf');
REPLACE INTO city(region_id, name) values (377, 'Laufenburg');
REPLACE INTO city(region_id, name) values (377, 'Laupheim');
REPLACE INTO city(region_id, name) values (377, 'Leimen');
REPLACE INTO city(region_id, name) values (377, 'Leonberg');
REPLACE INTO city(region_id, name) values (377, 'Leutkirch im Allgu');
REPLACE INTO city(region_id, name) values (377, 'Lffingen');
REPLACE INTO city(region_id, name) values (377, 'Lrrach');
REPLACE INTO city(region_id, name) values (377, 'Lottstetten');
REPLACE INTO city(region_id, name) values (377, 'Lwenstein');
REPLACE INTO city(region_id, name) values (377, 'Ludwigsburg');
REPLACE INTO city(region_id, name) values (377, 'Mahlberg');
REPLACE INTO city(region_id, name) values (377, 'Mainhardt');
REPLACE INTO city(region_id, name) values (377, 'Mannheim');
REPLACE INTO city(region_id, name) values (377, 'Markdorf');
REPLACE INTO city(region_id, name) values (377, 'Maulbronn');
REPLACE INTO city(region_id, name) values (377, 'Meckenbeuren');
REPLACE INTO city(region_id, name) values (377, 'Meersburg');
REPLACE INTO city(region_id, name) values (377, 'Mengen');
REPLACE INTO city(region_id, name) values (377, 'Merzhausen');
REPLACE INTO city(region_id, name) values (377, 'Mekirch');
REPLACE INTO city(region_id, name) values (377, 'Mestetten');
REPLACE INTO city(region_id, name) values (377, 'Metzingen');
REPLACE INTO city(region_id, name) values (377, 'Mckmhl');
REPLACE INTO city(region_id, name) values (377, 'Mgglingen');
REPLACE INTO city(region_id, name) values (377, 'Mosbach');
REPLACE INTO city(region_id, name) values (377, 'Mssingen');
REPLACE INTO city(region_id, name) values (377, 'Mtzingen');
REPLACE INTO city(region_id, name) values (377, 'Mhlacker');
REPLACE INTO city(region_id, name) values (377, 'Mhlhausen');
REPLACE INTO city(region_id, name) values (377, 'Mulfingen');
REPLACE INTO city(region_id, name) values (377, 'Mllheim');
REPLACE INTO city(region_id, name) values (377, 'Munderkingen');
REPLACE INTO city(region_id, name) values (377, 'Mnsingen');
REPLACE INTO city(region_id, name) values (377, 'Nagold');
REPLACE INTO city(region_id, name) values (377, 'Neckargemnd');
REPLACE INTO city(region_id, name) values (377, 'Neckarsulm');
REPLACE INTO city(region_id, name) values (377, 'Neresheim');
REPLACE INTO city(region_id, name) values (377, 'Neubulach');
REPLACE INTO city(region_id, name) values (377, 'Neuenbrg');
REPLACE INTO city(region_id, name) values (377, 'Neuenburg am Rhein');
REPLACE INTO city(region_id, name) values (377, 'Neuenstadt am Kocher');
REPLACE INTO city(region_id, name) values (377, 'Neuenstein');
REPLACE INTO city(region_id, name) values (377, 'Niedernhall');
REPLACE INTO city(region_id, name) values (377, 'Niefern-schelbronn');
REPLACE INTO city(region_id, name) values (377, 'Nordheim');
REPLACE INTO city(region_id, name) values (377, 'Nrtingen');
REPLACE INTO city(region_id, name) values (377, 'Oberderdingen');
REPLACE INTO city(region_id, name) values (377, 'Oberhausen-Rheinhausen');
REPLACE INTO city(region_id, name) values (377, 'Oberkirch');
REPLACE INTO city(region_id, name) values (377, 'Oberndorf am Neckar');
REPLACE INTO city(region_id, name) values (377, 'Oberteuringen');
REPLACE INTO city(region_id, name) values (377, 'Ochsenhausen');
REPLACE INTO city(region_id, name) values (377, 'Offenburg');
REPLACE INTO city(region_id, name) values (377, 'Ofterdingen');
REPLACE INTO city(region_id, name) values (377, 'Oftersheim');
REPLACE INTO city(region_id, name) values (377, 'hningen');
REPLACE INTO city(region_id, name) values (377, 'hringen');
REPLACE INTO city(region_id, name) values (377, 'Oppenau');
REPLACE INTO city(region_id, name) values (377, 'Ortenberg');
REPLACE INTO city(region_id, name) values (377, 'Osterburken');
REPLACE INTO city(region_id, name) values (377, 'Ostrach');
REPLACE INTO city(region_id, name) values (377, 'stringen');
REPLACE INTO city(region_id, name) values (377, 'tisheim');
REPLACE INTO city(region_id, name) values (377, 'Ottenhfen im Schwarzwald');
REPLACE INTO city(region_id, name) values (377, 'Pfalzgrafenweiler');
REPLACE INTO city(region_id, name) values (377, 'Pfinztal');
REPLACE INTO city(region_id, name) values (377, 'Pforzheim');
REPLACE INTO city(region_id, name) values (377, 'Pfullendorf');
REPLACE INTO city(region_id, name) values (377, 'Philippsburg');
REPLACE INTO city(region_id, name) values (377, 'Plankstadt');
REPLACE INTO city(region_id, name) values (377, 'Plochingen');
REPLACE INTO city(region_id, name) values (377, 'Radolfzell am Bodensee');
REPLACE INTO city(region_id, name) values (377, 'Raich');
REPLACE INTO city(region_id, name) values (377, 'Rammingen');
REPLACE INTO city(region_id, name) values (377, 'Rastatt');
REPLACE INTO city(region_id, name) values (377, 'Ravensburg');
REPLACE INTO city(region_id, name) values (377, 'Ravenstein');
REPLACE INTO city(region_id, name) values (377, 'Reichenbach am Heuberg');
REPLACE INTO city(region_id, name) values (377, 'Reichenbach an der Fils');
REPLACE INTO city(region_id, name) values (377, 'Reilingen');
REPLACE INTO city(region_id, name) values (377, 'Remchingen');
REPLACE INTO city(region_id, name) values (377, 'Renchen');
REPLACE INTO city(region_id, name) values (377, 'Renningen');
REPLACE INTO city(region_id, name) values (377, 'Reutlingen');
REPLACE INTO city(region_id, name) values (377, 'Rheinfelden');
REPLACE INTO city(region_id, name) values (377, 'Riederich');
REPLACE INTO city(region_id, name) values (377, 'Riedlingen');
REPLACE INTO city(region_id, name) values (377, 'Rielasingen-Worblingen');
REPLACE INTO city(region_id, name) values (377, 'Rosenberg (73494)');
REPLACE INTO city(region_id, name) values (377, 'Rosenfeld');
REPLACE INTO city(region_id, name) values (377, 'Rosengarten');
REPLACE INTO city(region_id, name) values (377, 'Rottenburg am Neckar');
REPLACE INTO city(region_id, name) values (377, 'Rottweil');
REPLACE INTO city(region_id, name) values (377, 'Rmmingen');
REPLACE INTO city(region_id, name) values (377, 'Rust');
REPLACE INTO city(region_id, name) values (377, 'Sandhausen');
REPLACE INTO city(region_id, name) values (377, 'Sankt Georgen im Schwarzwald');
REPLACE INTO city(region_id, name) values (377, 'Sankt Leon-Rot');
REPLACE INTO city(region_id, name) values (377, 'Schelklingen');
REPLACE INTO city(region_id, name) values (377, 'Schlier');
REPLACE INTO city(region_id, name) values (377, 'Schluchsee');
REPLACE INTO city(region_id, name) values (377, 'Schnau im Schwarzwald');
REPLACE INTO city(region_id, name) values (377, 'Schopfheim');
REPLACE INTO city(region_id, name) values (377, 'Schopfloch');
REPLACE INTO city(region_id, name) values (377, 'Schorndorf');
REPLACE INTO city(region_id, name) values (377, 'Schramberg');
REPLACE INTO city(region_id, name) values (377, 'Schrozberg');
REPLACE INTO city(region_id, name) values (377, 'Schwbisch Gmnd');
REPLACE INTO city(region_id, name) values (377, 'Schwbisch Hall');
REPLACE INTO city(region_id, name) values (377, 'Schwaikheim');
REPLACE INTO city(region_id, name) values (377, 'Schwendi');
REPLACE INTO city(region_id, name) values (377, 'Schwenningen');
REPLACE INTO city(region_id, name) values (377, 'Schwetzingen');
REPLACE INTO city(region_id, name) values (377, 'Sexau');
REPLACE INTO city(region_id, name) values (377, 'Sigmaringen');
REPLACE INTO city(region_id, name) values (377, 'Sindelfingen');
REPLACE INTO city(region_id, name) values (377, 'Singen');
REPLACE INTO city(region_id, name) values (377, 'Sinsheim');
REPLACE INTO city(region_id, name) values (377, 'Spaichingen');
REPLACE INTO city(region_id, name) values (377, 'Steinenbronn');
REPLACE INTO city(region_id, name) values (377, 'Stockach');
REPLACE INTO city(region_id, name) values (377, 'Stdtlen');
REPLACE INTO city(region_id, name) values (377, 'Straubenhardt');
REPLACE INTO city(region_id, name) values (377, 'Stutensee');
REPLACE INTO city(region_id, name) values (377, 'Stuttgart');
REPLACE INTO city(region_id, name) values (377, 'Sulz am Neckar');
REPLACE INTO city(region_id, name) values (377, 'Sulzbach-Laufen');
REPLACE INTO city(region_id, name) values (377, 'Sen');
REPLACE INTO city(region_id, name) values (377, 'Talheim (74388)');
REPLACE INTO city(region_id, name) values (377, 'Tauberbischofsheim');
REPLACE INTO city(region_id, name) values (377, 'Teningen');
REPLACE INTO city(region_id, name) values (377, 'Tettnang');
REPLACE INTO city(region_id, name) values (377, 'Titisee-Neustadt');
REPLACE INTO city(region_id, name) values (377, 'Triberg');
REPLACE INTO city(region_id, name) values (377, 'Trossingen');
REPLACE INTO city(region_id, name) values (377, 'Tbingen');
REPLACE INTO city(region_id, name) values (377, 'Tuttlingen');
REPLACE INTO city(region_id, name) values (377, 'berlingen');
REPLACE INTO city(region_id, name) values (377, 'Ulm');
REPLACE INTO city(region_id, name) values (377, 'Ummendorf');
REPLACE INTO city(region_id, name) values (377, 'Unterkirnach');
REPLACE INTO city(region_id, name) values (377, 'Unterwachingen');
REPLACE INTO city(region_id, name) values (377, 'Urbach');
REPLACE INTO city(region_id, name) values (377, 'Vaihingen an der Enz');
REPLACE INTO city(region_id, name) values (377, 'Vellberg');
REPLACE INTO city(region_id, name) values (377, 'Villingen-Schwenningen');
REPLACE INTO city(region_id, name) values (377, 'Volkertshausen');
REPLACE INTO city(region_id, name) values (377, 'Waghusel');
REPLACE INTO city(region_id, name) values (377, 'Waiblingen');
REPLACE INTO city(region_id, name) values (377, 'Wain');
REPLACE INTO city(region_id, name) values (377, 'Wald');
REPLACE INTO city(region_id, name) values (377, 'Waldbronn');
REPLACE INTO city(region_id, name) values (377, 'Waldenburg');
REPLACE INTO city(region_id, name) values (377, 'Waldkirch');
REPLACE INTO city(region_id, name) values (377, 'Waldshut-Tiengen');
REPLACE INTO city(region_id, name) values (377, 'Walldrn');
REPLACE INTO city(region_id, name) values (377, 'Wangen');
REPLACE INTO city(region_id, name) values (377, 'Wangen im Allgu');
REPLACE INTO city(region_id, name) values (377, 'Wehingen');
REPLACE INTO city(region_id, name) values (377, 'Wehr');
REPLACE INTO city(region_id, name) values (377, 'Weikersheim');
REPLACE INTO city(region_id, name) values (377, 'Weil am Rhein');
REPLACE INTO city(region_id, name) values (377, 'Weil der Stadt');
REPLACE INTO city(region_id, name) values (377, 'Weingarten (76356)');
REPLACE INTO city(region_id, name) values (377, 'Weingarten (88250)');
REPLACE INTO city(region_id, name) values (377, 'Weinheim');
REPLACE INTO city(region_id, name) values (377, 'Weinsberg');
REPLACE INTO city(region_id, name) values (377, 'Weinstadt');
REPLACE INTO city(region_id, name) values (377, 'Welzheim');
REPLACE INTO city(region_id, name) values (377, 'Wendlingen am Neckar');
REPLACE INTO city(region_id, name) values (377, 'Wertheim');
REPLACE INTO city(region_id, name) values (377, 'Wiesloch');
REPLACE INTO city(region_id, name) values (377, 'Wilhelmsfeld');
REPLACE INTO city(region_id, name) values (377, 'Willsttt');
REPLACE INTO city(region_id, name) values (377, 'Wimsheim');
REPLACE INTO city(region_id, name) values (377, 'Winnenden');
REPLACE INTO city(region_id, name) values (377, 'Wolfach');
REPLACE INTO city(region_id, name) values (377, 'Wrt');
REPLACE INTO city(region_id, name) values (377, 'Wyhl am Kaiserstuhl');
REPLACE INTO city(region_id, name) values (377, 'Zaberfeld');
REPLACE INTO city(region_id, name) values (377, 'Zell am Harmersbach');
REPLACE INTO city(region_id, name) values (377, 'Zell im Wiesental');
REPLACE INTO city(region_id, name) values (377, 'Zell unter Aichelberg');
REPLACE INTO city(region_id, name) values (377, 'Zuzenhausen');
REPLACE INTO region(id, country_id, name) values (393, 53, 'Сент-Питер-Порт');
REPLACE INTO city(region_id, name) values (53, 'Александровск-Сахалинский');
REPLACE INTO city(region_id, name) values (53, 'Анбэцу');
REPLACE INTO city(region_id, name) values (53, 'Анива');
REPLACE INTO city(region_id, name) values (53, 'Бошняково');
REPLACE INTO city(region_id, name) values (53, 'Быков');
REPLACE INTO city(region_id, name) values (53, 'Вахрушев');
REPLACE INTO city(region_id, name) values (53, 'Взморье');
REPLACE INTO city(region_id, name) values (53, 'Гастелло');
REPLACE INTO city(region_id, name) values (53, 'Горнозаводск (Сахалин)');
REPLACE INTO city(region_id, name) values (53, 'Долинск');
REPLACE INTO city(region_id, name) values (53, 'Ильинский (Сахалин)');
REPLACE INTO city(region_id, name) values (53, 'Катангли');
REPLACE INTO city(region_id, name) values (53, 'Корсаков');
REPLACE INTO city(region_id, name) values (53, 'Курильск');
REPLACE INTO city(region_id, name) values (53, 'Макаров');
REPLACE INTO city(region_id, name) values (53, 'Невельск');
REPLACE INTO city(region_id, name) values (53, 'Ноглики');
REPLACE INTO city(region_id, name) values (53, 'Оха');
REPLACE INTO city(region_id, name) values (53, 'Поронайск');
REPLACE INTO city(region_id, name) values (53, 'Северо-Курильск');
REPLACE INTO city(region_id, name) values (53, 'Смирных');
REPLACE INTO city(region_id, name) values (53, 'Томари');
REPLACE INTO city(region_id, name) values (53, 'Тымовское');
REPLACE INTO city(region_id, name) values (53, 'Углегорск');
REPLACE INTO city(region_id, name) values (53, 'Холмск');
REPLACE INTO city(region_id, name) values (53, 'Шахтерск');
REPLACE INTO city(region_id, name) values (53, 'Южно-Курильск');
REPLACE INTO city(region_id, name) values (53, 'Южно-Сахалинск');
REPLACE INTO city(region_id, name) values (240, 'Bela Slatina');
REPLACE INTO city(region_id, name) values (240, 'Borovan');
REPLACE INTO city(region_id, name) values (240, 'Byala Slatina');
REPLACE INTO city(region_id, name) values (240, 'Koslodui');
REPLACE INTO city(region_id, name) values (240, 'Kozlodui');
REPLACE INTO city(region_id, name) values (240, 'Kozloduy');
REPLACE INTO city(region_id, name) values (240, 'Krivdol');
REPLACE INTO city(region_id, name) values (240, 'Krivodol');
REPLACE INTO city(region_id, name) values (240, 'Mezdra');
REPLACE INTO city(region_id, name) values (240, 'Vraca');
REPLACE INTO city(region_id, name) values (240, 'Vratca');
REPLACE INTO city(region_id, name) values (240, 'Vratsa');
REPLACE INTO city(region_id, name) values (240, 'Vrattsa');
REPLACE INTO city(region_id, name) values (240, 'Vratza');
REPLACE INTO city(region_id, name) values (297, 'Abergele');
REPLACE INTO city(region_id, name) values (297, 'Bagillt');
REPLACE INTO city(region_id, name) values (297, 'Bala');
REPLACE INTO city(region_id, name) values (297, 'Bangor');
REPLACE INTO city(region_id, name) values (297, 'Chester');
REPLACE INTO city(region_id, name) values (297, 'Colwyn Bay');
REPLACE INTO city(region_id, name) values (297, 'Deeside');
REPLACE INTO city(region_id, name) values (297, 'Holyhead');
REPLACE INTO city(region_id, name) values (297, 'Llandudno');
REPLACE INTO city(region_id, name) values (297, 'Prestatyn');
REPLACE INTO city(region_id, name) values (297, 'Rhyl');
REPLACE INTO city(region_id, name) values (297, 'Wrexham');
REPLACE INTO city(region_id, name) values (313, 'Fuenfkirchen');
REPLACE INTO city(region_id, name) values (313, 'Fnfkirchen');
REPLACE INTO city(region_id, name) values (313, 'Fuzesdulo');
REPLACE INTO city(region_id, name) values (313, 'Gyrgytelep');
REPLACE INTO city(region_id, name) values (313, 'Haviboldogasszonydulo');
REPLACE INTO city(region_id, name) values (313, 'Pcs');
REPLACE INTO city(region_id, name) values (335, 'Bailadores');
REPLACE INTO city(region_id, name) values (335, 'La Azulita');
REPLACE INTO city(region_id, name) values (335, 'Mrida');
REPLACE INTO city(region_id, name) values (368, 'Amaya');
REPLACE INTO city(region_id, name) values (368, 'Atitancito');
REPLACE INTO city(region_id, name) values (378, 'Abenberg');
REPLACE INTO city(region_id, name) values (378, 'Abensberg');
REPLACE INTO city(region_id, name) values (378, 'Absberg');
REPLACE INTO city(region_id, name) values (378, 'Abtswind');
REPLACE INTO city(region_id, name) values (378, 'Achslach');
REPLACE INTO city(region_id, name) values (378, 'Adelschlag');
REPLACE INTO city(region_id, name) values (378, 'Adelsried');
REPLACE INTO city(region_id, name) values (378, 'Affing');
REPLACE INTO city(region_id, name) values (378, 'Aham');
REPLACE INTO city(region_id, name) values (378, 'Aholfing');
REPLACE INTO city(region_id, name) values (378, 'Ahorn');
REPLACE INTO city(region_id, name) values (378, 'Aicha vorm Wald');
REPLACE INTO city(region_id, name) values (378, 'Aichach');
REPLACE INTO city(region_id, name) values (378, 'Aichen');
REPLACE INTO city(region_id, name) values (378, 'Aidenbach');
REPLACE INTO city(region_id, name) values (378, 'Aidhausen');
REPLACE INTO city(region_id, name) values (378, 'Aiglsbach');
REPLACE INTO city(region_id, name) values (378, 'Aindling');
REPLACE INTO city(region_id, name) values (378, 'Ainring');
REPLACE INTO city(region_id, name) values (378, 'Aislingen');
REPLACE INTO city(region_id, name) values (378, 'Alesheim');
REPLACE INTO city(region_id, name) values (378, 'Allershausen');
REPLACE INTO city(region_id, name) values (378, 'Altdorf (84032)');
REPLACE INTO city(region_id, name) values (378, 'Altdorf (90518)');
REPLACE INTO city(region_id, name) values (378, 'Altenbuch');
REPLACE INTO city(region_id, name) values (378, 'Altendorf (96146)');
REPLACE INTO city(region_id, name) values (378, 'Altenmarkt an der Alz');
REPLACE INTO city(region_id, name) values (378, 'Altenmnster');
REPLACE INTO city(region_id, name) values (378, 'Altenstadt an der Waldnaab');
REPLACE INTO city(region_id, name) values (378, 'Altertheim');
REPLACE INTO city(region_id, name) values (378, 'Alttting');
REPLACE INTO city(region_id, name) values (378, 'Amberg (86854)');
REPLACE INTO city(region_id, name) values (378, 'Amberg (92224)');
REPLACE INTO city(region_id, name) values (378, 'Ansbach');
REPLACE INTO city(region_id, name) values (378, 'Antdorf');
REPLACE INTO city(region_id, name) values (378, 'Arnstorf');
REPLACE INTO city(region_id, name) values (378, 'Asbach-Bumenheim');
REPLACE INTO city(region_id, name) values (378, 'Ascha');
REPLACE INTO city(region_id, name) values (378, 'Aschaffenburg');
REPLACE INTO city(region_id, name) values (378, 'Auerbach');
REPLACE INTO city(region_id, name) values (378, 'Augsburg');
REPLACE INTO city(region_id, name) values (378, 'Baar-Ebenhausen');
REPLACE INTO city(region_id, name) values (378, 'Babenhausen');
REPLACE INTO city(region_id, name) values (378, 'Bach an der Donau');
REPLACE INTO city(region_id, name) values (378, 'Bachhagel');
REPLACE INTO city(region_id, name) values (378, 'Bad Abbach');
REPLACE INTO city(region_id, name) values (378, 'Bad Aibling');
REPLACE INTO city(region_id, name) values (378, 'Bad Alexandersbad');
REPLACE INTO city(region_id, name) values (378, 'Bad Berneck im Fichtelgebirge');
REPLACE INTO city(region_id, name) values (378, 'Bad Birnbach');
REPLACE INTO city(region_id, name) values (378, 'Bad Bocklet');
REPLACE INTO city(region_id, name) values (378, 'Bad Brckenau');
REPLACE INTO city(region_id, name) values (378, 'Bad Fssing');
REPLACE INTO city(region_id, name) values (378, 'Bad Griesbach im Rottal');
REPLACE INTO city(region_id, name) values (378, 'Bad Grnenbach');
REPLACE INTO city(region_id, name) values (378, 'Bad Kissingen');
REPLACE INTO city(region_id, name) values (378, 'Bad Knigshofen im Grabfeld');
REPLACE INTO city(region_id, name) values (378, 'Bad Neustadt an der Saale');
REPLACE INTO city(region_id, name) values (378, 'Bad Reichenhall');
REPLACE INTO city(region_id, name) values (378, 'Bad Rodach');
REPLACE INTO city(region_id, name) values (378, 'Bad Tlz');
REPLACE INTO city(region_id, name) values (378, 'Bad Windsheim');
REPLACE INTO city(region_id, name) values (378, 'Bad Wrishofen');
REPLACE INTO city(region_id, name) values (378, 'Baiern');
REPLACE INTO city(region_id, name) values (378, 'Bamberg');
REPLACE INTO city(region_id, name) values (378, 'Brnau');
REPLACE INTO city(region_id, name) values (378, 'Baunach');
REPLACE INTO city(region_id, name) values (378, 'Bayerisch Eisenstein');
REPLACE INTO city(region_id, name) values (378, 'Bayerisch Gmain');
REPLACE INTO city(region_id, name) values (378, 'Bayreuth');
REPLACE INTO city(region_id, name) values (378, 'Berchtesgaden');
REPLACE INTO city(region_id, name) values (378, 'Berg (82335)');
REPLACE INTO city(region_id, name) values (378, 'Berg bei Neumarkt in der Oberpfalz');
REPLACE INTO city(region_id, name) values (378, 'Bindlach');
REPLACE INTO city(region_id, name) values (378, 'Bischofsheim an der Rhn');
REPLACE INTO city(region_id, name) values (378, 'Bbing');
REPLACE INTO city(region_id, name) values (378, 'Bobingen');
REPLACE INTO city(region_id, name) values (378, 'Bodenkirchen');
REPLACE INTO city(region_id, name) values (378, 'Bodenwhr');
REPLACE INTO city(region_id, name) values (378, 'Bogen');
REPLACE INTO city(region_id, name) values (378, 'Bonstetten');
REPLACE INTO city(region_id, name) values (378, 'Boos');
REPLACE INTO city(region_id, name) values (378, 'Bruck');
REPLACE INTO city(region_id, name) values (378, 'Bruckmhl');
REPLACE INTO city(region_id, name) values (378, 'Buchloe');
REPLACE INTO city(region_id, name) values (378, 'Burgau');
REPLACE INTO city(region_id, name) values (378, 'Burghausen');
REPLACE INTO city(region_id, name) values (378, 'Burgkirchen an der Alz');
REPLACE INTO city(region_id, name) values (378, 'Burgkunstadt');
REPLACE INTO city(region_id, name) values (378, 'Burglengenfeld');
REPLACE INTO city(region_id, name) values (378, 'Cadolzburg');
REPLACE INTO city(region_id, name) values (378, 'Cham');
REPLACE INTO city(region_id, name) values (378, 'Chamerau');
REPLACE INTO city(region_id, name) values (378, 'Coburg');
REPLACE INTO city(region_id, name) values (378, 'Creuen');
REPLACE INTO city(region_id, name) values (378, 'Dachau');
REPLACE INTO city(region_id, name) values (378, 'Dasing');
REPLACE INTO city(region_id, name) values (378, 'Deggendorf');
REPLACE INTO city(region_id, name) values (378, 'Denkendorf');
REPLACE INTO city(region_id, name) values (378, 'Dillingen an der Donau');
REPLACE INTO city(region_id, name) values (378, 'Dingolfing');
REPLACE INTO city(region_id, name) values (378, 'Dinkelsbhl');
REPLACE INTO city(region_id, name) values (378, 'Dittelbrunn');
REPLACE INTO city(region_id, name) values (378, 'Donauwrth');
REPLACE INTO city(region_id, name) values (378, 'Drfles-Esbach');
REPLACE INTO city(region_id, name) values (378, 'Duggendorf');
REPLACE INTO city(region_id, name) values (378, 'Durach');
REPLACE INTO city(region_id, name) values (378, 'Eching (84174)');
REPLACE INTO city(region_id, name) values (378, 'Eggenfelden');
REPLACE INTO city(region_id, name) values (378, 'Eichsttt');
REPLACE INTO city(region_id, name) values (378, 'Eiselfing');
REPLACE INTO city(region_id, name) values (378, 'Elsenfeld');
REPLACE INTO city(region_id, name) values (378, 'Eltmann');
REPLACE INTO city(region_id, name) values (378, 'Erding');
REPLACE INTO city(region_id, name) values (378, 'Ergersheim');
REPLACE INTO city(region_id, name) values (378, 'Erlangen');
REPLACE INTO city(region_id, name) values (378, 'Erlenbach am Main');
REPLACE INTO city(region_id, name) values (378, 'Essenbach');
REPLACE INTO city(region_id, name) values (378, 'Feucht');
REPLACE INTO city(region_id, name) values (378, 'Feuchtwangen');
REPLACE INTO city(region_id, name) values (378, 'Fichtelberg');
REPLACE INTO city(region_id, name) values (378, 'Forchheim');
REPLACE INTO city(region_id, name) values (378, 'Forheim');
REPLACE INTO city(region_id, name) values (378, 'Freilassing');
REPLACE INTO city(region_id, name) values (378, 'Freising');
REPLACE INTO city(region_id, name) values (378, 'Frickenhausen am Main');
REPLACE INTO city(region_id, name) values (378, 'Friedberg');
REPLACE INTO city(region_id, name) values (378, 'Fuchsstadt');
REPLACE INTO city(region_id, name) values (378, 'Frstenfeldbruck');
REPLACE INTO city(region_id, name) values (378, 'Frth');
REPLACE INTO city(region_id, name) values (378, 'Furth');
REPLACE INTO city(region_id, name) values (378, 'Furth im Wald');
REPLACE INTO city(region_id, name) values (378, 'Fssen');
REPLACE INTO city(region_id, name) values (378, 'Gdheim');
REPLACE INTO city(region_id, name) values (378, 'Gaimersheim');
REPLACE INTO city(region_id, name) values (378, 'Garching an der Alz');
REPLACE INTO city(region_id, name) values (378, 'Garmisch-Partenkirchen');
REPLACE INTO city(region_id, name) values (378, 'Gefrees');
REPLACE INTO city(region_id, name) values (378, 'Geiselwind');
REPLACE INTO city(region_id, name) values (378, 'Gemnden am Main');
REPLACE INTO city(region_id, name) values (378, 'Geretsried');
REPLACE INTO city(region_id, name) values (378, 'Germering');
REPLACE INTO city(region_id, name) values (378, 'Geroda');
REPLACE INTO city(region_id, name) values (378, 'Gerolzhofen');
REPLACE INTO city(region_id, name) values (378, 'Gersthofen');
REPLACE INTO city(region_id, name) values (378, 'Glonn');
REPLACE INTO city(region_id, name) values (378, 'Gochsheim');
REPLACE INTO city(region_id, name) values (378, 'Graben');
REPLACE INTO city(region_id, name) values (378, 'Grafenau');
REPLACE INTO city(region_id, name) values (378, 'Grafenrheinfeld');
REPLACE INTO city(region_id, name) values (378, 'Grafenwhr');
REPLACE INTO city(region_id, name) values (378, 'Groenseebach');
REPLACE INTO city(region_id, name) values (378, 'Gromehring');
REPLACE INTO city(region_id, name) values (378, 'Groostheim');
REPLACE INTO city(region_id, name) values (378, 'Grnwald');
REPLACE INTO city(region_id, name) values (378, 'Gnzburg');
REPLACE INTO city(region_id, name) values (378, 'Gunzenhausen');
REPLACE INTO city(region_id, name) values (378, 'Haag');
REPLACE INTO city(region_id, name) values (378, 'Hahnbach');
REPLACE INTO city(region_id, name) values (378, 'Hammelburg');
REPLACE INTO city(region_id, name) values (378, 'Hafurt');
REPLACE INTO city(region_id, name) values (378, 'Hausham');
REPLACE INTO city(region_id, name) values (378, 'Heilsbronn');
REPLACE INTO city(region_id, name) values (378, 'Heimenkirch');
REPLACE INTO city(region_id, name) values (378, 'Hemau');
REPLACE INTO city(region_id, name) values (378, 'Hengersberg');
REPLACE INTO city(region_id, name) values (378, 'Heroldsberg');
REPLACE INTO city(region_id, name) values (378, 'Hersbruck');
REPLACE INTO city(region_id, name) values (378, 'Herzogenaurach');
REPLACE INTO city(region_id, name) values (378, 'Hilpoltstein');
REPLACE INTO city(region_id, name) values (378, 'Himmelstadt');
REPLACE INTO city(region_id, name) values (378, 'Hirschaid');
REPLACE INTO city(region_id, name) values (378, 'Hchstadt an der Aisch');
REPLACE INTO city(region_id, name) values (378, 'Hchstdt an der Donau');
REPLACE INTO city(region_id, name) values (378, 'Hof');
REPLACE INTO city(region_id, name) values (378, 'Holzkirchen (83607)');
REPLACE INTO city(region_id, name) values (378, 'Ichenhausen');
REPLACE INTO city(region_id, name) values (378, 'Igling');
REPLACE INTO city(region_id, name) values (378, 'Illertissen');
REPLACE INTO city(region_id, name) values (378, 'Immenstadt im Allgu');
REPLACE INTO city(region_id, name) values (378, 'Ingolstadt');
REPLACE INTO city(region_id, name) values (378, 'Innernzell');
REPLACE INTO city(region_id, name) values (378, 'Iphofen');
REPLACE INTO city(region_id, name) values (378, 'Irschenberg');
REPLACE INTO city(region_id, name) values (378, 'Kaisheim');
REPLACE INTO city(region_id, name) values (378, 'Kammeltal');
REPLACE INTO city(region_id, name) values (378, 'Karlstadt');
REPLACE INTO city(region_id, name) values (378, 'Kaufbeuren');
REPLACE INTO city(region_id, name) values (378, 'Kaufering');
REPLACE INTO city(region_id, name) values (378, 'Kelheim');
REPLACE INTO city(region_id, name) values (378, 'Kellmnz');
REPLACE INTO city(region_id, name) values (378, 'Kempten');
REPLACE INTO city(region_id, name) values (378, 'Kinsau');
REPLACE INTO city(region_id, name) values (378, 'Kirchdorf am Inn');
REPLACE INTO city(region_id, name) values (378, 'Kirchheim in Schwaben');
REPLACE INTO city(region_id, name) values (378, 'Kist');
REPLACE INTO city(region_id, name) values (378, 'Kitzingen');
REPLACE INTO city(region_id, name) values (378, 'Knetzgau');
REPLACE INTO city(region_id, name) values (378, 'Kfering');
REPLACE INTO city(region_id, name) values (378, 'Kolbermoor');
REPLACE INTO city(region_id, name) values (378, 'Knigsbrunn');
REPLACE INTO city(region_id, name) values (378, 'Ksching');
REPLACE INTO city(region_id, name) values (378, 'Kronach');
REPLACE INTO city(region_id, name) values (378, 'Krumbach');
REPLACE INTO city(region_id, name) values (378, 'Kulmbach');
REPLACE INTO city(region_id, name) values (378, 'Kps');
REPLACE INTO city(region_id, name) values (378, 'Lalling');
REPLACE INTO city(region_id, name) values (378, 'Landau an der Isar');
REPLACE INTO city(region_id, name) values (378, 'Landsberg am Lech');
REPLACE INTO city(region_id, name) values (378, 'Landshut');
REPLACE INTO city(region_id, name) values (378, 'Langquaid');
REPLACE INTO city(region_id, name) values (378, 'Lauf an der Pegnitz');
REPLACE INTO city(region_id, name) values (378, 'Lauingen (Donau)');
REPLACE INTO city(region_id, name) values (378, 'Lehrberg');
REPLACE INTO city(region_id, name) values (378, 'Leipheim');
REPLACE INTO city(region_id, name) values (378, 'Lichtenfels');
REPLACE INTO city(region_id, name) values (378, 'Lindau (Bodensee)');
REPLACE INTO city(region_id, name) values (378, 'Lindenberg im Allgu');
REPLACE INTO city(region_id, name) values (378, 'Mainaschaff');
REPLACE INTO city(region_id, name) values (378, 'Mainburg');
REPLACE INTO city(region_id, name) values (378, 'Mainleus');
REPLACE INTO city(region_id, name) values (378, 'Mallersdorf-Pfaffenberg');
REPLACE INTO city(region_id, name) values (378, 'Mamming');
REPLACE INTO city(region_id, name) values (378, 'Manching');
REPLACE INTO city(region_id, name) values (378, 'Marktheidenfeld');
REPLACE INTO city(region_id, name) values (378, 'Marktoberdorf');
REPLACE INTO city(region_id, name) values (378, 'Marktredwitz');
REPLACE INTO city(region_id, name) values (378, 'Massing');
REPLACE INTO city(region_id, name) values (378, 'Mellrichstadt');
REPLACE INTO city(region_id, name) values (378, 'Memmingen');
REPLACE INTO city(region_id, name) values (378, 'Memmingerberg');
REPLACE INTO city(region_id, name) values (378, 'Mering');
REPLACE INTO city(region_id, name) values (378, 'Merkendorf');
REPLACE INTO city(region_id, name) values (378, 'Metten');
REPLACE INTO city(region_id, name) values (378, 'Michelsneukirchen');
REPLACE INTO city(region_id, name) values (378, 'Miesbach');
REPLACE INTO city(region_id, name) values (378, 'Miltenberg');
REPLACE INTO city(region_id, name) values (378, 'Mindelheim');
REPLACE INTO city(region_id, name) values (378, 'Mitterteich');
REPLACE INTO city(region_id, name) values (378, 'Mmbris');
REPLACE INTO city(region_id, name) values (378, 'Moorenweis');
REPLACE INTO city(region_id, name) values (378, 'Mhldorf am Inn');
REPLACE INTO city(region_id, name) values (378, 'Mnchberg');
REPLACE INTO city(region_id, name) values (378, 'Mnchen');
REPLACE INTO city(region_id, name) values (378, 'Mnnerstadt');
REPLACE INTO city(region_id, name) values (378, 'Mnster');
REPLACE INTO city(region_id, name) values (378, 'Nabburg');
REPLACE INTO city(region_id, name) values (378, 'Naila');
REPLACE INTO city(region_id, name) values (378, 'Neu-Ulm');
REPLACE INTO city(region_id, name) values (378, 'Neubiberg');
REPLACE INTO city(region_id, name) values (378, 'Neuburg an der Donau');
REPLACE INTO city(region_id, name) values (378, 'Neuendettelsau');
REPLACE INTO city(region_id, name) values (378, 'Neumarkt in der Oberpfalz');
REPLACE INTO city(region_id, name) values (378, 'Neumarkt-Sankt Veit');
REPLACE INTO city(region_id, name) values (378, 'Neunburg vorm Wald');
REPLACE INTO city(region_id, name) values (378, 'Neutting');
REPLACE INTO city(region_id, name) values (378, 'Neuried');
REPLACE INTO city(region_id, name) values (378, 'Neus');
REPLACE INTO city(region_id, name) values (378, 'Neustadt an der Aisch');
REPLACE INTO city(region_id, name) values (378, 'Neustadt an der Donau');
REPLACE INTO city(region_id, name) values (378, 'Neustadt an der Waldnaab');
REPLACE INTO city(region_id, name) values (378, 'Neustadt bei Coburg');
REPLACE INTO city(region_id, name) values (378, 'Neutraubling');
REPLACE INTO city(region_id, name) values (378, 'Niederwerrn');
REPLACE INTO city(region_id, name) values (378, 'Nittenau');
REPLACE INTO city(region_id, name) values (378, 'Nittendorf');
REPLACE INTO city(region_id, name) values (378, 'Nrdlingen');
REPLACE INTO city(region_id, name) values (378, 'Ndlingen');
REPLACE INTO city(region_id, name) values (378, 'Nrnberg');
REPLACE INTO city(region_id, name) values (378, 'Nudorf am Inn');
REPLACE INTO city(region_id, name) values (378, 'Oberaudorf');
REPLACE INTO city(region_id, name) values (378, 'Oberhaid');
REPLACE INTO city(region_id, name) values (378, 'Obernbreit');
REPLACE INTO city(region_id, name) values (378, 'Oberndorf am Lech');
REPLACE INTO city(region_id, name) values (378, 'Obernzenn');
REPLACE INTO city(region_id, name) values (378, 'Oberschleiheim');
REPLACE INTO city(region_id, name) values (378, 'Oberstaufen');
REPLACE INTO city(region_id, name) values (378, 'Oberviechtach');
REPLACE INTO city(region_id, name) values (378, 'Ochsenfurt');
REPLACE INTO city(region_id, name) values (378, 'Oerlenbach');
REPLACE INTO city(region_id, name) values (378, 'Oettingen in Bayern');
REPLACE INTO city(region_id, name) values (378, 'Ottobeuren');
REPLACE INTO city(region_id, name) values (378, 'Ottobrunn');
REPLACE INTO city(region_id, name) values (378, 'Passau');
REPLACE INTO city(region_id, name) values (378, 'Pegnitz');
REPLACE INTO city(region_id, name) values (378, 'Peiting');
REPLACE INTO city(region_id, name) values (378, 'Pentling');
REPLACE INTO city(region_id, name) values (378, 'Penzberg');
REPLACE INTO city(region_id, name) values (378, 'Pfaffenhofen an der Ilm');
REPLACE INTO city(region_id, name) values (378, 'Pfarrkirchen');
REPLACE INTO city(region_id, name) values (378, 'Pilsach');
REPLACE INTO city(region_id, name) values (378, 'Plattling');
REPLACE INTO city(region_id, name) values (378, 'Pocking');
REPLACE INTO city(region_id, name) values (378, 'Prien am Chiemsee');
REPLACE INTO city(region_id, name) values (378, 'Randersacker');
REPLACE INTO city(region_id, name) values (378, 'Rednitzhembach');
REPLACE INTO city(region_id, name) values (378, 'Regen');
REPLACE INTO city(region_id, name) values (378, 'Regensburg');
REPLACE INTO city(region_id, name) values (378, 'Regenstauf');
REPLACE INTO city(region_id, name) values (378, 'Reisbach');
REPLACE INTO city(region_id, name) values (378, 'Riedenburg');
REPLACE INTO city(region_id, name) values (378, 'Roding');
REPLACE INTO city(region_id, name) values (378, 'Rosenheim');
REPLACE INTO city(region_id, name) values (378, 'Robach');
REPLACE INTO city(region_id, name) values (378, 'Roth');
REPLACE INTO city(region_id, name) values (378, 'Rothenburg ob der Tauber');
REPLACE INTO city(region_id, name) values (378, 'Ruhstorf an der Rott');
REPLACE INTO city(region_id, name) values (378, 'Scheinfeld');
REPLACE INTO city(region_id, name) values (378, 'Schlsselfeld');
REPLACE INTO city(region_id, name) values (378, 'Schmidmhlen');
REPLACE INTO city(region_id, name) values (378, 'Schnberg (94513)');
REPLACE INTO city(region_id, name) values (378, 'Schongau');
REPLACE INTO city(region_id, name) values (378, 'Schnsee');
REPLACE INTO city(region_id, name) values (378, 'Schrobenhausen');
REPLACE INTO city(region_id, name) values (378, 'Schwabach');
REPLACE INTO city(region_id, name) values (378, 'Schwabmnchen');
REPLACE INTO city(region_id, name) values (378, 'Schwandorf');
REPLACE INTO city(region_id, name) values (378, 'Schwanstetten');
REPLACE INTO city(region_id, name) values (378, 'Schwarzach');
REPLACE INTO city(region_id, name) values (378, 'Schwarzenfeld');
REPLACE INTO city(region_id, name) values (378, 'Schwebheim');
REPLACE INTO city(region_id, name) values (378, 'Schweinfurt');
REPLACE INTO city(region_id, name) values (378, 'Selb');
REPLACE INTO city(region_id, name) values (378, 'Senden');
REPLACE INTO city(region_id, name) values (378, 'Sennfeld');
REPLACE INTO city(region_id, name) values (378, 'Simbach am Inn');
REPLACE INTO city(region_id, name) values (378, 'Sommerhausen');
REPLACE INTO city(region_id, name) values (378, 'Sonthofen');
REPLACE INTO city(region_id, name) values (378, 'Stammham (84533)');
REPLACE INTO city(region_id, name) values (378, 'Starnberg');
REPLACE INTO city(region_id, name) values (378, 'Stein bei Nrnberg');
REPLACE INTO city(region_id, name) values (378, 'Straubing');
REPLACE INTO city(region_id, name) values (378, 'Sulzbach am Main');
REPLACE INTO city(region_id, name) values (378, 'Sulzbach-Rosenberg');
REPLACE INTO city(region_id, name) values (378, 'Tacherting');
REPLACE INTO city(region_id, name) values (378, 'Teisnach');
REPLACE INTO city(region_id, name) values (378, 'Thannhausen');
REPLACE INTO city(region_id, name) values (378, 'Thanstein');
REPLACE INTO city(region_id, name) values (378, 'Tirschenreuth');
REPLACE INTO city(region_id, name) values (378, 'Tittmoning');
REPLACE INTO city(region_id, name) values (378, 'Tging am Inn');
REPLACE INTO city(region_id, name) values (378, 'Traunreut');
REPLACE INTO city(region_id, name) values (378, 'Traunstein');
REPLACE INTO city(region_id, name) values (378, 'Treuchtlingen');
REPLACE INTO city(region_id, name) values (378, 'Trostberg');
REPLACE INTO city(region_id, name) values (378, 'Trkheim');
REPLACE INTO city(region_id, name) values (378, 'Tussenhausen');
REPLACE INTO city(region_id, name) values (378, 'Uffenheim');
REPLACE INTO city(region_id, name) values (378, 'Unterhaching');
REPLACE INTO city(region_id, name) values (378, 'Untersteinach');
REPLACE INTO city(region_id, name) values (378, 'Viechtach');
REPLACE INTO city(region_id, name) values (378, 'Vilseck');
REPLACE INTO city(region_id, name) values (378, 'Vilshofen');
REPLACE INTO city(region_id, name) values (378, 'Vohenstrau');
REPLACE INTO city(region_id, name) values (378, 'Vhringen');
REPLACE INTO city(region_id, name) values (378, 'Waldkraiburg');
REPLACE INTO city(region_id, name) values (378, 'Wallersdorf');
REPLACE INTO city(region_id, name) values (378, 'Wasserburg am Inn');
REPLACE INTO city(region_id, name) values (378, 'Wassertrdingen');
REPLACE INTO city(region_id, name) values (378, 'Weiden');
REPLACE INTO city(region_id, name) values (378, 'Weilheim in Oberbayern');
REPLACE INTO city(region_id, name) values (378, 'Weienburg in Bayern');
REPLACE INTO city(region_id, name) values (378, 'Weienhorn');
REPLACE INTO city(region_id, name) values (378, 'Weiensberg');
REPLACE INTO city(region_id, name) values (378, 'Welden');
REPLACE INTO city(region_id, name) values (378, 'Wemding');
REPLACE INTO city(region_id, name) values (378, 'Wernberg-Kblitz');
REPLACE INTO city(region_id, name) values (378, 'Wertach');
REPLACE INTO city(region_id, name) values (378, 'Wiggensbach');
REPLACE INTO city(region_id, name) values (378, 'Wildflecken');
REPLACE INTO city(region_id, name) values (378, 'Windsbach');
REPLACE INTO city(region_id, name) values (378, 'Winhring');
REPLACE INTO city(region_id, name) values (378, 'Wittibreut');
REPLACE INTO city(region_id, name) values (378, 'Wolnzach');
REPLACE INTO city(region_id, name) values (378, 'Wrth an der Donau');
REPLACE INTO city(region_id, name) values (378, 'Wunsiedel');
REPLACE INTO city(region_id, name) values (378, 'Wrzburg');
REPLACE INTO city(region_id, name) values (378, 'Zeil am Main');
REPLACE INTO city(region_id, name) values (378, 'Zell am Main');
REPLACE INTO city(region_id, name) values (378, 'Zellingen');
REPLACE INTO city(region_id, name) values (378, 'Zirndorf');
REPLACE INTO city(region_id, name) values (378, 'Zwiesel');
REPLACE INTO city(region_id, name) values (393, 'Сент-Питер-Порт');
REPLACE INTO region(id, country_id, name) values (394, 54, 'Gibraltar');
REPLACE INTO city(region_id, name) values (54, 'Алапаевск');
REPLACE INTO city(region_id, name) values (54, 'Алтынай');
REPLACE INTO city(region_id, name) values (54, 'Арамиль');
REPLACE INTO city(region_id, name) values (54, 'Артемовский (Свердловская обл.)');
REPLACE INTO city(region_id, name) values (54, 'Арти');
REPLACE INTO city(region_id, name) values (54, 'Асбест');
REPLACE INTO city(region_id, name) values (54, 'Ачит');
REPLACE INTO city(region_id, name) values (54, 'Байкалово');
REPLACE INTO city(region_id, name) values (54, 'Басьяновский');
REPLACE INTO city(region_id, name) values (54, 'Белоярский (Свердловская обл.)');
REPLACE INTO city(region_id, name) values (54, 'Березовский (Свердловская обл.)');
REPLACE INTO city(region_id, name) values (54, 'Бисерть');
REPLACE INTO city(region_id, name) values (54, 'Богданович');
REPLACE INTO city(region_id, name) values (54, 'Буланаш');
REPLACE INTO city(region_id, name) values (54, 'Верхний Тагил');
REPLACE INTO city(region_id, name) values (54, 'Верхняя Пышма');
REPLACE INTO city(region_id, name) values (54, 'Верхняя Салда');
REPLACE INTO city(region_id, name) values (54, 'Верхняя Синячиха');
REPLACE INTO city(region_id, name) values (54, 'Верхняя Сысерть');
REPLACE INTO city(region_id, name) values (54, 'Верхняя Тура');
REPLACE INTO city(region_id, name) values (54, 'Верхотурье');
REPLACE INTO city(region_id, name) values (54, 'Висим');
REPLACE INTO city(region_id, name) values (54, 'Волчанск');
REPLACE INTO city(region_id, name) values (54, 'Гари');
REPLACE INTO city(region_id, name) values (54, 'Дегтярск');
REPLACE INTO city(region_id, name) values (54, 'Екатеринбург');
REPLACE INTO city(region_id, name) values (54, 'Ертарский');
REPLACE INTO city(region_id, name) values (54, 'Заводоуспенское');
REPLACE INTO city(region_id, name) values (54, 'Заречный');
REPLACE INTO city(region_id, name) values (54, 'Ивдель');
REPLACE INTO city(region_id, name) values (54, 'Изумруд');
REPLACE INTO city(region_id, name) values (54, 'Ирбит');
REPLACE INTO city(region_id, name) values (54, 'Ис');
REPLACE INTO city(region_id, name) values (54, 'Каменск-Уральский');
REPLACE INTO city(region_id, name) values (54, 'Камышлов');
REPLACE INTO city(region_id, name) values (54, 'Карпинск');
REPLACE INTO city(region_id, name) values (54, 'Качканар');
REPLACE INTO city(region_id, name) values (54, 'Кировград');
REPLACE INTO city(region_id, name) values (54, 'Краснотурьинск');
REPLACE INTO city(region_id, name) values (54, 'Красноуральск');
REPLACE INTO city(region_id, name) values (54, 'Красноуфимск');
REPLACE INTO city(region_id, name) values (54, 'Кушва');
REPLACE INTO city(region_id, name) values (54, 'Лесной');
REPLACE INTO city(region_id, name) values (54, 'Михайловск');
REPLACE INTO city(region_id, name) values (54, 'Невьянск');
REPLACE INTO city(region_id, name) values (54, 'Нижние Серги');
REPLACE INTO city(region_id, name) values (54, 'Нижний Тагил');
REPLACE INTO city(region_id, name) values (54, 'Нижняя Салда');
REPLACE INTO city(region_id, name) values (54, 'Нижняя Тура');
REPLACE INTO city(region_id, name) values (54, 'Новая Ляля');
REPLACE INTO city(region_id, name) values (54, 'Новоуральск');
REPLACE INTO city(region_id, name) values (54, 'Новоуральск (Свердловская обл.)');
REPLACE INTO city(region_id, name) values (54, 'Оус');
REPLACE INTO city(region_id, name) values (54, 'Первоуральск');
REPLACE INTO city(region_id, name) values (54, 'Полевской');
REPLACE INTO city(region_id, name) values (54, 'Пышма');
REPLACE INTO city(region_id, name) values (54, 'Ревда (Свердловская обл.)');
REPLACE INTO city(region_id, name) values (54, 'Реж');
REPLACE INTO city(region_id, name) values (54, 'Рефтинск');
REPLACE INTO city(region_id, name) values (54, 'Свердловск');
REPLACE INTO city(region_id, name) values (54, 'Североуральск');
REPLACE INTO city(region_id, name) values (54, 'Серов');
REPLACE INTO city(region_id, name) values (54, 'Сосьва');
REPLACE INTO city(region_id, name) values (54, 'Среднеуральск');
REPLACE INTO city(region_id, name) values (54, 'Сухой Лог');
REPLACE INTO city(region_id, name) values (54, 'Сысерть');
REPLACE INTO city(region_id, name) values (54, 'Таборы');
REPLACE INTO city(region_id, name) values (54, 'Тавда');
REPLACE INTO city(region_id, name) values (54, 'Талица');
REPLACE INTO city(region_id, name) values (54, 'Тугулым');
REPLACE INTO city(region_id, name) values (54, 'Туринск');
REPLACE INTO city(region_id, name) values (54, 'Туринская Слобода');
REPLACE INTO city(region_id, name) values (241, 'Jambol');
REPLACE INTO city(region_id, name) values (241, 'Yambol');
REPLACE INTO city(region_id, name) values (298, 'Barry');
REPLACE INTO city(region_id, name) values (298, 'Blackwood');
REPLACE INTO city(region_id, name) values (298, 'Bridgend');
REPLACE INTO city(region_id, name) values (298, 'Cardiff');
REPLACE INTO city(region_id, name) values (298, 'Carmarthen');
REPLACE INTO city(region_id, name) values (298, 'Lampeter');
REPLACE INTO city(region_id, name) values (298, 'Llanelli');
REPLACE INTO city(region_id, name) values (298, 'Newport');
REPLACE INTO city(region_id, name) values (298, 'Port Talbot');
REPLACE INTO city(region_id, name) values (298, 'Swansea');
REPLACE INTO city(region_id, name) values (314, 'Alsodabasi Szolok');
REPLACE INTO city(region_id, name) values (314, 'Bag');
REPLACE INTO city(region_id, name) values (314, 'Budakeszi');
REPLACE INTO city(region_id, name) values (314, 'Budars');
REPLACE INTO city(region_id, name) values (314, 'Cegld');
REPLACE INTO city(region_id, name) values (314, 'rd');
REPLACE INTO city(region_id, name) values (314, 'Monor');
REPLACE INTO city(region_id, name) values (314, 'Nagykta');
REPLACE INTO city(region_id, name) values (314, 'Nagykoros');
REPLACE INTO city(region_id, name) values (314, 'Pilisszentkereszt');
REPLACE INTO city(region_id, name) values (314, 'Selekta');
REPLACE INTO city(region_id, name) values (314, 'Vc');
REPLACE INTO city(region_id, name) values (336, 'Boca de Taguay');
REPLACE INTO city(region_id, name) values (336, 'Cabeza de Tigre');
REPLACE INTO city(region_id, name) values (336, 'Ca');
REPLACE INTO city(region_id, name) values (336, 'Los Teques');
REPLACE INTO city(region_id, name) values (336, 'Petare');
REPLACE INTO city(region_id, name) values (369, 'Brigada');
REPLACE INTO city(region_id, name) values (369, 'Ciudad de Guatemala');
REPLACE INTO city(region_id, name) values (369, 'Guatemala');
REPLACE INTO city(region_id, name) values (369, 'Guatemala City');
REPLACE INTO city(region_id, name) values (369, 'Petapa');
REPLACE INTO city(region_id, name) values (369, 'San Juan Sacatepquez');
REPLACE INTO city(region_id, name) values (369, 'San Miguel Petapa');
REPLACE INTO city(region_id, name) values (379, 'Berlin');
REPLACE INTO city(region_id, name) values (394, 'Caleta');
REPLACE INTO city(region_id, name) values (394, 'Catalan');
REPLACE INTO city(region_id, name) values (394, 'Catalan Bay');
REPLACE INTO city(region_id, name) values (394, 'Gibraltar');
REPLACE INTO city(region_id, name) values (394, 'Rosia');
REPLACE INTO city(region_id, name) values (394, 'Waterport');
REPLACE INTO region(id, country_id, name) values (395, 55, 'Тегусигальпа');
REPLACE INTO city(region_id, name) values (55, 'Алагир');
REPLACE INTO city(region_id, name) values (55, 'Ардон');
REPLACE INTO city(region_id, name) values (55, 'Беслан');
REPLACE INTO city(region_id, name) values (55, 'Бурон');
REPLACE INTO city(region_id, name) values (55, 'Владикавказ');
REPLACE INTO city(region_id, name) values (55, 'Дигора');
REPLACE INTO city(region_id, name) values (55, 'Моздок');
REPLACE INTO city(region_id, name) values (55, 'Орджоникидзе');
REPLACE INTO city(region_id, name) values (55, 'Чикола');
REPLACE INTO city(region_id, name) values (315, 'llskt');
REPLACE INTO city(region_id, name) values (315, 'Kaposvr');
REPLACE INTO city(region_id, name) values (315, 'Sifok');
REPLACE INTO city(region_id, name) values (315, 'Tab');
REPLACE INTO city(region_id, name) values (337, 'Amana');
REPLACE INTO city(region_id, name) values (337, 'Maturn');
REPLACE INTO city(region_id, name) values (337, 'Puente Punceres');
REPLACE INTO city(region_id, name) values (370, 'Amate Blanco');
REPLACE INTO city(region_id, name) values (380, 'Ahrensfelde');
REPLACE INTO city(region_id, name) values (380, 'Alt Tucheband');
REPLACE INTO city(region_id, name) values (380, 'Alt Zauche');
REPLACE INTO city(region_id, name) values (380, 'Altenhof');
REPLACE INTO city(region_id, name) values (380, 'Altglietzen');
REPLACE INTO city(region_id, name) values (380, 'Altlandsberg');
REPLACE INTO city(region_id, name) values (380, 'Arenzhain');
REPLACE INTO city(region_id, name) values (380, 'Babben');
REPLACE INTO city(region_id, name) values (380, 'Bad Freienwalde');
REPLACE INTO city(region_id, name) values (380, 'Bad Liebenwerda');
REPLACE INTO city(region_id, name) values (380, 'Bad Saarow');
REPLACE INTO city(region_id, name) values (380, 'Bad Wilsnack');
REPLACE INTO city(region_id, name) values (380, 'Brenklau');
REPLACE INTO city(region_id, name) values (380, 'Basdorf');
REPLACE INTO city(region_id, name) values (380, 'Beelitz');
REPLACE INTO city(region_id, name) values (380, 'Beiersdorf-Freudenberg');
REPLACE INTO city(region_id, name) values (380, 'Belzig');
REPLACE INTO city(region_id, name) values (380, 'Bernau');
REPLACE INTO city(region_id, name) values (380, 'Bliesdorf');
REPLACE INTO city(region_id, name) values (380, 'Brandenburg an der Havel');
REPLACE INTO city(region_id, name) values (380, 'Cottbus');
REPLACE INTO city(region_id, name) values (380, 'Doberlug-Kirchhain');
REPLACE INTO city(region_id, name) values (380, 'Drewitz');
REPLACE INTO city(region_id, name) values (380, 'Eberswalde');
REPLACE INTO city(region_id, name) values (380, 'Eisenhttenstadt');
REPLACE INTO city(region_id, name) values (380, 'Elsterwerda');
REPLACE INTO city(region_id, name) values (380, 'Fahrland');
REPLACE INTO city(region_id, name) values (380, 'Falkensee');
REPLACE INTO city(region_id, name) values (380, 'Finsterwalde');
REPLACE INTO city(region_id, name) values (380, 'Forst (Lausitz)');
REPLACE INTO city(region_id, name) values (380, 'Frankfurt (Oder)');
REPLACE INTO city(region_id, name) values (380, 'Frstenwalde/Spree');
REPLACE INTO city(region_id, name) values (380, 'Gartz (Oder)');
REPLACE INTO city(region_id, name) values (380, 'Grobeeren');
REPLACE INTO city(region_id, name) values (380, 'Grorschen');
REPLACE INTO city(region_id, name) values (380, 'Guben');
REPLACE INTO city(region_id, name) values (380, 'Guhrow');
REPLACE INTO city(region_id, name) values (380, 'Helle');
REPLACE INTO city(region_id, name) values (380, 'Hermsdorf');
REPLACE INTO city(region_id, name) values (380, 'Herzberg (Elster)');
REPLACE INTO city(region_id, name) values (380, 'Hohen Neuendorf');
REPLACE INTO city(region_id, name) values (380, 'Jterbog');
REPLACE INTO city(region_id, name) values (380, 'Kasel-Golzig');
REPLACE INTO city(region_id, name) values (380, 'Kehrberg');
REPLACE INTO city(region_id, name) values (380, 'Kloster Lehnin');
REPLACE INTO city(region_id, name) values (380, 'Knigs Wusterhausen');
REPLACE INTO city(region_id, name) values (380, 'Kyritz');
REPLACE INTO city(region_id, name) values (380, 'Kyritz');
REPLACE INTO city(region_id, name) values (380, 'Lauchhammer');
REPLACE INTO city(region_id, name) values (380, 'Lbben (Spreewald)');
REPLACE INTO city(region_id, name) values (380, 'Lbbenau/Spreewald');
REPLACE INTO city(region_id, name) values (380, 'Luckau');
REPLACE INTO city(region_id, name) values (380, 'Luckenwalde');
REPLACE INTO city(region_id, name) values (380, 'Neuhardenberg');
REPLACE INTO city(region_id, name) values (380, 'Neuruppin');
REPLACE INTO city(region_id, name) values (380, 'Oranienburg');
REPLACE INTO city(region_id, name) values (380, 'Ponnsdorf');
REPLACE INTO city(region_id, name) values (380, 'Potsdam');
REPLACE INTO city(region_id, name) values (380, 'Prenzlau');
REPLACE INTO city(region_id, name) values (380, 'Rathenow');
REPLACE INTO city(region_id, name) values (380, 'Schlieben');
REPLACE INTO city(region_id, name) values (380, 'Schneiche');
REPLACE INTO city(region_id, name) values (380, 'Schwarzheide');
REPLACE INTO city(region_id, name) values (380, 'Schwedt/Oder');
REPLACE INTO city(region_id, name) values (380, 'Seelow');
REPLACE INTO city(region_id, name) values (380, 'Senftenberg');
REPLACE INTO city(region_id, name) values (380, 'Sonnenberg');
REPLACE INTO city(region_id, name) values (380, 'Spremberg');
REPLACE INTO city(region_id, name) values (380, 'Strausberg');
REPLACE INTO city(region_id, name) values (380, 'Teltow');
REPLACE INTO city(region_id, name) values (380, 'Templin');
REPLACE INTO city(region_id, name) values (380, 'Wittenberge');
REPLACE INTO city(region_id, name) values (380, 'Wittstock/Dosse');
REPLACE INTO city(region_id, name) values (380, 'Wusterhausen (Dosse)');
REPLACE INTO city(region_id, name) values (380, 'Zehdenick');
REPLACE INTO city(region_id, name) values (380, 'Zossen');
REPLACE INTO city(region_id, name) values (395, 'Тегусигальпа');
REPLACE INTO region(id, country_id, name) values (396, 56, 'Гонконг');
REPLACE INTO city(region_id, name) values (56, 'Велиж');
REPLACE INTO city(region_id, name) values (56, 'Верхнеднепровский');
REPLACE INTO city(region_id, name) values (56, 'Ворга');
REPLACE INTO city(region_id, name) values (56, 'Вязьма');
REPLACE INTO city(region_id, name) values (56, 'Гагарин');
REPLACE INTO city(region_id, name) values (56, 'Глинка');
REPLACE INTO city(region_id, name) values (56, 'Голынки');
REPLACE INTO city(region_id, name) values (56, 'Демидов');
REPLACE INTO city(region_id, name) values (56, 'Десногорск');
REPLACE INTO city(region_id, name) values (56, 'Дорогобуж');
REPLACE INTO city(region_id, name) values (56, 'Духовщина');
REPLACE INTO city(region_id, name) values (56, 'Ельня');
REPLACE INTO city(region_id, name) values (56, 'Ершичи');
REPLACE INTO city(region_id, name) values (56, 'Издешково');
REPLACE INTO city(region_id, name) values (56, 'Кардымово');
REPLACE INTO city(region_id, name) values (56, 'Красный');
REPLACE INTO city(region_id, name) values (56, 'Монастырщина');
REPLACE INTO city(region_id, name) values (56, 'Новодугино');
REPLACE INTO city(region_id, name) values (56, 'Починок');
REPLACE INTO city(region_id, name) values (56, 'Рославль');
REPLACE INTO city(region_id, name) values (56, 'Рудня');
REPLACE INTO city(region_id, name) values (56, 'Сафоново');
REPLACE INTO city(region_id, name) values (56, 'Смоленск');
REPLACE INTO city(region_id, name) values (56, 'Сычевка');
REPLACE INTO city(region_id, name) values (56, 'Угра');
REPLACE INTO city(region_id, name) values (56, 'Хиславичи');
REPLACE INTO city(region_id, name) values (56, 'Холм-Жирковский');
REPLACE INTO city(region_id, name) values (56, 'Шумячи');
REPLACE INTO city(region_id, name) values (56, 'Ярцево');
REPLACE INTO city(region_id, name) values (316, 'Kisvrda');
REPLACE INTO city(region_id, name) values (316, 'Mtszalka');
REPLACE INTO city(region_id, name) values (316, 'Nyregyhza');
REPLACE INTO city(region_id, name) values (338, 'La Brea');
REPLACE INTO city(region_id, name) values (371, 'Can');
REPLACE INTO city(region_id, name) values (381, 'Bremen');
REPLACE INTO city(region_id, name) values (381, 'Bremerhaven');
REPLACE INTO city(region_id, name) values (396, 'Гонконг');
REPLACE INTO region(id, country_id, name) values (397, 57, 'Сент-Джорджес');
REPLACE INTO city(region_id, name) values (57, 'Александровское (Ставрополь.)');
REPLACE INTO city(region_id, name) values (57, 'Арзгир');
REPLACE INTO city(region_id, name) values (57, 'Благодарный');
REPLACE INTO city(region_id, name) values (57, 'Буденновск');
REPLACE INTO city(region_id, name) values (57, 'Георгиевск');
REPLACE INTO city(region_id, name) values (57, 'Дивное (Ставропольский край)');
REPLACE INTO city(region_id, name) values (57, 'Домбай');
REPLACE INTO city(region_id, name) values (57, 'Донское');
REPLACE INTO city(region_id, name) values (57, 'Ессентуки');
REPLACE INTO city(region_id, name) values (57, 'Железноводск(Ставропольский)');
REPLACE INTO city(region_id, name) values (57, 'Зеленокумск');
REPLACE INTO city(region_id, name) values (57, 'Изобильный');
REPLACE INTO city(region_id, name) values (57, 'Иноземцево');
REPLACE INTO city(region_id, name) values (57, 'Ипатово');
REPLACE INTO city(region_id, name) values (57, 'Карачаевск');
REPLACE INTO city(region_id, name) values (57, 'Кисловодск');
REPLACE INTO city(region_id, name) values (57, 'Кочубеевское');
REPLACE INTO city(region_id, name) values (57, 'Красногвардейское (Ставрополь.)');
REPLACE INTO city(region_id, name) values (57, 'Курсавка');
REPLACE INTO city(region_id, name) values (57, 'Левокумское');
REPLACE INTO city(region_id, name) values (57, 'Лермонтов');
REPLACE INTO city(region_id, name) values (57, 'Минеральные Воды');
REPLACE INTO city(region_id, name) values (57, 'Михайловск');
REPLACE INTO city(region_id, name) values (57, 'Невинномысск');
REPLACE INTO city(region_id, name) values (57, 'Нефтекумск');
REPLACE INTO city(region_id, name) values (57, 'Новоалександровск');
REPLACE INTO city(region_id, name) values (57, 'Новоалександровская');
REPLACE INTO city(region_id, name) values (57, 'Новопавловск');
REPLACE INTO city(region_id, name) values (57, 'Новоселицкое');
REPLACE INTO city(region_id, name) values (57, 'Преградная');
REPLACE INTO city(region_id, name) values (57, 'Пятигорск');
REPLACE INTO city(region_id, name) values (57, 'Светлоград');
REPLACE INTO city(region_id, name) values (57, 'Солнечнодольск');
REPLACE INTO city(region_id, name) values (57, 'Ставрополь');
REPLACE INTO city(region_id, name) values (57, 'Степное (Ставропольский край)');
REPLACE INTO city(region_id, name) values (57, 'Теберда');
REPLACE INTO city(region_id, name) values (57, 'Усть-Джегута');
REPLACE INTO city(region_id, name) values (57, 'Хабез');
REPLACE INTO city(region_id, name) values (57, 'Черкесск');
REPLACE INTO city(region_id, name) values (317, 'Kiskundorozsma');
REPLACE INTO city(region_id, name) values (317, 'Szeged');
REPLACE INTO city(region_id, name) values (339, 'Agua de Vaca');
REPLACE INTO city(region_id, name) values (339, 'Bella Vista');
REPLACE INTO city(region_id, name) values (339, 'El Agua');
REPLACE INTO city(region_id, name) values (339, 'El Pilar');
REPLACE INTO city(region_id, name) values (339, 'El Valle');
REPLACE INTO city(region_id, name) values (339, 'Porlamar');
REPLACE INTO city(region_id, name) values (372, 'Quetzaltenango');
REPLACE INTO city(region_id, name) values (382, 'Hamburg');
REPLACE INTO city(region_id, name) values (397, 'Сент-Джорджес');
REPLACE INTO region(id, country_id, name) values (398, 58, 'Гренландия');
REPLACE INTO city(region_id, name) values (58, 'Бондари');
REPLACE INTO city(region_id, name) values (58, 'Гавриловка Вторая');
REPLACE INTO city(region_id, name) values (58, 'Жердевка');
REPLACE INTO city(region_id, name) values (58, 'Знаменка');
REPLACE INTO city(region_id, name) values (58, 'Инжавино');
REPLACE INTO city(region_id, name) values (58, 'Кирсанов');
REPLACE INTO city(region_id, name) values (58, 'Котовск');
REPLACE INTO city(region_id, name) values (58, 'Мичуринск');
REPLACE INTO city(region_id, name) values (58, 'Мордово');
REPLACE INTO city(region_id, name) values (58, 'Моршанск');
REPLACE INTO city(region_id, name) values (58, 'Мучкапский');
REPLACE INTO city(region_id, name) values (58, 'Первомайский (Тамбовская обл.)');
REPLACE INTO city(region_id, name) values (58, 'Петровское');
REPLACE INTO city(region_id, name) values (58, 'Пичаево');
REPLACE INTO city(region_id, name) values (58, 'Рассказово');
REPLACE INTO city(region_id, name) values (58, 'Ржакса');
REPLACE INTO city(region_id, name) values (58, 'Сосновка');
REPLACE INTO city(region_id, name) values (58, 'Староюрьево');
REPLACE INTO city(region_id, name) values (58, 'Тамбов');
REPLACE INTO city(region_id, name) values (58, 'Токаревка');
REPLACE INTO city(region_id, name) values (58, 'Уварово');
REPLACE INTO city(region_id, name) values (58, 'Умет');
REPLACE INTO city(region_id, name) values (318, 'Alshdvg');
REPLACE INTO city(region_id, name) values (318, 'Bonyhd');
REPLACE INTO city(region_id, name) values (318, 'Dombvr');
REPLACE INTO city(region_id, name) values (318, 'Szekszrd');
REPLACE INTO city(region_id, name) values (340, 'Acarigua');
REPLACE INTO city(region_id, name) values (373, 'Cinaga');
REPLACE INTO city(region_id, name) values (373, 'San Cristbal');
REPLACE INTO city(region_id, name) values (373, 'Totonicapn');
REPLACE INTO city(region_id, name) values (383, 'Ahnatal');
REPLACE INTO city(region_id, name) values (383, 'Alheim');
REPLACE INTO city(region_id, name) values (383, 'Allendorf (Eder)');
REPLACE INTO city(region_id, name) values (383, 'Allendorf (Lumda)');
REPLACE INTO city(region_id, name) values (383, 'Alsbach-Hhnlein');
REPLACE INTO city(region_id, name) values (383, 'Alsfeld');
REPLACE INTO city(region_id, name) values (383, 'Altenstadt');
REPLACE INTO city(region_id, name) values (383, 'Angelburg');
REPLACE INTO city(region_id, name) values (383, 'Antrifttal');
REPLACE INTO city(region_id, name) values (383, 'Alar');
REPLACE INTO city(region_id, name) values (383, 'Babenhausen');
REPLACE INTO city(region_id, name) values (383, 'Bad Arolsen');
REPLACE INTO city(region_id, name) values (383, 'Bad Camberg');
REPLACE INTO city(region_id, name) values (383, 'Bad Emstal');
REPLACE INTO city(region_id, name) values (383, 'Bad Endbach');
REPLACE INTO city(region_id, name) values (383, 'Bad Hersfeld');
REPLACE INTO city(region_id, name) values (383, 'Bad Homburg vor der Hhe');
REPLACE INTO city(region_id, name) values (383, 'Bad Knig');
REPLACE INTO city(region_id, name) values (383, 'Bad Nauheim');
REPLACE INTO city(region_id, name) values (383, 'Bad Orb');
REPLACE INTO city(region_id, name) values (383, 'Bad Schwalbach');
REPLACE INTO city(region_id, name) values (383, 'Bad Soden am Taunus');
REPLACE INTO city(region_id, name) values (383, 'Bad Soden-Salmnster');
REPLACE INTO city(region_id, name) values (383, 'Bad Sooden-Allendorf');
REPLACE INTO city(region_id, name) values (383, 'Bad Vilbel');
REPLACE INTO city(region_id, name) values (383, 'Bad Wildungen');
REPLACE INTO city(region_id, name) values (383, 'Bad Zwesten');
REPLACE INTO city(region_id, name) values (383, 'Battenberg (Eder)');
REPLACE INTO city(region_id, name) values (383, 'Baunatal');
REPLACE INTO city(region_id, name) values (383, 'Bebra');
REPLACE INTO city(region_id, name) values (383, 'Bensheim');
REPLACE INTO city(region_id, name) values (383, 'Berkatal');
REPLACE INTO city(region_id, name) values (383, 'Beselich');
REPLACE INTO city(region_id, name) values (383, 'Biblis');
REPLACE INTO city(region_id, name) values (383, 'Biebergemnd');
REPLACE INTO city(region_id, name) values (383, 'Biebesheim am Rhein');
REPLACE INTO city(region_id, name) values (383, 'Biedenkopf');
REPLACE INTO city(region_id, name) values (383, 'Birkenau');
REPLACE INTO city(region_id, name) values (383, 'Birstein');
REPLACE INTO city(region_id, name) values (383, 'Bischofsheim');
REPLACE INTO city(region_id, name) values (383, 'Borken');
REPLACE INTO city(region_id, name) values (383, 'Brachttal');
REPLACE INTO city(region_id, name) values (383, 'Braunfels');
REPLACE INTO city(region_id, name) values (383, 'Breidenbach');
REPLACE INTO city(region_id, name) values (383, 'Bruchkbel');
REPLACE INTO city(region_id, name) values (383, 'Bdingen');
REPLACE INTO city(region_id, name) values (383, 'Brstadt');
REPLACE INTO city(region_id, name) values (383, 'Buseck');
REPLACE INTO city(region_id, name) values (383, 'Butzbach');
REPLACE INTO city(region_id, name) values (383, 'Clbe');
REPLACE INTO city(region_id, name) values (383, 'Darmstadt');
REPLACE INTO city(region_id, name) values (383, 'Dieburg');
REPLACE INTO city(region_id, name) values (383, 'Dietzenbach');
REPLACE INTO city(region_id, name) values (383, 'Dillenburg');
REPLACE INTO city(region_id, name) values (383, 'Dipperz');
REPLACE INTO city(region_id, name) values (383, 'Dornburg');
REPLACE INTO city(region_id, name) values (383, 'Edertal');
REPLACE INTO city(region_id, name) values (383, 'Ehringshausen');
REPLACE INTO city(region_id, name) values (383, 'Elbtal');
REPLACE INTO city(region_id, name) values (383, 'Eltville am Rhein');
REPLACE INTO city(region_id, name) values (383, 'Elz');
REPLACE INTO city(region_id, name) values (383, 'Erbach');
REPLACE INTO city(region_id, name) values (383, 'Erlensee');
REPLACE INTO city(region_id, name) values (383, 'Eschborn');
REPLACE INTO city(region_id, name) values (383, 'Eschwege');
REPLACE INTO city(region_id, name) values (383, 'Felsberg');
REPLACE INTO city(region_id, name) values (383, 'Flieden');
REPLACE INTO city(region_id, name) values (383, 'Flrsheim');
REPLACE INTO city(region_id, name) values (383, 'Florstadt');
REPLACE INTO city(region_id, name) values (383, 'Frankenau');
REPLACE INTO city(region_id, name) values (383, 'Frankenberg (Eder)');
REPLACE INTO city(region_id, name) values (383, 'Frankfurt am Main');
REPLACE INTO city(region_id, name) values (383, 'Friedberg');
REPLACE INTO city(region_id, name) values (383, 'Friedrichsdorf');
REPLACE INTO city(region_id, name) values (383, 'Fritzlar');
REPLACE INTO city(region_id, name) values (383, 'Fulda');
REPLACE INTO city(region_id, name) values (383, 'Fuldabrck');
REPLACE INTO city(region_id, name) values (383, 'Fuldatal');
REPLACE INTO city(region_id, name) values (383, 'Frth');
REPLACE INTO city(region_id, name) values (383, 'Gedern');
REPLACE INTO city(region_id, name) values (383, 'Geisenheim');
REPLACE INTO city(region_id, name) values (383, 'Gelnhausen');
REPLACE INTO city(region_id, name) values (383, 'Gemnden (Wohra)');
REPLACE INTO city(region_id, name) values (383, 'Gernsheim');
REPLACE INTO city(region_id, name) values (383, 'Gersfeld');
REPLACE INTO city(region_id, name) values (383, 'Gieen');
REPLACE INTO city(region_id, name) values (383, 'Ginsheim-Gustavsburg');
REPLACE INTO city(region_id, name) values (383, 'Gladenbach');
REPLACE INTO city(region_id, name) values (383, 'Grvenwiesbach');
REPLACE INTO city(region_id, name) values (383, 'Grebenstein');
REPLACE INTO city(region_id, name) values (383, 'Greifenstein');
REPLACE INTO city(region_id, name) values (383, 'Gro-Gerau');
REPLACE INTO city(region_id, name) values (383, 'Groalmerode');
REPLACE INTO city(region_id, name) values (383, 'Grnberg');
REPLACE INTO city(region_id, name) values (383, 'Grndau');
REPLACE INTO city(region_id, name) values (383, 'Hadamar');
REPLACE INTO city(region_id, name) values (383, 'Haiger');
REPLACE INTO city(region_id, name) values (383, 'Hainburg');
REPLACE INTO city(region_id, name) values (383, 'Hanau');
REPLACE INTO city(region_id, name) values (383, 'Hattersheim');
REPLACE INTO city(region_id, name) values (383, 'Helsa');
REPLACE INTO city(region_id, name) values (383, 'Heppenheim (Bergstrae)');
REPLACE INTO city(region_id, name) values (383, 'Herborn');
REPLACE INTO city(region_id, name) values (383, 'Herbstein');
REPLACE INTO city(region_id, name) values (383, 'Heuchelheim');
REPLACE INTO city(region_id, name) values (383, 'Hilders');
REPLACE INTO city(region_id, name) values (383, 'Hochheim am Main');
REPLACE INTO city(region_id, name) values (383, 'Hofgeismar');
REPLACE INTO city(region_id, name) values (383, 'Hofheim am Taunus');
REPLACE INTO city(region_id, name) values (383, 'Homberg (Efze)');
REPLACE INTO city(region_id, name) values (383, 'Homberg (Ohm)');
REPLACE INTO city(region_id, name) values (383, 'Hnfeld');
REPLACE INTO city(region_id, name) values (383, 'Httenberg');
REPLACE INTO city(region_id, name) values (383, 'Idstein');
REPLACE INTO city(region_id, name) values (383, 'Immenhausen');
REPLACE INTO city(region_id, name) values (383, 'Kassel');
REPLACE INTO city(region_id, name) values (383, 'Kaufungen');
REPLACE INTO city(region_id, name) values (383, 'Kelkheim (Taunus)');
REPLACE INTO city(region_id, name) values (383, 'Kirchhain');
REPLACE INTO city(region_id, name) values (383, 'Kirchheim');
REPLACE INTO city(region_id, name) values (383, 'Knigstein im Taunus');
REPLACE INTO city(region_id, name) values (383, 'Korbach');
REPLACE INTO city(region_id, name) values (383, 'Krle');
REPLACE INTO city(region_id, name) values (383, 'Kriftel');
REPLACE INTO city(region_id, name) values (383, 'Kronberg im Taunus');
REPLACE INTO city(region_id, name) values (383, 'Lahnau');
REPLACE INTO city(region_id, name) values (383, 'Lampertheim');
REPLACE INTO city(region_id, name) values (383, 'Langen');
REPLACE INTO city(region_id, name) values (383, 'Langgns');
REPLACE INTO city(region_id, name) values (383, 'Lauterbach');
REPLACE INTO city(region_id, name) values (383, 'Leun');
REPLACE INTO city(region_id, name) values (383, 'Lich');
REPLACE INTO city(region_id, name) values (383, 'Limburg an der Lahn');
REPLACE INTO city(region_id, name) values (383, 'Linden');
REPLACE INTO city(region_id, name) values (383, 'Lindenfels');
REPLACE INTO city(region_id, name) values (383, 'Lollar');
REPLACE INTO city(region_id, name) values (383, 'Lorch');
REPLACE INTO city(region_id, name) values (383, 'Marburg');
REPLACE INTO city(region_id, name) values (383, 'Melsungen');
REPLACE INTO city(region_id, name) values (383, 'Michelstadt');
REPLACE INTO city(region_id, name) values (383, 'Mrfelden-Walldorf');
REPLACE INTO city(region_id, name) values (383, 'Mrlenbach');
REPLACE INTO city(region_id, name) values (383, 'Mcke');
REPLACE INTO city(region_id, name) values (383, 'Mhlheim');
REPLACE INTO city(region_id, name) values (383, 'Mnster');
REPLACE INTO city(region_id, name) values (383, 'Neu-Isenburg');
REPLACE INTO city(region_id, name) values (383, 'Neuenstein');
REPLACE INTO city(region_id, name) values (383, 'Neuhof');
REPLACE INTO city(region_id, name) values (383, 'Neukirchen');
REPLACE INTO city(region_id, name) values (383, 'Neustadt (Hessen)');
REPLACE INTO city(region_id, name) values (383, 'Nidda');
REPLACE INTO city(region_id, name) values (383, 'Ober-Ramstadt');
REPLACE INTO city(region_id, name) values (383, 'Oberaula');
REPLACE INTO city(region_id, name) values (383, 'Obertshausen');
REPLACE INTO city(region_id, name) values (383, 'Oberursel');
REPLACE INTO city(region_id, name) values (383, 'Oestrich-Winkel');
REPLACE INTO city(region_id, name) values (383, 'Offenbach');
REPLACE INTO city(region_id, name) values (383, 'Petersberg');
REPLACE INTO city(region_id, name) values (383, 'Pfungstadt');
REPLACE INTO city(region_id, name) values (383, 'Ranstadt');
REPLACE INTO city(region_id, name) values (383, 'Raunheim');
REPLACE INTO city(region_id, name) values (383, 'Rauschenberg');
REPLACE INTO city(region_id, name) values (383, 'Reiskirchen');
REPLACE INTO city(region_id, name) values (383, 'Rimbach');
REPLACE INTO city(region_id, name) values (383, 'Rdermark');
REPLACE INTO city(region_id, name) values (383, 'Rodgau');
REPLACE INTO city(region_id, name) values (383, 'Rotenburg an der Fulda');
REPLACE INTO city(region_id, name) values (383, 'Rdesheim am Rhein');
REPLACE INTO city(region_id, name) values (383, 'Rsselsheim');
REPLACE INTO city(region_id, name) values (383, 'Schlitz');
REPLACE INTO city(region_id, name) values (383, 'Schlchtern');
REPLACE INTO city(region_id, name) values (383, 'Schffengrund');
REPLACE INTO city(region_id, name) values (383, 'Schotten');
REPLACE INTO city(region_id, name) values (383, 'Schwalbach am Taunus');
REPLACE INTO city(region_id, name) values (383, 'Schwalmstadt');
REPLACE INTO city(region_id, name) values (383, 'Seligenstadt');
REPLACE INTO city(region_id, name) values (383, 'Sinn');
REPLACE INTO city(region_id, name) values (383, 'Solms');
REPLACE INTO city(region_id, name) values (383, 'Stadtallendorf');
REPLACE INTO city(region_id, name) values (383, 'Steinau an der Strae');
REPLACE INTO city(region_id, name) values (383, 'Sulzbach');
REPLACE INTO city(region_id, name) values (383, 'Tann');
REPLACE INTO city(region_id, name) values (383, 'Taunusstein');
REPLACE INTO city(region_id, name) values (383, 'Trebur');
REPLACE INTO city(region_id, name) values (383, 'Usingen');
REPLACE INTO city(region_id, name) values (383, 'Vellmar');
REPLACE INTO city(region_id, name) values (383, 'Viernheim');
REPLACE INTO city(region_id, name) values (383, 'Villmar');
REPLACE INTO city(region_id, name) values (383, 'Wchtersbach');
REPLACE INTO city(region_id, name) values (383, 'Waldbrunn (Westerwald)');
REPLACE INTO city(region_id, name) values (383, 'Wehrheim');
REPLACE INTO city(region_id, name) values (383, 'Weilburg');
REPLACE INTO city(region_id, name) values (383, 'Wettenberg');
REPLACE INTO city(region_id, name) values (383, 'Wetter');
REPLACE INTO city(region_id, name) values (383, 'Wetzlar');
REPLACE INTO city(region_id, name) values (383, 'Wiesbaden');
REPLACE INTO city(region_id, name) values (383, 'Witzenhausen');
REPLACE INTO city(region_id, name) values (383, 'Wlfersheim');
REPLACE INTO city(region_id, name) values (383, 'Wolfhagen');
REPLACE INTO city(region_id, name) values (383, 'Zierenberg');
REPLACE INTO city(region_id, name) values (398, 'Нуука');
REPLACE INTO region(id, country_id, name) values (399, 59, 'Aitolia kai Akarnania');
REPLACE INTO region(id, country_id, name) values (400, 59, 'Akhaia');
REPLACE INTO region(id, country_id, name) values (401, 59, 'Argolis');
REPLACE INTO region(id, country_id, name) values (402, 59, 'Arkadhia');
REPLACE INTO region(id, country_id, name) values (403, 59, 'Arta');
REPLACE INTO region(id, country_id, name) values (404, 59, 'Attiki');
REPLACE INTO region(id, country_id, name) values (405, 59, 'Dhodhekanisos');
REPLACE INTO region(id, country_id, name) values (406, 59, 'Drama');
REPLACE INTO region(id, country_id, name) values (407, 59, 'Evritania');
REPLACE INTO region(id, country_id, name) values (408, 59, 'Evros');
REPLACE INTO region(id, country_id, name) values (409, 59, 'Evvoia');
REPLACE INTO region(id, country_id, name) values (410, 59, 'Florina');
REPLACE INTO region(id, country_id, name) values (411, 59, 'Fthiotis');
REPLACE INTO region(id, country_id, name) values (412, 59, 'Grevena');
REPLACE INTO region(id, country_id, name) values (413, 59, 'Ilia');
REPLACE INTO region(id, country_id, name) values (414, 59, 'Imathia');
REPLACE INTO region(id, country_id, name) values (415, 59, 'Ioannina');
REPLACE INTO region(id, country_id, name) values (416, 59, 'Iraklion');
REPLACE INTO region(id, country_id, name) values (417, 59, 'Kardhitsa');
REPLACE INTO region(id, country_id, name) values (418, 59, 'Kastoria');
REPLACE INTO region(id, country_id, name) values (419, 59, 'Kavala');
REPLACE INTO region(id, country_id, name) values (420, 59, 'Kefallinia');
REPLACE INTO region(id, country_id, name) values (421, 59, 'Kerkira');
REPLACE INTO region(id, country_id, name) values (422, 59, 'Khalkidhiki');
REPLACE INTO region(id, country_id, name) values (423, 59, 'Khania');
REPLACE INTO region(id, country_id, name) values (424, 59, 'Khios');
REPLACE INTO region(id, country_id, name) values (425, 59, 'Kikladhes');
REPLACE INTO region(id, country_id, name) values (426, 59, 'Kilkis');
REPLACE INTO region(id, country_id, name) values (427, 59, 'Korinthia');
REPLACE INTO region(id, country_id, name) values (428, 59, 'Kozani');
REPLACE INTO region(id, country_id, name) values (429, 59, 'Lakonia');
REPLACE INTO region(id, country_id, name) values (430, 59, 'Larisa');
REPLACE INTO region(id, country_id, name) values (431, 59, 'Lasithi');
REPLACE INTO region(id, country_id, name) values (432, 59, 'Lesvos');
REPLACE INTO region(id, country_id, name) values (433, 59, 'Levkas');
REPLACE INTO region(id, country_id, name) values (434, 59, 'Magnisia');
REPLACE INTO region(id, country_id, name) values (435, 59, 'Messinia');
REPLACE INTO region(id, country_id, name) values (436, 59, 'None');
REPLACE INTO region(id, country_id, name) values (437, 59, 'Pella');
REPLACE INTO region(id, country_id, name) values (438, 59, 'Pieria');
REPLACE INTO region(id, country_id, name) values (439, 59, 'Preveza');
REPLACE INTO region(id, country_id, name) values (440, 59, 'Rethimni');
REPLACE INTO region(id, country_id, name) values (441, 59, 'Rodhopi');
REPLACE INTO region(id, country_id, name) values (442, 59, 'Samos');
REPLACE INTO region(id, country_id, name) values (443, 59, 'Serrai');
REPLACE INTO region(id, country_id, name) values (444, 59, 'Thesprotia');
REPLACE INTO region(id, country_id, name) values (445, 59, 'Thessaloniki');
REPLACE INTO region(id, country_id, name) values (446, 59, 'Trikala');
REPLACE INTO region(id, country_id, name) values (447, 59, 'Voiotia');
REPLACE INTO region(id, country_id, name) values (448, 59, 'Xanthi');
REPLACE INTO region(id, country_id, name) values (449, 59, 'Zakinthos');
REPLACE INTO city(region_id, name) values (59, 'Агрыз');
REPLACE INTO city(region_id, name) values (59, 'Азнакаево');
REPLACE INTO city(region_id, name) values (59, 'Аксубаево');
REPLACE INTO city(region_id, name) values (59, 'Актаныш');
REPLACE INTO city(region_id, name) values (59, 'Актюбинский');
REPLACE INTO city(region_id, name) values (59, 'Алексеевское');
REPLACE INTO city(region_id, name) values (59, 'Альметьевск');
REPLACE INTO city(region_id, name) values (59, 'Апастово');
REPLACE INTO city(region_id, name) values (59, 'Арск');
REPLACE INTO city(region_id, name) values (59, 'Бавлы');
REPLACE INTO city(region_id, name) values (59, 'Базарные Матаки');
REPLACE INTO city(region_id, name) values (59, 'Балтаси');
REPLACE INTO city(region_id, name) values (59, 'Богатые Сабы');
REPLACE INTO city(region_id, name) values (59, 'Брежнев');
REPLACE INTO city(region_id, name) values (59, 'Бугульма');
REPLACE INTO city(region_id, name) values (59, 'Буинск');
REPLACE INTO city(region_id, name) values (59, 'Васильево');
REPLACE INTO city(region_id, name) values (59, 'Верхний Услон');
REPLACE INTO city(region_id, name) values (59, 'Высокая Гора');
REPLACE INTO city(region_id, name) values (59, 'Дербешкинский');
REPLACE INTO city(region_id, name) values (59, 'Елабуга');
REPLACE INTO city(region_id, name) values (59, 'Заинск');
REPLACE INTO city(region_id, name) values (59, 'Зеленодольск');
REPLACE INTO city(region_id, name) values (59, 'Казань');
REPLACE INTO city(region_id, name) values (59, 'Камское Устье');
REPLACE INTO city(region_id, name) values (59, 'Карабаш (Татарстан)');
REPLACE INTO city(region_id, name) values (59, 'Куйбышев (Татарстан)');
REPLACE INTO city(region_id, name) values (59, 'Кукмод');
REPLACE INTO city(region_id, name) values (59, 'Кукмор');
REPLACE INTO city(region_id, name) values (59, 'Лаишево');
REPLACE INTO city(region_id, name) values (59, 'Лениногорск');
REPLACE INTO city(region_id, name) values (59, 'Мамадыш');
REPLACE INTO city(region_id, name) values (59, 'Менделеевск');
REPLACE INTO city(region_id, name) values (59, 'Мензелинск');
REPLACE INTO city(region_id, name) values (59, 'Муслюмово');
REPLACE INTO city(region_id, name) values (59, 'Набережные Челны');
REPLACE INTO city(region_id, name) values (59, 'Нижнекамск');
REPLACE INTO city(region_id, name) values (59, 'Новошешминск');
REPLACE INTO city(region_id, name) values (59, 'Нурлат');
REPLACE INTO city(region_id, name) values (59, 'Пестрецы');
REPLACE INTO city(region_id, name) values (59, 'Рыбная Слобода');
REPLACE INTO city(region_id, name) values (59, 'Сарманово');
REPLACE INTO city(region_id, name) values (59, 'Старое Дрожжаное');
REPLACE INTO city(region_id, name) values (59, 'Тетюши');
REPLACE INTO city(region_id, name) values (59, 'Черемшан');
REPLACE INTO city(region_id, name) values (59, 'Чистополь');
REPLACE INTO city(region_id, name) values (319, 'Alsnyrvrimajor');
REPLACE INTO city(region_id, name) values (319, 'Srvr');
REPLACE INTO city(region_id, name) values (319, 'Szombathely');
REPLACE INTO city(region_id, name) values (319, 'Zanat');
REPLACE INTO city(region_id, name) values (341, 'Carpano');
REPLACE INTO city(region_id, name) values (341, 'Cuman');
REPLACE INTO city(region_id, name) values (374, 'Casas de Pinto');
REPLACE INTO city(region_id, name) values (384, 'Adamshoffnung');
REPLACE INTO city(region_id, name) values (384, 'Ahrenshoop');
REPLACE INTO city(region_id, name) values (384, 'Alt Krenzlin');
REPLACE INTO city(region_id, name) values (384, 'Alt Schwerin');
REPLACE INTO city(region_id, name) values (384, 'Alt Tellin');
REPLACE INTO city(region_id, name) values (384, 'Altefhr');
REPLACE INTO city(region_id, name) values (384, 'Altenhagen (18236)');
REPLACE INTO city(region_id, name) values (384, 'Altenhof');
REPLACE INTO city(region_id, name) values (384, 'Altentreptow');
REPLACE INTO city(region_id, name) values (384, 'Anklam');
REPLACE INTO city(region_id, name) values (384, 'Bad Doberan');
REPLACE INTO city(region_id, name) values (384, 'Bad Slze');
REPLACE INTO city(region_id, name) values (384, 'Balow');
REPLACE INTO city(region_id, name) values (384, 'Barth');
REPLACE INTO city(region_id, name) values (384, 'Bellin');
REPLACE INTO city(region_id, name) values (384, 'Bergen auf Rgen');
REPLACE INTO city(region_id, name) values (384, 'Binz');
REPLACE INTO city(region_id, name) values (384, 'Boizenburg');
REPLACE INTO city(region_id, name) values (384, 'Brzow');
REPLACE INTO city(region_id, name) values (384, 'Demmin');
REPLACE INTO city(region_id, name) values (384, 'Eggesin');
REPLACE INTO city(region_id, name) values (384, 'Friedland');
REPLACE INTO city(region_id, name) values (384, 'Gadebusch');
REPLACE INTO city(region_id, name) values (384, 'Greifswald');
REPLACE INTO city(region_id, name) values (384, 'Grevesmhlen');
REPLACE INTO city(region_id, name) values (384, 'Gstrow');
REPLACE INTO city(region_id, name) values (384, 'Hagenow');
REPLACE INTO city(region_id, name) values (384, 'Hohen Sprenz');
REPLACE INTO city(region_id, name) values (384, 'Koblentz');
REPLACE INTO city(region_id, name) values (384, 'Krakow am See');
REPLACE INTO city(region_id, name) values (384, 'Lcknitz');
REPLACE INTO city(region_id, name) values (384, 'Lbz');
REPLACE INTO city(region_id, name) values (384, 'Ludwigslust');
REPLACE INTO city(region_id, name) values (384, 'Malchow');
REPLACE INTO city(region_id, name) values (384, 'Matgendorf');
REPLACE INTO city(region_id, name) values (384, 'Mnkebude');
REPLACE INTO city(region_id, name) values (384, 'Neu Gaarz');
REPLACE INTO city(region_id, name) values (384, 'Neubrandenburg');
REPLACE INTO city(region_id, name) values (384, 'Neustrelitz');
REPLACE INTO city(region_id, name) values (384, 'Parchim');
REPLACE INTO city(region_id, name) values (384, 'Reuterstadt Stavenhagen');
REPLACE INTO city(region_id, name) values (384, 'Ribnitz-Damgarten');
REPLACE INTO city(region_id, name) values (384, 'Ritzerow');
REPLACE INTO city(region_id, name) values (384, 'Rbel/Mritz');
REPLACE INTO city(region_id, name) values (384, 'Rostock');
REPLACE INTO city(region_id, name) values (384, 'Schnbeck');
REPLACE INTO city(region_id, name) values (384, 'Schnberg');
REPLACE INTO city(region_id, name) values (384, 'Schwerin');
REPLACE INTO city(region_id, name) values (384, 'Sponholz');
REPLACE INTO city(region_id, name) values (384, 'Stralsund');
REPLACE INTO city(region_id, name) values (384, 'Tessin');
REPLACE INTO city(region_id, name) values (384, 'Teterow');
REPLACE INTO city(region_id, name) values (384, 'Torgelow');
REPLACE INTO city(region_id, name) values (384, 'Waren (Mritz)');
REPLACE INTO city(region_id, name) values (384, 'Wilmshagen');
REPLACE INTO city(region_id, name) values (384, 'Wismar');
REPLACE INTO city(region_id, name) values (384, 'Wolgast');
REPLACE INTO city(region_id, name) values (384, 'Zarrendorf');
REPLACE INTO city(region_id, name) values (399, 'Aga Sotra');
REPLACE INTO city(region_id, name) values (399, 'Aga Trida');
REPLACE INTO city(region_id, name) values (399, 'Agrnio');
REPLACE INTO city(region_id, name) values (399, 'Aspropili');
REPLACE INTO city(region_id, name) values (399, 'Astako');
REPLACE INTO city(region_id, name) values (399, 'Avlki');
REPLACE INTO city(region_id, name) values (399, 'Nvpaktos');
REPLACE INTO city(region_id, name) values (399, 'Provan');
REPLACE INTO region(id, country_id, name) values (450, 60, 'Аджария');
REPLACE INTO region(id, country_id, name) values (451, 60, 'Грузия');
REPLACE INTO city(region_id, name) values (60, 'Андреаполь');
REPLACE INTO city(region_id, name) values (60, 'Бежецк');
REPLACE INTO city(region_id, name) values (60, 'Белый');
REPLACE INTO city(region_id, name) values (60, 'Белый Городок');
REPLACE INTO city(region_id, name) values (60, 'Березайка');
REPLACE INTO city(region_id, name) values (60, 'Бологое');
REPLACE INTO city(region_id, name) values (60, 'Васильевский Мох');
REPLACE INTO city(region_id, name) values (60, 'Весьегонск');
REPLACE INTO city(region_id, name) values (60, 'Выползово');
REPLACE INTO city(region_id, name) values (60, 'Вышний Волочек');
REPLACE INTO city(region_id, name) values (60, 'Жарковский');
REPLACE INTO city(region_id, name) values (60, 'Западная Двина');
REPLACE INTO city(region_id, name) values (60, 'Зубцов');
REPLACE INTO city(region_id, name) values (60, 'Изоплит');
REPLACE INTO city(region_id, name) values (60, 'Калашниково');
REPLACE INTO city(region_id, name) values (60, 'Калинин');
REPLACE INTO city(region_id, name) values (60, 'Калязин');
REPLACE INTO city(region_id, name) values (60, 'Кашин');
REPLACE INTO city(region_id, name) values (60, 'Кесова Гора');
REPLACE INTO city(region_id, name) values (60, 'Кимры');
REPLACE INTO city(region_id, name) values (60, 'Конаково');
REPLACE INTO city(region_id, name) values (60, 'Красный Холм');
REPLACE INTO city(region_id, name) values (60, 'Кувшиново');
REPLACE INTO city(region_id, name) values (60, 'Лесное');
REPLACE INTO city(region_id, name) values (60, 'Лихославль');
REPLACE INTO city(region_id, name) values (60, 'Максатиха');
REPLACE INTO city(region_id, name) values (60, 'Молоково');
REPLACE INTO city(region_id, name) values (60, 'Нелидово');
REPLACE INTO city(region_id, name) values (60, 'Оленино');
REPLACE INTO city(region_id, name) values (60, 'Осташков');
REPLACE INTO city(region_id, name) values (60, 'Пено');
REPLACE INTO city(region_id, name) values (60, 'Рамешки');
REPLACE INTO city(region_id, name) values (60, 'Ржев');
REPLACE INTO city(region_id, name) values (60, 'Сандово');
REPLACE INTO city(region_id, name) values (60, 'Селижарово');
REPLACE INTO city(region_id, name) values (60, 'Сонково');
REPLACE INTO city(region_id, name) values (60, 'Спирово');
REPLACE INTO city(region_id, name) values (60, 'Старица');
REPLACE INTO city(region_id, name) values (60, 'Тверь');
REPLACE INTO city(region_id, name) values (60, 'Торжок');
REPLACE INTO city(region_id, name) values (60, 'Торопец');
REPLACE INTO city(region_id, name) values (60, 'Удомля');
REPLACE INTO city(region_id, name) values (60, 'Фирово');
REPLACE INTO city(region_id, name) values (320, 'Ajka');
REPLACE INTO city(region_id, name) values (320, 'Balatonalmdi');
REPLACE INTO city(region_id, name) values (320, 'Balatonfred');
REPLACE INTO city(region_id, name) values (320, 'Szentkirlyszabadja');
REPLACE INTO city(region_id, name) values (320, 'Vrpalota');
REPLACE INTO city(region_id, name) values (320, 'Veszprm');
REPLACE INTO city(region_id, name) values (342, 'Rubio');
REPLACE INTO city(region_id, name) values (342, 'San Antonio del Tchira');
REPLACE INTO city(region_id, name) values (342, 'San Cristbal');
REPLACE INTO city(region_id, name) values (400, 'Aegion');
REPLACE INTO city(region_id, name) values (400, 'Aighion');
REPLACE INTO city(region_id, name) values (400, 'Agio');
REPLACE INTO city(region_id, name) values (400, 'Agion');
REPLACE INTO city(region_id, name) values (400, 'Ayion');
REPLACE INTO city(region_id, name) values (400, 'Egion');
REPLACE INTO city(region_id, name) values (400, 'Kalvrita');
REPLACE INTO city(region_id, name) values (400, 'Ptra');
REPLACE INTO city(region_id, name) values (400, 'Patras');
REPLACE INTO city(region_id, name) values (450, 'Батуми');
REPLACE INTO city(region_id, name) values (450, 'Кобулети');
REPLACE INTO city(region_id, name) values (450, 'Хуло');
REPLACE INTO region(id, country_id, name) values (452, 61, 'Arhus');
REPLACE INTO region(id, country_id, name) values (453, 61, 'Bornholm');
REPLACE INTO region(id, country_id, name) values (454, 61, 'Frederiksborg');
REPLACE INTO region(id, country_id, name) values (455, 61, 'Fyn');
REPLACE INTO region(id, country_id, name) values (456, 61, 'Kobenhavn');
REPLACE INTO region(id, country_id, name) values (457, 61, 'None');
REPLACE INTO region(id, country_id, name) values (458, 61, 'Nordjylland');
REPLACE INTO region(id, country_id, name) values (459, 61, 'Ribe');
REPLACE INTO region(id, country_id, name) values (460, 61, 'Ringkobing');
REPLACE INTO region(id, country_id, name) values (461, 61, 'Roskilde');
REPLACE INTO region(id, country_id, name) values (462, 61, 'Sonderjylland');
REPLACE INTO region(id, country_id, name) values (463, 61, 'Staden Kobenhavn');
REPLACE INTO region(id, country_id, name) values (464, 61, 'Storstrom');
REPLACE INTO region(id, country_id, name) values (465, 61, 'Vejle');
REPLACE INTO region(id, country_id, name) values (466, 61, 'Vestsjalland');
REPLACE INTO region(id, country_id, name) values (467, 61, 'Viborg');
REPLACE INTO city(region_id, name) values (61, 'Александровское (Томская обл.)');
REPLACE INTO city(region_id, name) values (61, 'Асино');
REPLACE INTO city(region_id, name) values (61, 'Бакчар');
REPLACE INTO city(region_id, name) values (61, 'Батурино');
REPLACE INTO city(region_id, name) values (61, 'Белый Яр');
REPLACE INTO city(region_id, name) values (61, 'Зырянское');
REPLACE INTO city(region_id, name) values (61, 'Итатка');
REPLACE INTO city(region_id, name) values (61, 'Каргасок');
REPLACE INTO city(region_id, name) values (61, 'Катайга');
REPLACE INTO city(region_id, name) values (61, 'Кожевниково');
REPLACE INTO city(region_id, name) values (61, 'Колпашево');
REPLACE INTO city(region_id, name) values (61, 'Кривошеино');
REPLACE INTO city(region_id, name) values (61, 'Мельниково');
REPLACE INTO city(region_id, name) values (61, 'Молчаново');
REPLACE INTO city(region_id, name) values (61, 'Парабель');
REPLACE INTO city(region_id, name) values (61, 'Первомайское');
REPLACE INTO city(region_id, name) values (61, 'Подгорное');
REPLACE INTO city(region_id, name) values (61, 'Северск');
REPLACE INTO city(region_id, name) values (61, 'Стрежевой');
REPLACE INTO city(region_id, name) values (61, 'Томск');
REPLACE INTO city(region_id, name) values (61, 'Тымск');
REPLACE INTO city(region_id, name) values (321, 'Zalaegerszeg');
REPLACE INTO city(region_id, name) values (343, 'Banco Bonito');
REPLACE INTO city(region_id, name) values (343, 'Cocorote');
REPLACE INTO city(region_id, name) values (343, 'San Felipe');
REPLACE INTO city(region_id, name) values (343, 'Tamboral');
REPLACE INTO city(region_id, name) values (386, 'Aachen');
REPLACE INTO city(region_id, name) values (386, 'Ahaus');
REPLACE INTO city(region_id, name) values (386, 'Ahlen');
REPLACE INTO city(region_id, name) values (386, 'Aldenhoven');
REPLACE INTO city(region_id, name) values (386, 'Alfter');
REPLACE INTO city(region_id, name) values (386, 'Alpen');
REPLACE INTO city(region_id, name) values (386, 'Alsdorf');
REPLACE INTO city(region_id, name) values (386, 'Altena');
REPLACE INTO city(region_id, name) values (386, 'Altenbeken');
REPLACE INTO city(region_id, name) values (386, 'Altenberge');
REPLACE INTO city(region_id, name) values (386, 'Anrchte');
REPLACE INTO city(region_id, name) values (386, 'Arnsberg');
REPLACE INTO city(region_id, name) values (386, 'Ascheberg');
REPLACE INTO city(region_id, name) values (386, 'Attendorn');
REPLACE INTO city(region_id, name) values (386, 'Augustdorf');
REPLACE INTO city(region_id, name) values (386, 'Bad Berleburg');
REPLACE INTO city(region_id, name) values (386, 'Bad Driburg');
REPLACE INTO city(region_id, name) values (386, 'Bad Honnef');
REPLACE INTO city(region_id, name) values (386, 'Bad Laasphe');
REPLACE INTO city(region_id, name) values (386, 'Bad Lippspringe');
REPLACE INTO city(region_id, name) values (386, 'Bad Mnstereifel');
REPLACE INTO city(region_id, name) values (386, 'Bad Oeynhausen');
REPLACE INTO city(region_id, name) values (386, 'Bad Salzuflen');
REPLACE INTO city(region_id, name) values (386, 'Bad Sassendorf');
REPLACE INTO city(region_id, name) values (386, 'Bad Wnnenberg');
REPLACE INTO city(region_id, name) values (386, 'Baesweiler');
REPLACE INTO city(region_id, name) values (386, 'Balve');
REPLACE INTO city(region_id, name) values (386, 'Barntrup');
REPLACE INTO city(region_id, name) values (386, 'Beckum');
REPLACE INTO city(region_id, name) values (386, 'Beelen');
REPLACE INTO city(region_id, name) values (386, 'Bergheim');
REPLACE INTO city(region_id, name) values (386, 'Bergisch Gladbach');
REPLACE INTO city(region_id, name) values (386, 'Bergkamen');
REPLACE INTO city(region_id, name) values (386, 'Bergneustadt');
REPLACE INTO city(region_id, name) values (386, 'Bestwig');
REPLACE INTO city(region_id, name) values (386, 'Beverungen');
REPLACE INTO city(region_id, name) values (386, 'Bielefeld');
REPLACE INTO city(region_id, name) values (386, 'Billerbeck');
REPLACE INTO city(region_id, name) values (386, 'Blomberg');
REPLACE INTO city(region_id, name) values (386, 'Bocholt');
REPLACE INTO city(region_id, name) values (386, 'Bochum');
REPLACE INTO city(region_id, name) values (386, 'Bnen');
REPLACE INTO city(region_id, name) values (386, 'Bonn');
REPLACE INTO city(region_id, name) values (386, 'Borchen');
REPLACE INTO city(region_id, name) values (386, 'Borgentreich');
REPLACE INTO city(region_id, name) values (386, 'Borgholzhausen');
REPLACE INTO city(region_id, name) values (386, 'Borken');
REPLACE INTO city(region_id, name) values (386, 'Bornheim');
REPLACE INTO city(region_id, name) values (386, 'Bottrop');
REPLACE INTO city(region_id, name) values (386, 'Brakel');
REPLACE INTO city(region_id, name) values (386, 'Breckerfeld');
REPLACE INTO city(region_id, name) values (386, 'Brilon');
REPLACE INTO city(region_id, name) values (386, 'Brggen');
REPLACE INTO city(region_id, name) values (386, 'Brhl');
REPLACE INTO city(region_id, name) values (386, 'Bnde');
REPLACE INTO city(region_id, name) values (386, 'Burbach');
REPLACE INTO city(region_id, name) values (386, 'Bren');
REPLACE INTO city(region_id, name) values (386, 'Burscheid');
REPLACE INTO city(region_id, name) values (386, 'Castrop-Rauxel');
REPLACE INTO city(region_id, name) values (386, 'Coesfeld');
REPLACE INTO city(region_id, name) values (386, 'Datteln');
REPLACE INTO city(region_id, name) values (386, 'Delbrck');
REPLACE INTO city(region_id, name) values (386, 'Detmold');
REPLACE INTO city(region_id, name) values (386, 'Dinslaken');
REPLACE INTO city(region_id, name) values (386, 'Drentrup');
REPLACE INTO city(region_id, name) values (386, 'Dormagen');
REPLACE INTO city(region_id, name) values (386, 'Dorsten');
REPLACE INTO city(region_id, name) values (386, 'Dortmund');
REPLACE INTO city(region_id, name) values (386, 'Drensteinfurt');
REPLACE INTO city(region_id, name) values (386, 'Drolshagen');
REPLACE INTO city(region_id, name) values (386, 'Duisburg');
REPLACE INTO city(region_id, name) values (386, 'Dlmen');
REPLACE INTO city(region_id, name) values (386, 'Dren');
REPLACE INTO city(region_id, name) values (386, 'Dsseldorf');
REPLACE INTO city(region_id, name) values (386, 'Eitorf');
REPLACE INTO city(region_id, name) values (386, 'Elsdorf');
REPLACE INTO city(region_id, name) values (386, 'Emmerich');
REPLACE INTO city(region_id, name) values (386, 'Emsdetten');
REPLACE INTO city(region_id, name) values (386, 'Engelskirchen');
REPLACE INTO city(region_id, name) values (386, 'Enger');
REPLACE INTO city(region_id, name) values (386, 'Ennepetal');
REPLACE INTO city(region_id, name) values (386, 'Ennigerloh');
REPLACE INTO city(region_id, name) values (386, 'Erftstadt');
REPLACE INTO city(region_id, name) values (386, 'Erkelenz');
REPLACE INTO city(region_id, name) values (386, 'Erkrath');
REPLACE INTO city(region_id, name) values (386, 'Erwitte');
REPLACE INTO city(region_id, name) values (386, 'Eschweiler');
REPLACE INTO city(region_id, name) values (386, 'Espelkamp');
REPLACE INTO city(region_id, name) values (386, 'Essen');
REPLACE INTO city(region_id, name) values (386, 'Euskirchen');
REPLACE INTO city(region_id, name) values (386, 'Everswinkel');
REPLACE INTO city(region_id, name) values (386, 'Extertal');
REPLACE INTO city(region_id, name) values (386, 'Finnentrop');
REPLACE INTO city(region_id, name) values (386, 'Frechen');
REPLACE INTO city(region_id, name) values (386, 'Freudenberg');
REPLACE INTO city(region_id, name) values (386, 'Frndenberg');
REPLACE INTO city(region_id, name) values (386, 'Gangelt');
REPLACE INTO city(region_id, name) values (386, 'Geilenkirchen');
REPLACE INTO city(region_id, name) values (386, 'Geldern');
REPLACE INTO city(region_id, name) values (386, 'Gelsenkirchen');
REPLACE INTO city(region_id, name) values (386, 'Gescher');
REPLACE INTO city(region_id, name) values (386, 'Geseke');
REPLACE INTO city(region_id, name) values (386, 'Gevelsberg');
REPLACE INTO city(region_id, name) values (386, 'Gladbeck');
REPLACE INTO city(region_id, name) values (386, 'Goch');
REPLACE INTO city(region_id, name) values (386, 'Greven');
REPLACE INTO city(region_id, name) values (386, 'Grevenbroich');
REPLACE INTO city(region_id, name) values (386, 'Gronau (Westfalen)');
REPLACE INTO city(region_id, name) values (386, 'Gummersbach');
REPLACE INTO city(region_id, name) values (386, 'Gtersloh');
REPLACE INTO city(region_id, name) values (386, 'Haan');
REPLACE INTO city(region_id, name) values (386, 'Hagen');
REPLACE INTO city(region_id, name) values (386, 'Halle');
REPLACE INTO city(region_id, name) values (386, 'Haltern am See');
REPLACE INTO city(region_id, name) values (386, 'Halver');
REPLACE INTO city(region_id, name) values (386, 'Hamm');
REPLACE INTO city(region_id, name) values (386, 'Hamminkeln');
REPLACE INTO city(region_id, name) values (386, 'Harsewinkel');
REPLACE INTO city(region_id, name) values (386, 'Hattingen');
REPLACE INTO city(region_id, name) values (386, 'Havixbeck');
REPLACE INTO city(region_id, name) values (386, 'Heiden');
REPLACE INTO city(region_id, name) values (386, 'Heiligenhaus');
REPLACE INTO city(region_id, name) values (386, 'Heimbach');
REPLACE INTO city(region_id, name) values (386, 'Heinsberg');
REPLACE INTO city(region_id, name) values (386, 'Hemer');
REPLACE INTO city(region_id, name) values (386, 'Hennef');
REPLACE INTO city(region_id, name) values (386, 'Herdecke');
REPLACE INTO city(region_id, name) values (386, 'Herford');
REPLACE INTO city(region_id, name) values (386, 'Herne');
REPLACE INTO city(region_id, name) values (386, 'Herscheid');
REPLACE INTO city(region_id, name) values (386, 'Herten');
REPLACE INTO city(region_id, name) values (386, 'Herzebrock-Clarholz');
REPLACE INTO city(region_id, name) values (386, 'Herzogenrath');
REPLACE INTO city(region_id, name) values (386, 'Hiddenhausen');
REPLACE INTO city(region_id, name) values (386, 'Hilden');
REPLACE INTO city(region_id, name) values (386, 'Hille');
REPLACE INTO city(region_id, name) values (386, 'Holzwickede');
REPLACE INTO city(region_id, name) values (386, 'Hopsten');
REPLACE INTO city(region_id, name) values (386, 'Horn-Bad Meinberg');
REPLACE INTO city(region_id, name) values (386, 'Hrstel');
REPLACE INTO city(region_id, name) values (386, 'Hvelhof');
REPLACE INTO city(region_id, name) values (386, 'Hxter');
REPLACE INTO city(region_id, name) values (386, 'Hckelhoven');
REPLACE INTO city(region_id, name) values (386, 'Hckeswagen');
REPLACE INTO city(region_id, name) values (386, 'Hllhorst');
REPLACE INTO city(region_id, name) values (386, 'Hrth');
REPLACE INTO city(region_id, name) values (386, 'Ibbenbren');
REPLACE INTO city(region_id, name) values (386, 'Iserlohn');
REPLACE INTO city(region_id, name) values (386, 'Jchen');
REPLACE INTO city(region_id, name) values (386, 'Jlich');
REPLACE INTO city(region_id, name) values (386, 'Kaarst');
REPLACE INTO city(region_id, name) values (386, 'Kalkar');
REPLACE INTO city(region_id, name) values (386, 'Kall');
REPLACE INTO city(region_id, name) values (386, 'Kalletal');
REPLACE INTO city(region_id, name) values (386, 'Kamen');
REPLACE INTO city(region_id, name) values (386, 'Kamp-Lintfort');
REPLACE INTO city(region_id, name) values (386, 'Kempen');
REPLACE INTO city(region_id, name) values (386, 'Kerpen');
REPLACE INTO city(region_id, name) values (386, 'Kevelaer');
REPLACE INTO city(region_id, name) values (386, 'Kierspe');
REPLACE INTO city(region_id, name) values (386, 'Kirchlengern');
REPLACE INTO city(region_id, name) values (386, 'Kleve');
REPLACE INTO city(region_id, name) values (386, 'Kln');
REPLACE INTO city(region_id, name) values (386, 'Knigswinter');
REPLACE INTO city(region_id, name) values (386, 'Korschenbroich');
REPLACE INTO city(region_id, name) values (386, 'Krefeld');
REPLACE INTO city(region_id, name) values (386, 'Kreuztal');
REPLACE INTO city(region_id, name) values (386, 'Ladbergen');
REPLACE INTO city(region_id, name) values (386, 'Lage');
REPLACE INTO city(region_id, name) values (386, 'Langenberg');
REPLACE INTO city(region_id, name) values (386, 'Langenfeld');
REPLACE INTO city(region_id, name) values (386, 'Langerwehe');
REPLACE INTO city(region_id, name) values (386, 'Legden');
REPLACE INTO city(region_id, name) values (386, 'Leichlingen');
REPLACE INTO city(region_id, name) values (386, 'Lemgo');
REPLACE INTO city(region_id, name) values (386, 'Lengerich');
REPLACE INTO city(region_id, name) values (386, 'Lennestadt');
REPLACE INTO city(region_id, name) values (386, 'Leopoldshhe');
REPLACE INTO city(region_id, name) values (386, 'Leverkusen');
REPLACE INTO city(region_id, name) values (386, 'Lienen');
REPLACE INTO city(region_id, name) values (386, 'Lindlar');
REPLACE INTO city(region_id, name) values (386, 'Linnich');
REPLACE INTO city(region_id, name) values (386, 'Lippetal');
REPLACE INTO city(region_id, name) values (386, 'Lippstadt');
REPLACE INTO city(region_id, name) values (386, 'Lohmar');
REPLACE INTO city(region_id, name) values (386, 'Lhne');
REPLACE INTO city(region_id, name) values (386, 'Lotte');
REPLACE INTO city(region_id, name) values (386, 'Lbbecke');
REPLACE INTO city(region_id, name) values (386, 'Ldenscheid');
REPLACE INTO city(region_id, name) values (386, 'Ldinghausen');
REPLACE INTO city(region_id, name) values (386, 'Lgde');
REPLACE INTO city(region_id, name) values (386, 'Lnen');
REPLACE INTO city(region_id, name) values (386, 'Marienheide');
REPLACE INTO city(region_id, name) values (386, 'Marienmnster');
REPLACE INTO city(region_id, name) values (386, 'Marl');
REPLACE INTO city(region_id, name) values (386, 'Marsberg');
REPLACE INTO city(region_id, name) values (386, 'Mechernich');
REPLACE INTO city(region_id, name) values (386, 'Meckenheim');
REPLACE INTO city(region_id, name) values (386, 'Medebach');
REPLACE INTO city(region_id, name) values (386, 'Meerbusch');
REPLACE INTO city(region_id, name) values (386, 'Meinerzhagen');
REPLACE INTO city(region_id, name) values (386, 'Menden');
REPLACE INTO city(region_id, name) values (386, 'Meschede');
REPLACE INTO city(region_id, name) values (386, 'Mettingen');
REPLACE INTO city(region_id, name) values (386, 'Mettmann');
REPLACE INTO city(region_id, name) values (386, 'Minden');
REPLACE INTO city(region_id, name) values (386, 'Moers');
REPLACE INTO city(region_id, name) values (386, 'Mhnesee');
REPLACE INTO city(region_id, name) values (386, 'Mnchengladbach');
REPLACE INTO city(region_id, name) values (386, 'Monheim am Rhein');
REPLACE INTO city(region_id, name) values (386, 'Morsbach');
REPLACE INTO city(region_id, name) values (386, 'Much');
REPLACE INTO city(region_id, name) values (386, 'Mlheim an der Ruhr');
REPLACE INTO city(region_id, name) values (386, 'Mnster');
REPLACE INTO city(region_id, name) values (386, 'Netphen');
REPLACE INTO city(region_id, name) values (386, 'Nettetal');
REPLACE INTO city(region_id, name) values (386, 'Neuenkirchen');
REPLACE INTO city(region_id, name) values (386, 'Neuenrade');
REPLACE INTO city(region_id, name) values (386, 'Neukirchen-Vluyn');
REPLACE INTO city(region_id, name) values (386, 'Neunkirchen');
REPLACE INTO city(region_id, name) values (386, 'Neunkirchen-Seelscheid');
REPLACE INTO city(region_id, name) values (386, 'Neuss');
REPLACE INTO city(region_id, name) values (386, 'Nideggen');
REPLACE INTO city(region_id, name) values (386, 'Niederkassel');
REPLACE INTO city(region_id, name) values (386, 'Niederkrchten');
REPLACE INTO city(region_id, name) values (386, 'Nieheim');
REPLACE INTO city(region_id, name) values (386, 'Nordwalde');
REPLACE INTO city(region_id, name) values (386, 'Nmbrecht');
REPLACE INTO city(region_id, name) values (386, 'Oberhausen');
REPLACE INTO city(region_id, name) values (386, 'Ochtrup');
REPLACE INTO city(region_id, name) values (386, 'Oelde');
REPLACE INTO city(region_id, name) values (386, 'Oer-Erkenschwick');
REPLACE INTO city(region_id, name) values (386, 'Oerlinghausen');
REPLACE INTO city(region_id, name) values (386, 'Olfen');
REPLACE INTO city(region_id, name) values (386, 'Olpe');
REPLACE INTO city(region_id, name) values (386, 'Olsberg');
REPLACE INTO city(region_id, name) values (386, 'Ostbevern');
REPLACE INTO city(region_id, name) values (386, 'Overath');
REPLACE INTO city(region_id, name) values (386, 'Paderborn');
REPLACE INTO city(region_id, name) values (386, 'Petershagen');
REPLACE INTO city(region_id, name) values (386, 'Plettenberg');
REPLACE INTO city(region_id, name) values (386, 'Porta Westfalica');
REPLACE INTO city(region_id, name) values (386, 'Preuisch Oldendorf');
REPLACE INTO city(region_id, name) values (386, 'Pulheim');
REPLACE INTO city(region_id, name) values (386, 'Radevormwald');
REPLACE INTO city(region_id, name) values (386, 'Rahden');
REPLACE INTO city(region_id, name) values (386, 'Ratingen');
REPLACE INTO city(region_id, name) values (386, 'Recke');
REPLACE INTO city(region_id, name) values (386, 'Recklinghausen');
REPLACE INTO city(region_id, name) values (386, 'Rees');
REPLACE INTO city(region_id, name) values (386, 'Reichshof');
REPLACE INTO city(region_id, name) values (386, 'Remscheid');
REPLACE INTO city(region_id, name) values (386, 'Rheda-Wiedenbrck');
REPLACE INTO city(region_id, name) values (386, 'Rhede');
REPLACE INTO city(region_id, name) values (386, 'Rheinbach');
REPLACE INTO city(region_id, name) values (386, 'Rheinberg');
REPLACE INTO city(region_id, name) values (386, 'Rheine');
REPLACE INTO city(region_id, name) values (386, 'Rietberg');
REPLACE INTO city(region_id, name) values (386, 'Rdinghausen');
REPLACE INTO city(region_id, name) values (386, 'Rosendahl');
REPLACE INTO city(region_id, name) values (386, 'Rsrath');
REPLACE INTO city(region_id, name) values (386, 'Ruppichteroth');
REPLACE INTO city(region_id, name) values (386, 'Rthen');
REPLACE INTO city(region_id, name) values (386, 'Saerbeck');
REPLACE INTO city(region_id, name) values (386, 'Salzkotten');
REPLACE INTO city(region_id, name) values (386, 'Sankt Augustin');
REPLACE INTO city(region_id, name) values (386, 'Sassenberg');
REPLACE INTO city(region_id, name) values (386, 'Schalksmhle');
REPLACE INTO city(region_id, name) values (386, 'Schieder-Schwalenberg');
REPLACE INTO city(region_id, name) values (386, 'Schlangen');
REPLACE INTO city(region_id, name) values (386, 'Schlo Holte-Stukenbrock');
REPLACE INTO city(region_id, name) values (386, 'Schmallenberg');
REPLACE INTO city(region_id, name) values (386, 'Schwelm');
REPLACE INTO city(region_id, name) values (386, 'Schwerte');
REPLACE INTO city(region_id, name) values (386, 'Selfkant');
REPLACE INTO city(region_id, name) values (386, 'Selm');
REPLACE INTO city(region_id, name) values (386, 'Senden');
REPLACE INTO city(region_id, name) values (386, 'Sendenhorst');
REPLACE INTO city(region_id, name) values (386, 'Siegburg');
REPLACE INTO city(region_id, name) values (386, 'Siegen');
REPLACE INTO city(region_id, name) values (386, 'Simmerath');
REPLACE INTO city(region_id, name) values (386, 'Soest');
REPLACE INTO city(region_id, name) values (386, 'Solingen');
REPLACE INTO city(region_id, name) values (386, 'Spenge');
REPLACE INTO city(region_id, name) values (386, 'Sprockhvel');
REPLACE INTO city(region_id, name) values (386, 'Stadtlohn');
REPLACE INTO city(region_id, name) values (386, 'Steinfurt');
REPLACE INTO city(region_id, name) values (386, 'Steinhagen');
REPLACE INTO city(region_id, name) values (386, 'Steinheim');
REPLACE INTO city(region_id, name) values (386, 'Stemwede');
REPLACE INTO city(region_id, name) values (386, 'Stolberg (Rheinland)');
REPLACE INTO city(region_id, name) values (386, 'Straelen');
REPLACE INTO city(region_id, name) values (386, 'Sundern');
REPLACE INTO city(region_id, name) values (386, 'Telgte');
REPLACE INTO city(region_id, name) values (386, 'Tnisvorst');
REPLACE INTO city(region_id, name) values (386, 'Troisdorf');
REPLACE INTO city(region_id, name) values (386, 'bach-Palenberg');
REPLACE INTO city(region_id, name) values (386, 'Uedem');
REPLACE INTO city(region_id, name) values (386, 'Unna');
REPLACE INTO city(region_id, name) values (386, 'Velbert');
REPLACE INTO city(region_id, name) values (386, 'Verl');
REPLACE INTO city(region_id, name) values (386, 'Versmold');
REPLACE INTO city(region_id, name) values (386, 'Viersen');
REPLACE INTO city(region_id, name) values (386, 'Vlotho');
REPLACE INTO city(region_id, name) values (386, 'Voerde');
REPLACE INTO city(region_id, name) values (386, 'Vreden');
REPLACE INTO city(region_id, name) values (386, 'Waldbrl');
REPLACE INTO city(region_id, name) values (386, 'Waldfeucht');
REPLACE INTO city(region_id, name) values (386, 'Waltrop');
REPLACE INTO city(region_id, name) values (386, 'Warburg');
REPLACE INTO city(region_id, name) values (386, 'Warendorf');
REPLACE INTO city(region_id, name) values (386, 'Warstein');
REPLACE INTO city(region_id, name) values (386, 'Wassenberg');
REPLACE INTO city(region_id, name) values (386, 'Weeze');
REPLACE INTO city(region_id, name) values (386, 'Wegberg');
REPLACE INTO city(region_id, name) values (386, 'Weilerswist');
REPLACE INTO city(region_id, name) values (386, 'Werdohl');
REPLACE INTO city(region_id, name) values (386, 'Werl');
REPLACE INTO city(region_id, name) values (386, 'Wermelskirchen');
REPLACE INTO city(region_id, name) values (386, 'Werne');
REPLACE INTO city(region_id, name) values (386, 'Wesel');
REPLACE INTO city(region_id, name) values (386, 'Wesseling');
REPLACE INTO city(region_id, name) values (386, 'Westerkappeln');
REPLACE INTO city(region_id, name) values (386, 'Wetter (Ruhr)');
REPLACE INTO city(region_id, name) values (386, 'Wettringen');
REPLACE INTO city(region_id, name) values (386, 'Wickede');
REPLACE INTO city(region_id, name) values (386, 'Wiehl');
REPLACE INTO city(region_id, name) values (386, 'Willebadessen');
REPLACE INTO city(region_id, name) values (386, 'Willich');
REPLACE INTO city(region_id, name) values (386, 'Wilnsdorf');
REPLACE INTO city(region_id, name) values (386, 'Winterberg');
REPLACE INTO city(region_id, name) values (386, 'Wipperfrth');
REPLACE INTO city(region_id, name) values (386, 'Witten');
REPLACE INTO city(region_id, name) values (386, 'Wlfrath');
REPLACE INTO city(region_id, name) values (386, 'Wuppertal');
REPLACE INTO city(region_id, name) values (386, 'Wrselen');
REPLACE INTO city(region_id, name) values (386, 'Xanten');
REPLACE INTO city(region_id, name) values (386, 'Zlpich');
REPLACE INTO city(region_id, name) values (401, 'rgos');
REPLACE INTO city(region_id, name) values (401, 'Ermini');
REPLACE INTO city(region_id, name) values (401, 'Krandi');
REPLACE INTO city(region_id, name) values (401, 'Nfplio');
REPLACE INTO city(region_id, name) values (401, 'Nfplion');
REPLACE INTO city(region_id, name) values (401, 'Nauplion');
REPLACE INTO city(region_id, name) values (401, 'Nvplio');
REPLACE INTO city(region_id, name) values (401, 'Nvplion');
REPLACE INTO city(region_id, name) values (401, 'Prto-Khli');
REPLACE INTO city(region_id, name) values (451, 'Абастумани');
REPLACE INTO city(region_id, name) values (451, 'Абаша');
REPLACE INTO city(region_id, name) values (451, 'Агара');
REPLACE INTO city(region_id, name) values (451, 'Амбролаури');
REPLACE INTO city(region_id, name) values (451, 'Аспиндза');
REPLACE INTO city(region_id, name) values (451, 'Ахалкалаки');
REPLACE INTO city(region_id, name) values (451, 'Ахалцихе');
REPLACE INTO city(region_id, name) values (451, 'Ахмета');
REPLACE INTO city(region_id, name) values (451, 'Бакуриани');
REPLACE INTO city(region_id, name) values (451, 'Богдановка');
REPLACE INTO city(region_id, name) values (451, 'Болниси');
REPLACE INTO city(region_id, name) values (451, 'Боржоми');
REPLACE INTO city(region_id, name) values (451, 'Вани');
REPLACE INTO city(region_id, name) values (451, 'Гардабани');
REPLACE INTO city(region_id, name) values (451, 'Гегечкори');
REPLACE INTO city(region_id, name) values (451, 'Гори');
REPLACE INTO city(region_id, name) values (451, 'Гурджаани');
REPLACE INTO city(region_id, name) values (451, 'Джвари');
REPLACE INTO city(region_id, name) values (451, 'Дманиси');
REPLACE INTO city(region_id, name) values (451, 'Душети');
REPLACE INTO city(region_id, name) values (451, 'Зестафони');
REPLACE INTO city(region_id, name) values (451, 'Зугдиди');
REPLACE INTO city(region_id, name) values (451, 'Казбеги');
REPLACE INTO city(region_id, name) values (451, 'Карели');
REPLACE INTO city(region_id, name) values (451, 'Каспи');
REPLACE INTO city(region_id, name) values (451, 'Кваиси');
REPLACE INTO city(region_id, name) values (451, 'Кварели');
REPLACE INTO city(region_id, name) values (451, 'Коджори');
REPLACE INTO city(region_id, name) values (451, 'Кутаиси');
REPLACE INTO city(region_id, name) values (451, 'Лагодехи');
REPLACE INTO city(region_id, name) values (451, 'Ланчхути');
REPLACE INTO city(region_id, name) values (451, 'Ленингори');
REPLACE INTO city(region_id, name) values (451, 'Лентехи');
REPLACE INTO city(region_id, name) values (451, 'Марнеули');
REPLACE INTO city(region_id, name) values (451, 'Махарадзе');
REPLACE INTO city(region_id, name) values (451, 'Маяковский');
REPLACE INTO city(region_id, name) values (451, 'Местиа');
REPLACE INTO city(region_id, name) values (451, 'Они');
REPLACE INTO city(region_id, name) values (451, 'Орджоникидзе');
REPLACE INTO city(region_id, name) values (451, 'Поти');
REPLACE INTO city(region_id, name) values (451, 'Рустави');
REPLACE INTO city(region_id, name) values (451, 'Сагареджо');
REPLACE INTO city(region_id, name) values (451, 'Самтредиа');
REPLACE INTO city(region_id, name) values (451, 'Сачхере');
REPLACE INTO city(region_id, name) values (451, 'Сигнахи');
REPLACE INTO city(region_id, name) values (451, 'Тбилиси');
REPLACE INTO city(region_id, name) values (451, 'Телави');
REPLACE INTO city(region_id, name) values (451, 'Тержола');
REPLACE INTO city(region_id, name) values (451, 'Тетри-Цкаро');
REPLACE INTO city(region_id, name) values (451, 'Тианети');
REPLACE INTO city(region_id, name) values (451, 'Ткибули');
REPLACE INTO city(region_id, name) values (451, 'Хашури');
REPLACE INTO city(region_id, name) values (451, 'Хоби');
REPLACE INTO city(region_id, name) values (451, 'Цагери');
REPLACE INTO city(region_id, name) values (451, 'Цаленджиха');
REPLACE INTO city(region_id, name) values (451, 'Цалка');
REPLACE INTO city(region_id, name) values (451, 'Цители-Цкаро');
REPLACE INTO city(region_id, name) values (451, 'Цнори');
REPLACE INTO city(region_id, name) values (451, 'Цхакая');
REPLACE INTO city(region_id, name) values (451, 'Цхалтубо');
REPLACE INTO city(region_id, name) values (451, 'Чиатура');
REPLACE INTO city(region_id, name) values (451, 'Чохатаури');
REPLACE INTO city(region_id, name) values (451, 'Чхороцку');
REPLACE INTO city(region_id, name) values (452, 'Aabo');
REPLACE INTO city(region_id, name) values (452, 'Aaby');
REPLACE INTO city(region_id, name) values (452, 'Aalum');
REPLACE INTO city(region_id, name) values (452, 'Aarhus');
REPLACE INTO city(region_id, name) values (452, 'Adslev');
REPLACE INTO city(region_id, name) values (452, 'Albge');
REPLACE INTO city(region_id, name) values (452, 'Alling');
REPLACE INTO city(region_id, name) values (452, 'rhus');
REPLACE INTO city(region_id, name) values (452, 'Auning');
REPLACE INTO city(region_id, name) values (452, 'Brabrand');
REPLACE INTO city(region_id, name) values (452, 'Ebeltoft');
REPLACE INTO city(region_id, name) values (452, 'Gram');
REPLACE INTO city(region_id, name) values (452, 'Gren');
REPLACE INTO city(region_id, name) values (452, 'Grenaa');
REPLACE INTO city(region_id, name) values (452, 'Gylling');
REPLACE INTO city(region_id, name) values (452, 'Hadsten');
REPLACE INTO city(region_id, name) values (452, 'Krajbjrg');
REPLACE INTO city(region_id, name) values (452, 'Lang');
REPLACE INTO city(region_id, name) values (452, 'Nimtofte');
REPLACE INTO city(region_id, name) values (452, 'Norup');
REPLACE INTO city(region_id, name) values (452, 'Nrbk');
REPLACE INTO city(region_id, name) values (452, 'Odder');
REPLACE INTO city(region_id, name) values (452, 'rsted');
REPLACE INTO city(region_id, name) values (452, 'Randers');
REPLACE INTO city(region_id, name) values (452, 'Risskov');
REPLACE INTO city(region_id, name) values (452, 'Rnde');
REPLACE INTO city(region_id, name) values (452, 'Rye');
REPLACE INTO city(region_id, name) values (452, 'Silkeborg');
REPLACE INTO city(region_id, name) values (452, 'Skanderborg');
REPLACE INTO city(region_id, name) values (452, 'Thors');
REPLACE INTO city(region_id, name) values (452, 'Ulstrup');
REPLACE INTO region(id, country_id, name) values (468, 62, 'Сент-Элье');
REPLACE INTO city(region_id, name) values (62, 'Ак-Довурак');
REPLACE INTO city(region_id, name) values (62, 'Бай Хаак');
REPLACE INTO city(region_id, name) values (62, 'Кызыл');
REPLACE INTO city(region_id, name) values (62, 'Самагалтай');
REPLACE INTO city(region_id, name) values (62, 'Сарыг-Сеп');
REPLACE INTO city(region_id, name) values (62, 'Суть-Холь');
REPLACE INTO city(region_id, name) values (62, 'Тоора-Хем');
REPLACE INTO city(region_id, name) values (62, 'Туран');
REPLACE INTO city(region_id, name) values (62, 'Тээли');
REPLACE INTO city(region_id, name) values (62, 'Хову-Аксы');
REPLACE INTO city(region_id, name) values (62, 'Чадан');
REPLACE INTO city(region_id, name) values (62, 'Шагонар');
REPLACE INTO city(region_id, name) values (62, 'Эрзин');
REPLACE INTO city(region_id, name) values (344, 'Cabimas');
REPLACE INTO city(region_id, name) values (344, 'Ciudad Ojeda');
REPLACE INTO city(region_id, name) values (344, 'Fundo El Len');
REPLACE INTO city(region_id, name) values (344, 'Maracaibo');
REPLACE INTO city(region_id, name) values (344, 'Santa Rita');
REPLACE INTO city(region_id, name) values (387, 'Aach');
REPLACE INTO city(region_id, name) values (387, 'Abentheuer');
REPLACE INTO city(region_id, name) values (387, 'Abtweiler');
REPLACE INTO city(region_id, name) values (387, 'Adenau');
REPLACE INTO city(region_id, name) values (387, 'Adenbach');
REPLACE INTO city(region_id, name) values (387, 'Ailertchen');
REPLACE INTO city(region_id, name) values (387, 'Albig');
REPLACE INTO city(region_id, name) values (387, 'Albisheim (Pfrimm)');
REPLACE INTO city(region_id, name) values (387, 'Alf');
REPLACE INTO city(region_id, name) values (387, 'Allenbach');
REPLACE INTO city(region_id, name) values (387, 'Allendorf');
REPLACE INTO city(region_id, name) values (387, 'Alpenrod');
REPLACE INTO city(region_id, name) values (387, 'Alsdorf (54668)');
REPLACE INTO city(region_id, name) values (387, 'Alsenz');
REPLACE INTO city(region_id, name) values (387, 'Alsheim');
REPLACE INTO city(region_id, name) values (387, 'Altenkirchen (57610)');
REPLACE INTO city(region_id, name) values (387, 'Altenkirchen (66903)');
REPLACE INTO city(region_id, name) values (387, 'Alterklz');
REPLACE INTO city(region_id, name) values (387, 'Altleiningen');
REPLACE INTO city(region_id, name) values (387, 'Alzey');
REPLACE INTO city(region_id, name) values (387, 'Andernach');
REPLACE INTO city(region_id, name) values (387, 'Annweiler am Trifels');
REPLACE INTO city(region_id, name) values (387, 'Asbach (53567)');
REPLACE INTO city(region_id, name) values (387, 'Auderath');
REPLACE INTO city(region_id, name) values (387, 'Ayl');
REPLACE INTO city(region_id, name) values (387, 'Baar');
REPLACE INTO city(region_id, name) values (387, 'Bad Bergzabern');
REPLACE INTO city(region_id, name) values (387, 'Bad Breisig');
REPLACE INTO city(region_id, name) values (387, 'Bad Drkheim');
REPLACE INTO city(region_id, name) values (387, 'Bad Ems');
REPLACE INTO city(region_id, name) values (387, 'Bad Hnningen');
REPLACE INTO city(region_id, name) values (387, 'Bad Kreuznach');
REPLACE INTO city(region_id, name) values (387, 'Bad Marienberg');
REPLACE INTO city(region_id, name) values (387, 'Bad Mnster am Stein-Ebernburg');
REPLACE INTO city(region_id, name) values (387, 'Bad Neuenahr-Ahrweiler');
REPLACE INTO city(region_id, name) values (387, 'Bad Sobernheim');
REPLACE INTO city(region_id, name) values (387, 'Brenbach (55483)');
REPLACE INTO city(region_id, name) values (387, 'Baumholder');
REPLACE INTO city(region_id, name) values (387, 'Bausendorf');
REPLACE INTO city(region_id, name) values (387, 'Bell (56288)');
REPLACE INTO city(region_id, name) values (387, 'Bellheim');
REPLACE INTO city(region_id, name) values (387, 'Bendorf');
REPLACE INTO city(region_id, name) values (387, 'Berlingen');
REPLACE INTO city(region_id, name) values (387, 'Bernkastel-Kues');
REPLACE INTO city(region_id, name) values (387, 'Berzhahn');
REPLACE INTO city(region_id, name) values (387, 'Betzdorf');
REPLACE INTO city(region_id, name) values (387, 'Bingen am Rhein');
REPLACE INTO city(region_id, name) values (387, 'Birkenfeld');
REPLACE INTO city(region_id, name) values (387, 'Birlenbach');
REPLACE INTO city(region_id, name) values (387, 'Bitburg');
REPLACE INTO city(region_id, name) values (387, 'Bitzen');
REPLACE INTO city(region_id, name) values (387, 'Blankenrath');
REPLACE INTO city(region_id, name) values (387, 'Bobenheim-Roxheim');
REPLACE INTO city(region_id, name) values (387, 'Bogel');
REPLACE INTO city(region_id, name) values (387, 'Bhl-Iggelheim');
REPLACE INTO city(region_id, name) values (387, 'Boppard');
REPLACE INTO city(region_id, name) values (387, 'Braubach');
REPLACE INTO city(region_id, name) values (387, 'Bruchmhlbach-Miesau');
REPLACE INTO city(region_id, name) values (387, 'Brcken (66904)');
REPLACE INTO city(region_id, name) values (387, 'Bchenbeuren');
REPLACE INTO city(region_id, name) values (387, 'Burgen (56332)');
REPLACE INTO city(region_id, name) values (387, 'Cochem');
REPLACE INTO city(region_id, name) values (387, 'Contwig');
REPLACE INTO city(region_id, name) values (387, 'Daaden');
REPLACE INTO city(region_id, name) values (387, 'Dahn');
REPLACE INTO city(region_id, name) values (387, 'Daun');
REPLACE INTO city(region_id, name) values (387, 'Deidesheim');
REPLACE INTO city(region_id, name) values (387, 'Dellfeld');
REPLACE INTO city(region_id, name) values (387, 'Dierbach');
REPLACE INTO city(region_id, name) values (387, 'Dierdorf');
REPLACE INTO city(region_id, name) values (387, 'Diez');
REPLACE INTO city(region_id, name) values (387, 'Dreisen');
REPLACE INTO city(region_id, name) values (387, 'Dudenhofen');
REPLACE INTO city(region_id, name) values (387, 'Eckfeld');
REPLACE INTO city(region_id, name) values (387, 'Edenkoben');
REPLACE INTO city(region_id, name) values (387, 'Eich');
REPLACE INTO city(region_id, name) values (387, 'Einig');
REPLACE INTO city(region_id, name) values (387, 'Einselthum');
REPLACE INTO city(region_id, name) values (387, 'Eisenberg');
REPLACE INTO city(region_id, name) values (387, 'Emmelshausen');
REPLACE INTO city(region_id, name) values (387, 'Enkenbach-Alsenborn');
REPLACE INTO city(region_id, name) values (387, 'Elingen');
REPLACE INTO city(region_id, name) values (387, 'Fell');
REPLACE INTO city(region_id, name) values (387, 'Fischbach (67693)');
REPLACE INTO city(region_id, name) values (387, 'Forst (Hunsrck)');
REPLACE INTO city(region_id, name) values (387, 'Forst an der Weinstrae');
REPLACE INTO city(region_id, name) values (387, 'Frankenthal (Pfalz)');
REPLACE INTO city(region_id, name) values (387, 'Gau-Algesheim');
REPLACE INTO city(region_id, name) values (387, 'Gensingen');
REPLACE INTO city(region_id, name) values (387, 'Germersheim');
REPLACE INTO city(region_id, name) values (387, 'Gerolstein');
REPLACE INTO city(region_id, name) values (387, 'Gillenfeld');
REPLACE INTO city(region_id, name) values (387, 'Glan-Mnchweiler');
REPLACE INTO city(region_id, name) values (387, 'Gleisweiler');
REPLACE INTO city(region_id, name) values (387, 'Groniedesheim');
REPLACE INTO city(region_id, name) values (387, 'Grnstadt');
REPLACE INTO city(region_id, name) values (387, 'Gundheim');
REPLACE INTO city(region_id, name) values (387, 'Hachenburg');
REPLACE INTO city(region_id, name) values (387, 'Hahn');
REPLACE INTO city(region_id, name) values (387, 'Hamm (57577)');
REPLACE INTO city(region_id, name) values (387, 'Hasselbach (56288)');
REPLACE INTO city(region_id, name) values (387, 'Haloch');
REPLACE INTO city(region_id, name) values (387, 'Heimbach');
REPLACE INTO city(region_id, name) values (387, 'Hermeskeil');
REPLACE INTO city(region_id, name) values (387, 'Herxheim bei Landau/Pfalz');
REPLACE INTO city(region_id, name) values (387, 'Hettenleidelheim');
REPLACE INTO city(region_id, name) values (387, 'Hochspeyer');
REPLACE INTO city(region_id, name) values (387, 'Hof');
REPLACE INTO city(region_id, name) values (387, 'Hhr-Grenzhausen');
REPLACE INTO city(region_id, name) values (387, 'Holzappel');
REPLACE INTO city(region_id, name) values (387, 'Homberg (67744)');
REPLACE INTO city(region_id, name) values (387, 'Horhausen (56593)');
REPLACE INTO city(region_id, name) values (387, 'Idar-Oberstein');
REPLACE INTO city(region_id, name) values (387, 'Ingelheim am Rhein');
REPLACE INTO city(region_id, name) values (387, 'Kaisersesch');
REPLACE INTO city(region_id, name) values (387, 'Kaiserslautern');
REPLACE INTO city(region_id, name) values (387, 'Kalt');
REPLACE INTO city(region_id, name) values (387, 'Kandel');
REPLACE INTO city(region_id, name) values (387, 'Karlshausen');
REPLACE INTO city(region_id, name) values (387, 'Kasel');
REPLACE INTO city(region_id, name) values (387, 'Kastellaun');
REPLACE INTO city(region_id, name) values (387, 'Kelberg');
REPLACE INTO city(region_id, name) values (387, 'Kestert');
REPLACE INTO city(region_id, name) values (387, 'Kirchberg');
REPLACE INTO city(region_id, name) values (387, 'Kirchen');
REPLACE INTO city(region_id, name) values (387, 'Kirchheimbolanden');
REPLACE INTO city(region_id, name) values (387, 'Kirn');
REPLACE INTO city(region_id, name) values (387, 'Koblenz');
REPLACE INTO city(region_id, name) values (387, 'Konz');
REPLACE INTO city(region_id, name) values (387, 'Krv');
REPLACE INTO city(region_id, name) values (387, 'Kruft');
REPLACE INTO city(region_id, name) values (387, 'Kusel');
REPLACE INTO city(region_id, name) values (387, 'Lahnstein');
REPLACE INTO city(region_id, name) values (387, 'Lambsheim');
REPLACE INTO city(region_id, name) values (387, 'Landau in der Pfalz');
REPLACE INTO city(region_id, name) values (387, 'Landstuhl');
REPLACE INTO city(region_id, name) values (387, 'Lemberg');
REPLACE INTO city(region_id, name) values (387, 'Limburgerhof');
REPLACE INTO city(region_id, name) values (387, 'Linz am Rhein');
REPLACE INTO city(region_id, name) values (387, 'Ludwigshafen am Rhein');
REPLACE INTO city(region_id, name) values (387, 'Ludwigshhe');
REPLACE INTO city(region_id, name) values (387, 'Lutzerath');
REPLACE INTO city(region_id, name) values (387, 'Mainz');
REPLACE INTO city(region_id, name) values (387, 'Manderscheid (54531)');
REPLACE INTO city(region_id, name) values (387, 'Marnheim');
REPLACE INTO city(region_id, name) values (387, 'Mayen');
REPLACE INTO city(region_id, name) values (387, 'Meckenheim');
REPLACE INTO city(region_id, name) values (387, 'Meinborn');
REPLACE INTO city(region_id, name) values (387, 'Mendig');
REPLACE INTO city(region_id, name) values (387, 'Miellen');
REPLACE INTO city(region_id, name) values (387, 'Montabaur');
REPLACE INTO city(region_id, name) values (387, 'Morbach');
REPLACE INTO city(region_id, name) values (387, 'Mrsbach');
REPLACE INTO city(region_id, name) values (387, 'Mden');
REPLACE INTO city(region_id, name) values (387, 'Mlheim');
REPLACE INTO city(region_id, name) values (387, 'Mlheim-Krlich');
REPLACE INTO city(region_id, name) values (387, 'Mutterstadt');
REPLACE INTO city(region_id, name) values (387, 'Nassau');
REPLACE INTO city(region_id, name) values (387, 'Nasttten');
REPLACE INTO city(region_id, name) values (387, 'Neuerburg');
REPLACE INTO city(region_id, name) values (387, 'Neuerkirch');
REPLACE INTO city(region_id, name) values (387, 'Neuhofen');
REPLACE INTO city(region_id, name) values (387, 'Neustadt (Westerwald)');
REPLACE INTO city(region_id, name) values (387, 'Neustadt (Wied)');
REPLACE INTO city(region_id, name) values (387, 'Neustadt an der Weinstrae');
REPLACE INTO city(region_id, name) values (387, 'Neuwied');
REPLACE INTO city(region_id, name) values (387, 'Nieder-Olm');
REPLACE INTO city(region_id, name) values (387, 'Niedersohren');
REPLACE INTO city(region_id, name) values (387, 'Oberhonnefeld-Gierend');
REPLACE INTO city(region_id, name) values (387, 'Oberwesel');
REPLACE INTO city(region_id, name) values (387, 'Offenbach an der Queich');
REPLACE INTO city(region_id, name) values (387, 'Oppenheim');
REPLACE INTO city(region_id, name) values (387, 'Osthofen');
REPLACE INTO city(region_id, name) values (387, 'Otterberg');
REPLACE INTO city(region_id, name) values (387, 'Pirmasens');
REPLACE INTO city(region_id, name) values (387, 'Polch');
REPLACE INTO city(region_id, name) values (387, 'Prm');
REPLACE INTO city(region_id, name) values (387, 'Puderbach');
REPLACE INTO city(region_id, name) values (387, 'Ramstein-Miesenbach');
REPLACE INTO city(region_id, name) values (387, 'Ransbach-Baumbach');
REPLACE INTO city(region_id, name) values (387, 'Remagen');
REPLACE INTO city(region_id, name) values (387, 'Rennerod');
REPLACE INTO city(region_id, name) values (387, 'Rheinbrohl');
REPLACE INTO city(region_id, name) values (387, 'Rockenhausen');
REPLACE INTO city(region_id, name) values (387, 'Rosenheim');
REPLACE INTO city(region_id, name) values (387, 'Roth (57539)');
REPLACE INTO city(region_id, name) values (387, 'Rlzheim');
REPLACE INTO city(region_id, name) values (387, 'Saarburg');
REPLACE INTO city(region_id, name) values (387, 'Sankt Julian');
REPLACE INTO city(region_id, name) values (387, 'Schifferstadt');
REPLACE INTO city(region_id, name) values (387, 'Schnenberg-Kbelberg');
REPLACE INTO city(region_id, name) values (387, 'Schwegenheim');
REPLACE INTO city(region_id, name) values (387, 'Sellerich');
REPLACE INTO city(region_id, name) values (387, 'Selters');
REPLACE INTO city(region_id, name) values (387, 'Sessenhausen');
REPLACE INTO city(region_id, name) values (387, 'Simmern (55469)');
REPLACE INTO city(region_id, name) values (387, 'Simmertal');
REPLACE INTO city(region_id, name) values (387, 'Sinzig');
REPLACE INTO city(region_id, name) values (387, 'Sohren');
REPLACE INTO city(region_id, name) values (387, 'Speyer');
REPLACE INTO city(region_id, name) values (387, 'Trier');
REPLACE INTO city(region_id, name) values (387, 'Trimbs');
REPLACE INTO city(region_id, name) values (387, 'Ulmen');
REPLACE INTO city(region_id, name) values (387, 'Vallendar');
REPLACE INTO city(region_id, name) values (387, 'Waldmohr');
REPLACE INTO city(region_id, name) values (387, 'Wallmerod');
REPLACE INTO city(region_id, name) values (387, 'Walsdorf');
REPLACE INTO city(region_id, name) values (387, 'Weiden');
REPLACE INTO city(region_id, name) values (387, 'Weilerbach');
REPLACE INTO city(region_id, name) values (387, 'Weienthurm');
REPLACE INTO city(region_id, name) values (387, 'Westerburg');
REPLACE INTO city(region_id, name) values (387, 'Windhagen');
REPLACE INTO city(region_id, name) values (387, 'Winnweiler');
REPLACE INTO city(region_id, name) values (387, 'Wirges');
REPLACE INTO city(region_id, name) values (387, 'Wissen');
REPLACE INTO city(region_id, name) values (387, 'Wittlich');
REPLACE INTO city(region_id, name) values (387, 'Worms');
REPLACE INTO city(region_id, name) values (387, 'Wrth am Rhein');
REPLACE INTO city(region_id, name) values (387, 'Zell');
REPLACE INTO city(region_id, name) values (387, 'Zerf');
REPLACE INTO city(region_id, name) values (387, 'Zweibrcken');
REPLACE INTO city(region_id, name) values (387, 'Zweifelscheid');
REPLACE INTO city(region_id, name) values (402, 'stros');
REPLACE INTO city(region_id, name) values (402, 'Leondi');
REPLACE INTO city(region_id, name) values (402, 'Megalpolis');
REPLACE INTO city(region_id, name) values (402, 'Trpoli');
REPLACE INTO city(region_id, name) values (402, 'Trpolis');
REPLACE INTO city(region_id, name) values (453, 'Aakirkeby');
REPLACE INTO city(region_id, name) values (453, 'Aalse');
REPLACE INTO city(region_id, name) values (453, 'Aarsballe');
REPLACE INTO city(region_id, name) values (453, 'lse');
REPLACE INTO city(region_id, name) values (453, 'Bodilskirke');
REPLACE INTO city(region_id, name) values (453, 'Blshavn');
REPLACE INTO city(region_id, name) values (453, 'Brohuse');
REPLACE INTO city(region_id, name) values (453, 'Sletteenge');
REPLACE INTO city(region_id, name) values (453, 'Svaneke');
REPLACE INTO city(region_id, name) values (468, 'Сент-Элье');
REPLACE INTO region(id, country_id, name) values (469, 63, 'Джибути');
REPLACE INTO city(region_id, name) values (63, 'Агеево');
REPLACE INTO city(region_id, name) values (63, 'Алексин');
REPLACE INTO city(region_id, name) values (63, 'Арсеньево');
REPLACE INTO city(region_id, name) values (63, 'Барсуки');
REPLACE INTO city(region_id, name) values (63, 'Белев');
REPLACE INTO city(region_id, name) values (63, 'Богородицк');
REPLACE INTO city(region_id, name) values (63, 'Болохово');
REPLACE INTO city(region_id, name) values (63, 'Велегож');
REPLACE INTO city(region_id, name) values (63, 'Венев');
REPLACE INTO city(region_id, name) values (63, 'Волово');
REPLACE INTO city(region_id, name) values (63, 'Горелки');
REPLACE INTO city(region_id, name) values (63, 'Донской');
REPLACE INTO city(region_id, name) values (63, 'Дубна (Тульская обл.)');
REPLACE INTO city(region_id, name) values (63, 'Епифань');
REPLACE INTO city(region_id, name) values (63, 'Ефремов');
REPLACE INTO city(region_id, name) values (63, 'Заокский');
REPLACE INTO city(region_id, name) values (63, 'Казановка');
REPLACE INTO city(region_id, name) values (63, 'Кимовск');
REPLACE INTO city(region_id, name) values (63, 'Киреевск');
REPLACE INTO city(region_id, name) values (63, 'Куркино');
REPLACE INTO city(region_id, name) values (63, 'Ленинский');
REPLACE INTO city(region_id, name) values (63, 'Лянтор');
REPLACE INTO city(region_id, name) values (63, 'Новомосковск');
REPLACE INTO city(region_id, name) values (63, 'Одоев');
REPLACE INTO city(region_id, name) values (63, 'Плавск');
REPLACE INTO city(region_id, name) values (63, 'Советск (Тульская обл.)');
REPLACE INTO city(region_id, name) values (63, 'Суворов');
REPLACE INTO city(region_id, name) values (63, 'Тула');
REPLACE INTO city(region_id, name) values (63, 'Узловая');
REPLACE INTO city(region_id, name) values (63, 'Щекино');
REPLACE INTO city(region_id, name) values (63, 'Ясногорск');
REPLACE INTO city(region_id, name) values (388, 'Beckingen');
REPLACE INTO city(region_id, name) values (388, 'Bexbach');
REPLACE INTO city(region_id, name) values (388, 'Blieskastel');
REPLACE INTO city(region_id, name) values (388, 'Bous');
REPLACE INTO city(region_id, name) values (388, 'Dillingen');
REPLACE INTO city(region_id, name) values (388, 'Ensdorf');
REPLACE INTO city(region_id, name) values (388, 'Eppelborn');
REPLACE INTO city(region_id, name) values (388, 'Friedrichsthal');
REPLACE INTO city(region_id, name) values (388, 'Gersheim');
REPLACE INTO city(region_id, name) values (388, 'Heusweiler');
REPLACE INTO city(region_id, name) values (388, 'Homburg');
REPLACE INTO city(region_id, name) values (388, 'Illingen');
REPLACE INTO city(region_id, name) values (388, 'Kirkel');
REPLACE INTO city(region_id, name) values (388, 'Kleinblittersdorf');
REPLACE INTO city(region_id, name) values (388, 'Lebach');
REPLACE INTO city(region_id, name) values (388, 'Losheim am See');
REPLACE INTO city(region_id, name) values (388, 'Mandelbachtal');
REPLACE INTO city(region_id, name) values (388, 'Marpingen');
REPLACE INTO city(region_id, name) values (388, 'Merchweiler');
REPLACE INTO city(region_id, name) values (388, 'Merzig');
REPLACE INTO city(region_id, name) values (388, 'Mettlach');
REPLACE INTO city(region_id, name) values (388, 'Nalbach');
REPLACE INTO city(region_id, name) values (388, 'Namborn');
REPLACE INTO city(region_id, name) values (388, 'Neunkirchen/Saar');
REPLACE INTO city(region_id, name) values (388, 'Nonnweiler');
REPLACE INTO city(region_id, name) values (388, 'Oberthal');
REPLACE INTO city(region_id, name) values (388, 'Ottweiler');
REPLACE INTO city(region_id, name) values (388, 'Perl');
REPLACE INTO city(region_id, name) values (388, 'Pttlingen');
REPLACE INTO city(region_id, name) values (388, 'Quierschied');
REPLACE INTO city(region_id, name) values (388, 'Rehlingen-Siersburg');
REPLACE INTO city(region_id, name) values (388, 'Riegelsberg');
REPLACE INTO city(region_id, name) values (388, 'Saarbrcken');
REPLACE INTO city(region_id, name) values (388, 'Saarlouis');
REPLACE INTO city(region_id, name) values (388, 'Saarwellingen');
REPLACE INTO city(region_id, name) values (388, 'Sankt Ingbert');
REPLACE INTO city(region_id, name) values (388, 'Sankt Wendel');
REPLACE INTO city(region_id, name) values (388, 'Schmelz');
REPLACE INTO city(region_id, name) values (388, 'Schwalbach');
REPLACE INTO city(region_id, name) values (388, 'Spiesen-Elversberg');
REPLACE INTO city(region_id, name) values (388, 'Sulzbach/Saar');
REPLACE INTO city(region_id, name) values (388, 'Tholey');
REPLACE INTO city(region_id, name) values (388, 'berherrn');
REPLACE INTO city(region_id, name) values (388, 'Vlklingen');
REPLACE INTO city(region_id, name) values (388, 'Wadern');
REPLACE INTO city(region_id, name) values (388, 'Wadgassen');
REPLACE INTO city(region_id, name) values (388, 'Wallerfangen');
REPLACE INTO city(region_id, name) values (388, 'Weiskirchen');
REPLACE INTO city(region_id, name) values (403, 'Aga Trida');
REPLACE INTO city(region_id, name) values (403, 'Aga Tris');
REPLACE INTO city(region_id, name) values (403, 'gios Ionnis');
REPLACE INTO city(region_id, name) values (403, 'Alni');
REPLACE INTO city(region_id, name) values (403, 'rta');
REPLACE INTO city(region_id, name) values (403, 'Gianntsi');
REPLACE INTO city(region_id, name) values (403, 'Mlos Pap');
REPLACE INTO city(region_id, name) values (454, 'Allerd');
REPLACE INTO city(region_id, name) values (454, 'Bastrup');
REPLACE INTO city(region_id, name) values (454, 'Birkerd');
REPLACE INTO city(region_id, name) values (454, 'Dronningmlle');
REPLACE INTO city(region_id, name) values (454, 'Fredensborg');
REPLACE INTO city(region_id, name) values (454, 'Frederikssund');
REPLACE INTO city(region_id, name) values (454, 'Frederiksvrk');
REPLACE INTO city(region_id, name) values (454, 'Gilleleje');
REPLACE INTO city(region_id, name) values (454, 'Helsinge');
REPLACE INTO city(region_id, name) values (454, 'Helsingr');
REPLACE INTO city(region_id, name) values (454, 'Herlev');
REPLACE INTO city(region_id, name) values (454, 'Hillerd');
REPLACE INTO city(region_id, name) values (454, 'Hundested');
REPLACE INTO city(region_id, name) values (454, 'lstykke');
REPLACE INTO city(region_id, name) values (469, 'Джибути');
REPLACE INTO region(id, country_id, name) values (470, 64, 'Санто-доминго');
REPLACE INTO city(region_id, name) values (64, 'Яр-Сале');
REPLACE INTO city(region_id, name) values (64, 'Абатский');
REPLACE INTO city(region_id, name) values (64, 'Аган');
REPLACE INTO city(region_id, name) values (64, 'Аксарка');
REPLACE INTO city(region_id, name) values (64, 'Армизонское');
REPLACE INTO city(region_id, name) values (64, 'Аромашево');
REPLACE INTO city(region_id, name) values (64, 'Белоярский (Тюменская обл.)');
REPLACE INTO city(region_id, name) values (64, 'Бердюжье');
REPLACE INTO city(region_id, name) values (64, 'Березово');
REPLACE INTO city(region_id, name) values (64, 'Большое Сорокино');
REPLACE INTO city(region_id, name) values (64, 'Вагай');
REPLACE INTO city(region_id, name) values (64, 'Викулово');
REPLACE INTO city(region_id, name) values (64, 'Винзили');
REPLACE INTO city(region_id, name) values (64, 'Голышманово');
REPLACE INTO city(region_id, name) values (64, 'Губкинский (Тюменская обл.)');
REPLACE INTO city(region_id, name) values (64, 'Заводопетровский');
REPLACE INTO city(region_id, name) values (64, 'Заводоуковск');
REPLACE INTO city(region_id, name) values (64, 'Игрим');
REPLACE INTO city(region_id, name) values (64, 'Излучинск');
REPLACE INTO city(region_id, name) values (64, 'Исетское');
REPLACE INTO city(region_id, name) values (64, 'Ишим');
REPLACE INTO city(region_id, name) values (64, 'Казанское');
REPLACE INTO city(region_id, name) values (64, 'Казым-Мыс');
REPLACE INTO city(region_id, name) values (64, 'Когалым (Тюменская обл.)');
REPLACE INTO city(region_id, name) values (64, 'Кондинское');
REPLACE INTO city(region_id, name) values (64, 'Красноселькуп');
REPLACE INTO city(region_id, name) values (64, 'Лабытнанги');
REPLACE INTO city(region_id, name) values (64, 'Лангепас');
REPLACE INTO city(region_id, name) values (64, 'Ларьяк');
REPLACE INTO city(region_id, name) values (64, 'Лянторский');
REPLACE INTO city(region_id, name) values (64, 'Мегион');
REPLACE INTO city(region_id, name) values (64, 'Междуреченский');
REPLACE INTO city(region_id, name) values (64, 'Мужи');
REPLACE INTO city(region_id, name) values (64, 'Муравленко (Тюменская обл.)');
REPLACE INTO city(region_id, name) values (64, 'Надым (Тюменская обл.)');
REPLACE INTO city(region_id, name) values (64, 'Находка (Тюменская обл.)');
REPLACE INTO city(region_id, name) values (64, 'Нефтеюганск');
REPLACE INTO city(region_id, name) values (64, 'Нижневартовск');
REPLACE INTO city(region_id, name) values (64, 'Нижняя Тавда');
REPLACE INTO city(region_id, name) values (64, 'Новоаганск');
REPLACE INTO city(region_id, name) values (64, 'Новый Уренгой (Тюменская обл.)');
REPLACE INTO city(region_id, name) values (64, 'Ноябрьск (Тюменская обл.)');
REPLACE INTO city(region_id, name) values (64, 'Нягань');
REPLACE INTO city(region_id, name) values (64, 'Октябрьское (Тюменская обл.)');
REPLACE INTO city(region_id, name) values (64, 'Омутинский');
REPLACE INTO city(region_id, name) values (64, 'Покачи (Тюменская обл.)');
REPLACE INTO city(region_id, name) values (64, 'Приобье');
REPLACE INTO city(region_id, name) values (64, 'Пыть-Ях');
REPLACE INTO city(region_id, name) values (64, 'Радужный (Ханты-Мансийский АО)');
REPLACE INTO city(region_id, name) values (64, 'Салехард');
REPLACE INTO city(region_id, name) values (64, 'Сладково');
REPLACE INTO city(region_id, name) values (64, 'Советский (Тюменская обл.)');
REPLACE INTO city(region_id, name) values (64, 'Сургут');
REPLACE INTO city(region_id, name) values (64, 'Тазовский');
REPLACE INTO city(region_id, name) values (64, 'Тобольск');
REPLACE INTO city(region_id, name) values (64, 'Тюмень');
REPLACE INTO city(region_id, name) values (64, 'Уват');
REPLACE INTO city(region_id, name) values (64, 'Унъюган');
REPLACE INTO city(region_id, name) values (64, 'Упорово');
REPLACE INTO city(region_id, name) values (64, 'Урай');
REPLACE INTO city(region_id, name) values (64, 'Ханты-Мансийск');
REPLACE INTO city(region_id, name) values (64, 'Югорск');
REPLACE INTO city(region_id, name) values (64, 'Юрибей');
REPLACE INTO city(region_id, name) values (64, 'Ялуторовск');
REPLACE INTO city(region_id, name) values (64, 'Ярково');
REPLACE INTO city(region_id, name) values (389, 'Adorf');
REPLACE INTO city(region_id, name) values (389, 'Altenberg');
REPLACE INTO city(region_id, name) values (389, 'Altmittweida');
REPLACE INTO city(region_id, name) values (389, 'Amtsberg');
REPLACE INTO city(region_id, name) values (389, 'Annaberg-Buchholz');
REPLACE INTO city(region_id, name) values (389, 'Aue');
REPLACE INTO city(region_id, name) values (389, 'Auerbach');
REPLACE INTO city(region_id, name) values (389, 'Auerbach/Vogtland');
REPLACE INTO city(region_id, name) values (389, 'Augustusburg');
REPLACE INTO city(region_id, name) values (389, 'Bad Dben');
REPLACE INTO city(region_id, name) values (389, 'Bad Elster');
REPLACE INTO city(region_id, name) values (389, 'Bad Muskau');
REPLACE INTO city(region_id, name) values (389, 'Bahretal');
REPLACE INTO city(region_id, name) values (389, 'Bannewitz');
REPLACE INTO city(region_id, name) values (389, 'Bautzen');
REPLACE INTO city(region_id, name) values (389, 'Beiersdorf');
REPLACE INTO city(region_id, name) values (389, 'Beilrode');
REPLACE INTO city(region_id, name) values (389, 'Belgershain');
REPLACE INTO city(region_id, name) values (389, 'Bischofswerda');
REPLACE INTO city(region_id, name) values (389, 'Bockelwitz');
REPLACE INTO city(region_id, name) values (389, 'Borna');
REPLACE INTO city(region_id, name) values (389, 'Brnichen/Erzgebirge');
REPLACE INTO city(region_id, name) values (389, 'Burgstdt');
REPLACE INTO city(region_id, name) values (389, 'Burkau');
REPLACE INTO city(region_id, name) values (389, 'Cavertitz');
REPLACE INTO city(region_id, name) values (389, 'Chemnitz');
REPLACE INTO city(region_id, name) values (389, 'Claunitz');
REPLACE INTO city(region_id, name) values (389, 'Coswig');
REPLACE INTO city(region_id, name) values (389, 'Crimmitschau');
REPLACE INTO city(region_id, name) values (389, 'Delitzsch');
REPLACE INTO city(region_id, name) values (389, 'Dennheritz');
REPLACE INTO city(region_id, name) values (389, 'Deutschneudorf');
REPLACE INTO city(region_id, name) values (389, 'Dippoldiswalde');
REPLACE INTO city(region_id, name) values (389, 'Dbeln');
REPLACE INTO city(region_id, name) values (389, 'Dresden');
REPLACE INTO city(region_id, name) values (389, 'Drrrhrsdorf-Dittersbach');
REPLACE INTO city(region_id, name) values (389, 'Falkenstein/Vogtland');
REPLACE INTO city(region_id, name) values (389, 'Flha');
REPLACE INTO city(region_id, name) values (389, 'Freiberg');
REPLACE INTO city(region_id, name) values (389, 'Freital');
REPLACE INTO city(region_id, name) values (389, 'Glauchau');
REPLACE INTO city(region_id, name) values (389, 'Grlitz');
REPLACE INTO city(region_id, name) values (389, 'Grimma');
REPLACE INTO city(region_id, name) values (389, 'Grditz');
REPLACE INTO city(region_id, name) values (389, 'Groenhain');
REPLACE INTO city(region_id, name) values (389, 'Heidenau');
REPLACE INTO city(region_id, name) values (389, 'Hoyerswerda');
REPLACE INTO city(region_id, name) values (389, 'Johanngeorgenstadt');
REPLACE INTO city(region_id, name) values (389, 'Jonsdorf');
REPLACE INTO city(region_id, name) values (389, 'Kamenz');
REPLACE INTO city(region_id, name) values (389, 'Klingenthal/Sachsen');
REPLACE INTO city(region_id, name) values (389, 'Lauig');
REPLACE INTO city(region_id, name) values (389, 'Leipzig');
REPLACE INTO city(region_id, name) values (389, 'Limbach-Oberfrohna');
REPLACE INTO city(region_id, name) values (389, 'Lbau');
REPLACE INTO city(region_id, name) values (389, 'Lnitz');
REPLACE INTO city(region_id, name) values (389, 'Lugau/Erzgebirge');
REPLACE INTO city(region_id, name) values (389, 'Marienberg');
REPLACE INTO city(region_id, name) values (389, 'Markkleeberg');
REPLACE INTO city(region_id, name) values (389, 'Meerane');
REPLACE INTO city(region_id, name) values (389, 'Meien');
REPLACE INTO city(region_id, name) values (389, 'Mittweida');
REPLACE INTO city(region_id, name) values (389, 'Neusalza-Spremberg');
REPLACE INTO city(region_id, name) values (389, 'Neustadt in Sachsen');
REPLACE INTO city(region_id, name) values (389, 'Niesky');
REPLACE INTO city(region_id, name) values (389, 'Oelsnitz');
REPLACE INTO city(region_id, name) values (389, 'Ohorn');
REPLACE INTO city(region_id, name) values (389, 'Otterwisch');
REPLACE INTO city(region_id, name) values (389, 'Pirna');
REPLACE INTO city(region_id, name) values (389, 'Plauen');
REPLACE INTO city(region_id, name) values (389, 'Pulsnitz');
REPLACE INTO city(region_id, name) values (389, 'Radeberg');
REPLACE INTO city(region_id, name) values (389, 'Radebeul');
REPLACE INTO city(region_id, name) values (389, 'Reichenbach/Vogtland');
REPLACE INTO city(region_id, name) values (389, 'Riesa');
REPLACE INTO city(region_id, name) values (389, 'Rodewisch');
REPLACE INTO city(region_id, name) values (389, 'Rothenburg/Oberlausitz');
REPLACE INTO city(region_id, name) values (389, 'Schlema');
REPLACE INTO city(region_id, name) values (389, 'Schneeberg');
REPLACE INTO city(region_id, name) values (389, 'Stollberg/Erzgebirge');
REPLACE INTO city(region_id, name) values (389, 'Syrau');
REPLACE INTO city(region_id, name) values (389, 'Torgau');
REPLACE INTO city(region_id, name) values (389, 'Treuen');
REPLACE INTO city(region_id, name) values (389, 'Waldheim');
REPLACE INTO city(region_id, name) values (389, 'Weiwasser');
REPLACE INTO city(region_id, name) values (389, 'Werdau');
REPLACE INTO city(region_id, name) values (389, 'Wilkau-Halau');
REPLACE INTO city(region_id, name) values (389, 'Wurzen');
REPLACE INTO city(region_id, name) values (389, 'Zittau');
REPLACE INTO city(region_id, name) values (389, 'Zschopau');
REPLACE INTO city(region_id, name) values (389, 'Zwickau');
REPLACE INTO city(region_id, name) values (404, 'Aegina');
REPLACE INTO city(region_id, name) values (404, 'Afini');
REPLACE INTO city(region_id, name) values (404, 'gioi');
REPLACE INTO city(region_id, name) values (404, 'Agina');
REPLACE INTO city(region_id, name) values (404, 'Arpis');
REPLACE INTO city(region_id, name) values (404, 'Atene');
REPLACE INTO city(region_id, name) values (404, 'Athen');
REPLACE INTO city(region_id, name) values (404, 'Athenai');
REPLACE INTO city(region_id, name) values (404, 'Athnes');
REPLACE INTO city(region_id, name) values (404, 'Athens');
REPLACE INTO city(region_id, name) values (404, 'Athna');
REPLACE INTO city(region_id, name) values (404, 'Athnai');
REPLACE INTO city(region_id, name) values (404, 'Athinia');
REPLACE INTO city(region_id, name) values (404, 'Elefsna');
REPLACE INTO city(region_id, name) values (404, 'Elefss');
REPLACE INTO city(region_id, name) values (404, 'Eleusis');
REPLACE INTO city(region_id, name) values (404, 'Glifdha');
REPLACE INTO city(region_id, name) values (404, 'Glyfda');
REPLACE INTO city(region_id, name) values (404, 'kalithea');
REPLACE INTO city(region_id, name) values (404, 'Keratsni');
REPLACE INTO city(region_id, name) values (404, 'Keratsinou');
REPLACE INTO city(region_id, name) values (404, 'Palokia');
REPLACE INTO city(region_id, name) values (404, 'Peiraeus');
REPLACE INTO city(region_id, name) values (404, 'Peirai');
REPLACE INTO city(region_id, name) values (404, 'Prama');
REPLACE INTO city(region_id, name) values (404, 'Piraeus');
REPLACE INTO city(region_id, name) values (404, 'Pireo');
REPLACE INTO city(region_id, name) values (404, 'Pros');
REPLACE INTO city(region_id, name) values (404, 'Potams');
REPLACE INTO city(region_id, name) values (455, '');
REPLACE INTO city(region_id, name) values (455, 'Aarslev');
REPLACE INTO city(region_id, name) values (455, 'rslev');
REPLACE INTO city(region_id, name) values (455, 'Assens');
REPLACE INTO city(region_id, name) values (455, 'sum');
REPLACE INTO city(region_id, name) values (455, 'Bogense');
REPLACE INTO city(region_id, name) values (455, 'Brenderup');
REPLACE INTO city(region_id, name) values (455, 'Faaborg');
REPLACE INTO city(region_id, name) values (455, 'Gislev Holme');
REPLACE INTO city(region_id, name) values (455, 'Horne');
REPLACE INTO city(region_id, name) values (455, 'Korinth');
REPLACE INTO city(region_id, name) values (455, 'Middelfart');
REPLACE INTO city(region_id, name) values (455, 'Nyborg');
REPLACE INTO city(region_id, name) values (455, 'Odense');
REPLACE INTO city(region_id, name) values (455, 'rsted');
REPLACE INTO city(region_id, name) values (455, 'Ringe');
REPLACE INTO city(region_id, name) values (455, 'Rudkbing');
REPLACE INTO city(region_id, name) values (455, 'Svendborg');
REPLACE INTO city(region_id, name) values (455, 'Svindinge');
REPLACE INTO city(region_id, name) values (455, 'Tommerup');
REPLACE INTO city(region_id, name) values (455, 'Vester Hsinge');
REPLACE INTO city(region_id, name) values (470, 'Санто-доминго');
REPLACE INTO region(id, country_id, name) values (471, 65, 'Аль-Кахира');
REPLACE INTO region(id, country_id, name) values (472, 65, 'Асуан');
REPLACE INTO region(id, country_id, name) values (473, 65, 'Асьют');
REPLACE INTO region(id, country_id, name) values (474, 65, 'Бени-Суэйф');
REPLACE INTO region(id, country_id, name) values (475, 65, 'Гарбия');
REPLACE INTO region(id, country_id, name) values (476, 65, 'Думьят');
REPLACE INTO region(id, country_id, name) values (477, 65, 'Египет');
REPLACE INTO region(id, country_id, name) values (478, 65, 'Синай');
REPLACE INTO city(region_id, name) values (65, 'Алнаши');
REPLACE INTO city(region_id, name) values (65, 'Балезино');
REPLACE INTO city(region_id, name) values (65, 'Вавож');
REPLACE INTO city(region_id, name) values (65, 'Воткинск');
REPLACE INTO city(region_id, name) values (65, 'Глазов');
REPLACE INTO city(region_id, name) values (65, 'Грахово');
REPLACE INTO city(region_id, name) values (65, 'Дебесы');
REPLACE INTO city(region_id, name) values (65, 'Завьялово');
REPLACE INTO city(region_id, name) values (65, 'Игра');
REPLACE INTO city(region_id, name) values (65, 'Ижевск');
REPLACE INTO city(region_id, name) values (65, 'Кама');
REPLACE INTO city(region_id, name) values (65, 'Камбарка');
REPLACE INTO city(region_id, name) values (65, 'Каракулино');
REPLACE INTO city(region_id, name) values (65, 'Кез');
REPLACE INTO city(region_id, name) values (65, 'Кизнер');
REPLACE INTO city(region_id, name) values (65, 'Киясово');
REPLACE INTO city(region_id, name) values (65, 'Красногорское (Удмуртия)');
REPLACE INTO city(region_id, name) values (65, 'Можга');
REPLACE INTO city(region_id, name) values (65, 'Сарапул');
REPLACE INTO city(region_id, name) values (65, 'Селты');
REPLACE INTO city(region_id, name) values (65, 'Сюмси');
REPLACE INTO city(region_id, name) values (65, 'Ува');
REPLACE INTO city(region_id, name) values (65, 'Устинов');
REPLACE INTO city(region_id, name) values (65, 'Шаркан');
REPLACE INTO city(region_id, name) values (65, 'Юкаменское');
REPLACE INTO city(region_id, name) values (65, 'Якшур-Бодья');
REPLACE INTO city(region_id, name) values (65, 'Яр');
REPLACE INTO city(region_id, name) values (390, 'Abbenrode');
REPLACE INTO city(region_id, name) values (390, 'Ahlsdorf');
REPLACE INTO city(region_id, name) values (390, 'Allrode');
REPLACE INTO city(region_id, name) values (390, 'Alterode');
REPLACE INTO city(region_id, name) values (390, 'Aschersleben');
REPLACE INTO city(region_id, name) values (390, 'Bad Drrenberg');
REPLACE INTO city(region_id, name) values (390, 'Bad Ksen');
REPLACE INTO city(region_id, name) values (390, 'Barby');
REPLACE INTO city(region_id, name) values (390, 'Beelitz');
REPLACE INTO city(region_id, name) values (390, 'Bernburg');
REPLACE INTO city(region_id, name) values (390, 'Bitterfeld');
REPLACE INTO city(region_id, name) values (390, 'Blankenburg');
REPLACE INTO city(region_id, name) values (390, 'Born');
REPLACE INTO city(region_id, name) values (390, 'Braunsbedra');
REPLACE INTO city(region_id, name) values (390, 'Burg');
REPLACE INTO city(region_id, name) values (390, 'Dessau');
REPLACE INTO city(region_id, name) values (390, 'Ditfurt');
REPLACE INTO city(region_id, name) values (390, 'Domnitz');
REPLACE INTO city(region_id, name) values (390, 'Eilsleben');
REPLACE INTO city(region_id, name) values (390, 'Gardelegen');
REPLACE INTO city(region_id, name) values (390, 'Genthin');
REPLACE INTO city(region_id, name) values (390, 'Grfenhainichen');
REPLACE INTO city(region_id, name) values (390, 'Grana');
REPLACE INTO city(region_id, name) values (390, 'Gsten');
REPLACE INTO city(region_id, name) values (390, 'Halberstadt');
REPLACE INTO city(region_id, name) values (390, 'Haldensleben');
REPLACE INTO city(region_id, name) values (390, 'Halle');
REPLACE INTO city(region_id, name) values (390, 'Hettstedt');
REPLACE INTO city(region_id, name) values (390, 'Hohenmlsen');
REPLACE INTO city(region_id, name) values (390, 'Hohenthurm');
REPLACE INTO city(region_id, name) values (390, 'Htensleben');
REPLACE INTO city(region_id, name) values (390, 'Jessen (Elster)');
REPLACE INTO city(region_id, name) values (390, 'Jenitz');
REPLACE INTO city(region_id, name) values (390, 'Kthen');
REPLACE INTO city(region_id, name) values (390, 'Kthen');
REPLACE INTO city(region_id, name) values (390, 'Leuna');
REPLACE INTO city(region_id, name) values (390, 'Luso');
REPLACE INTO city(region_id, name) values (390, 'Lutherstadt Eisleben');
REPLACE INTO city(region_id, name) values (390, 'Lutherstadt Wittenberg');
REPLACE INTO city(region_id, name) values (390, 'Magdeburg');
REPLACE INTO city(region_id, name) values (390, 'Menz');
REPLACE INTO city(region_id, name) values (390, 'Merseburg');
REPLACE INTO city(region_id, name) values (390, 'Milzau');
REPLACE INTO city(region_id, name) values (390, 'Naumburg');
REPLACE INTO city(region_id, name) values (390, 'Nessa');
REPLACE INTO city(region_id, name) values (390, 'Oschersleben');
REPLACE INTO city(region_id, name) values (390, 'Quedlinburg');
REPLACE INTO city(region_id, name) values (390, 'Salzwedel');
REPLACE INTO city(region_id, name) values (390, 'Sangerhausen');
REPLACE INTO city(region_id, name) values (390, 'Schnebeck (Elbe)');
REPLACE INTO city(region_id, name) values (390, 'Stafurt');
REPLACE INTO city(region_id, name) values (390, 'Stendal');
REPLACE INTO city(region_id, name) values (390, 'Sten');
REPLACE INTO city(region_id, name) values (390, 'Thale');
REPLACE INTO city(region_id, name) values (390, 'Weienfels');
REPLACE INTO city(region_id, name) values (390, 'Wernigerode');
REPLACE INTO city(region_id, name) values (390, 'Wohlmirstedt');
REPLACE INTO city(region_id, name) values (390, 'Wolfen');
REPLACE INTO city(region_id, name) values (390, 'Wolmirstedt');
REPLACE INTO city(region_id, name) values (390, 'Zeitz');
REPLACE INTO city(region_id, name) values (390, 'Zerbst');
REPLACE INTO city(region_id, name) values (390, 'Zrbig');
REPLACE INTO city(region_id, name) values (405, 'Afntou');
REPLACE INTO city(region_id, name) values (405, 'Krpathos');
REPLACE INTO city(region_id, name) values (405, 'Kos');
REPLACE INTO city(region_id, name) values (405, 'Rdhos');
REPLACE INTO city(region_id, name) values (405, 'Rdos');
REPLACE INTO city(region_id, name) values (405, 'Smi');
REPLACE INTO city(region_id, name) values (456, 'Aagerup');
REPLACE INTO city(region_id, name) values (456, 'gerup');
REPLACE INTO city(region_id, name) values (456, 'Avedre');
REPLACE INTO city(region_id, name) values (456, 'Ballerup');
REPLACE INTO city(region_id, name) values (456, 'Brndby Strand');
REPLACE INTO city(region_id, name) values (456, 'Buddinge');
REPLACE INTO city(region_id, name) values (456, 'Charlottenlund');
REPLACE INTO city(region_id, name) values (456, 'Dragr');
REPLACE INTO city(region_id, name) values (456, 'Gentofte');
REPLACE INTO city(region_id, name) values (456, 'Gladsakse');
REPLACE INTO city(region_id, name) values (456, 'Gladsaxe');
REPLACE INTO city(region_id, name) values (456, 'Glostrup');
REPLACE INTO city(region_id, name) values (456, 'Hedehusene');
REPLACE INTO city(region_id, name) values (456, 'Hellerup');
REPLACE INTO city(region_id, name) values (456, 'Holte');
REPLACE INTO city(region_id, name) values (456, 'Hje Tstrup');
REPLACE INTO city(region_id, name) values (456, 'Hvidovre');
REPLACE INTO city(region_id, name) values (456, 'Ishj');
REPLACE INTO city(region_id, name) values (456, 'Jgersborg');
REPLACE INTO city(region_id, name) values (456, 'Kallerup');
REPLACE INTO city(region_id, name) values (456, 'Kastrup');
REPLACE INTO city(region_id, name) values (456, 'Klampenborg');
REPLACE INTO city(region_id, name) values (456, 'Kongens Lyngby');
REPLACE INTO city(region_id, name) values (456, 'Lyngby');
REPLACE INTO city(region_id, name) values (456, 'Risby');
REPLACE INTO city(region_id, name) values (456, 'Rdovre');
REPLACE INTO city(region_id, name) values (456, 'Skodsborg');
REPLACE INTO city(region_id, name) values (456, 'Sborg');
REPLACE INTO city(region_id, name) values (456, 'Taastrup');
REPLACE INTO city(region_id, name) values (456, 'Taastrup Valby');
REPLACE INTO city(region_id, name) values (456, 'Torslunde');
REPLACE INTO city(region_id, name) values (456, 'Vrlse');
REPLACE INTO city(region_id, name) values (456, 'West Brndby');
REPLACE INTO city(region_id, name) values (471, 'Каир');
REPLACE INTO region(id, country_id, name) values (479, 66, 'Замбия');
REPLACE INTO city(region_id, name) values (66, 'Базарный Сызган');
REPLACE INTO city(region_id, name) values (66, 'Барыш');
REPLACE INTO city(region_id, name) values (66, 'Большое Нагаткино');
REPLACE INTO city(region_id, name) values (66, 'Вешкайма');
REPLACE INTO city(region_id, name) values (66, 'Глотовка');
REPLACE INTO city(region_id, name) values (66, 'Димитровград');
REPLACE INTO city(region_id, name) values (66, 'Игнатовка');
REPLACE INTO city(region_id, name) values (66, 'Измайлово');
REPLACE INTO city(region_id, name) values (66, 'Инза');
REPLACE INTO city(region_id, name) values (66, 'Ишеевка');
REPLACE INTO city(region_id, name) values (66, 'Канадей');
REPLACE INTO city(region_id, name) values (66, 'Карсун');
REPLACE INTO city(region_id, name) values (66, 'Кузоватово');
REPLACE INTO city(region_id, name) values (66, 'Майна');
REPLACE INTO city(region_id, name) values (66, 'Новая Малыкла');
REPLACE INTO city(region_id, name) values (66, 'Новоспасское');
REPLACE INTO city(region_id, name) values (66, 'Новоульяновск');
REPLACE INTO city(region_id, name) values (66, 'Павловка');
REPLACE INTO city(region_id, name) values (66, 'Радищево');
REPLACE INTO city(region_id, name) values (66, 'Сенгилей');
REPLACE INTO city(region_id, name) values (66, 'Старая Кулатка');
REPLACE INTO city(region_id, name) values (66, 'Старая Майна');
REPLACE INTO city(region_id, name) values (66, 'Сурское');
REPLACE INTO city(region_id, name) values (66, 'Тереньга');
REPLACE INTO city(region_id, name) values (66, 'Ульяновск');
REPLACE INTO city(region_id, name) values (66, 'Чердаклы');
REPLACE INTO city(region_id, name) values (391, 'Ahneby');
REPLACE INTO city(region_id, name) values (391, 'Ahrensbk');
REPLACE INTO city(region_id, name) values (391, 'Ahrensburg');
REPLACE INTO city(region_id, name) values (391, 'Albersdorf');
REPLACE INTO city(region_id, name) values (391, 'Almdorf');
REPLACE INTO city(region_id, name) values (391, 'Alt Duvenstedt');
REPLACE INTO city(region_id, name) values (391, 'Alt Mlln');
REPLACE INTO city(region_id, name) values (391, 'Altenholz');
REPLACE INTO city(region_id, name) values (391, 'Averlak');
REPLACE INTO city(region_id, name) values (391, 'Bad Bramstedt');
REPLACE INTO city(region_id, name) values (391, 'Bad Oldesloe');
REPLACE INTO city(region_id, name) values (391, 'Bad Schwartau');
REPLACE INTO city(region_id, name) values (391, 'Bad Segeberg');
REPLACE INTO city(region_id, name) values (391, 'Bk');
REPLACE INTO city(region_id, name) values (391, 'Barmstedt');
REPLACE INTO city(region_id, name) values (391, 'Blunk');
REPLACE INTO city(region_id, name) values (391, 'Bokel (24802)');
REPLACE INTO city(region_id, name) values (391, 'Bklund');
REPLACE INTO city(region_id, name) values (391, 'Bordesholm');
REPLACE INTO city(region_id, name) values (391, 'Bornhved');
REPLACE INTO city(region_id, name) values (391, 'Breiholz');
REPLACE INTO city(region_id, name) values (391, 'Brunsbttel');
REPLACE INTO city(region_id, name) values (391, 'Bdelsdorf');
REPLACE INTO city(region_id, name) values (391, 'Burg (Dithmarschen)');
REPLACE INTO city(region_id, name) values (391, 'Bsum');
REPLACE INTO city(region_id, name) values (391, 'Dagebll');
REPLACE INTO city(region_id, name) values (391, 'Dgeling');
REPLACE INTO city(region_id, name) values (391, 'Dannewerk');
REPLACE INTO city(region_id, name) values (391, 'Dchelsdorf');
REPLACE INTO city(region_id, name) values (391, 'Eckernfrde');
REPLACE INTO city(region_id, name) values (391, 'Elmenhorst (23869)');
REPLACE INTO city(region_id, name) values (391, 'Elmshorn');
REPLACE INTO city(region_id, name) values (391, 'Eutin');
REPLACE INTO city(region_id, name) values (391, 'Fahrdorf');
REPLACE INTO city(region_id, name) values (391, 'Flensburg');
REPLACE INTO city(region_id, name) values (391, 'Glcksburg');
REPLACE INTO city(region_id, name) values (391, 'Glckstadt');
REPLACE INTO city(region_id, name) values (391, 'Grmitz');
REPLACE INTO city(region_id, name) values (391, 'Gro Grnau');
REPLACE INTO city(region_id, name) values (391, 'Handewitt');
REPLACE INTO city(region_id, name) values (391, 'Harrislee');
REPLACE INTO city(region_id, name) values (391, 'Heide');
REPLACE INTO city(region_id, name) values (391, 'Heiligenhafen');
REPLACE INTO city(region_id, name) values (391, 'Henstedt-Ulzburg');
REPLACE INTO city(region_id, name) values (391, 'Hohenwestedt');
REPLACE INTO city(region_id, name) values (391, 'Hohn');
REPLACE INTO city(region_id, name) values (391, 'Husum');
REPLACE INTO city(region_id, name) values (391, 'Itzehoe');
REPLACE INTO city(region_id, name) values (391, 'Kaltenkirchen');
REPLACE INTO city(region_id, name) values (391, 'Kampen');
REPLACE INTO city(region_id, name) values (391, 'Kappeln');
REPLACE INTO city(region_id, name) values (391, 'Kiel');
REPLACE INTO city(region_id, name) values (391, 'Krempe');
REPLACE INTO city(region_id, name) values (391, 'Kropp');
REPLACE INTO city(region_id, name) values (391, 'Leck');
REPLACE INTO city(region_id, name) values (391, 'Lbeck');
REPLACE INTO city(region_id, name) values (391, 'Ltjenburg');
REPLACE INTO city(region_id, name) values (391, 'Malente');
REPLACE INTO city(region_id, name) values (391, 'Marne');
REPLACE INTO city(region_id, name) values (391, 'Meldorf');
REPLACE INTO city(region_id, name) values (391, 'Mlln');
REPLACE INTO city(region_id, name) values (391, 'Neukirchen (23779)');
REPLACE INTO city(region_id, name) values (391, 'Neumnster');
REPLACE INTO city(region_id, name) values (391, 'Neustadt in Holstein');
REPLACE INTO city(region_id, name) values (391, 'Niebll');
REPLACE INTO city(region_id, name) values (391, 'Norderstedt');
REPLACE INTO city(region_id, name) values (391, 'Nortorf (24589)');
REPLACE INTO city(region_id, name) values (391, 'Oldenburg in Holstein');
REPLACE INTO city(region_id, name) values (391, 'Padenstedt');
REPLACE INTO city(region_id, name) values (391, 'Pinneberg');
REPLACE INTO city(region_id, name) values (391, 'Pln');
REPLACE INTO city(region_id, name) values (391, 'Preetz');
REPLACE INTO city(region_id, name) values (391, 'Raisdorf');
REPLACE INTO city(region_id, name) values (391, 'Ratekau');
REPLACE INTO city(region_id, name) values (391, 'Ratzeburg');
REPLACE INTO city(region_id, name) values (391, 'Reinbek');
REPLACE INTO city(region_id, name) values (391, 'Reinfeld (Holstein)');
REPLACE INTO city(region_id, name) values (391, 'Rendsburg');
REPLACE INTO city(region_id, name) values (391, 'Satrup');
REPLACE INTO city(region_id, name) values (391, 'Schacht-Audorf');
REPLACE INTO city(region_id, name) values (391, 'Scharbeutz');
REPLACE INTO city(region_id, name) values (391, 'Schierensee');
REPLACE INTO city(region_id, name) values (391, 'Schleswig');
REPLACE INTO city(region_id, name) values (391, 'Schwarzenbek');
REPLACE INTO city(region_id, name) values (391, 'Sterup');
REPLACE INTO city(region_id, name) values (391, 'Stockelsdorf');
REPLACE INTO city(region_id, name) values (391, 'Sderbrarup');
REPLACE INTO city(region_id, name) values (391, 'Tarp');
REPLACE INTO city(region_id, name) values (391, 'Timmendorfer Strand');
REPLACE INTO city(region_id, name) values (391, 'Tornesch');
REPLACE INTO city(region_id, name) values (391, 'Trappenkamp');
REPLACE INTO city(region_id, name) values (391, 'Uetersen');
REPLACE INTO city(region_id, name) values (391, 'Wahlstedt');
REPLACE INTO city(region_id, name) values (391, 'Warnau');
REPLACE INTO city(region_id, name) values (391, 'Wedel');
REPLACE INTO city(region_id, name) values (391, 'Westerland');
REPLACE INTO city(region_id, name) values (391, 'Wilster');
REPLACE INTO city(region_id, name) values (391, 'Wyk auf Fhr');
REPLACE INTO city(region_id, name) values (406, 'Dhrma');
REPLACE INTO city(region_id, name) values (406, 'Drma');
REPLACE INTO city(region_id, name) values (406, 'Exoch');
REPLACE INTO city(region_id, name) values (406, 'Exokh');
REPLACE INTO city(region_id, name) values (457, 'Smidstrup');
REPLACE INTO city(region_id, name) values (472, 'Асуан');
REPLACE INTO city(region_id, name) values (479, 'Китве-Нкана');
REPLACE INTO city(region_id, name) values (479, 'Лусака');
REPLACE INTO city(region_id, name) values (479, 'Ндола');
REPLACE INTO region(id, country_id, name) values (480, 67, 'Западная Сахара');
REPLACE INTO city(region_id, name) values (67, 'Аксай (Уральская обл.)');
REPLACE INTO city(region_id, name) values (67, 'Дарьинское');
REPLACE INTO city(region_id, name) values (67, 'Деркул');
REPLACE INTO city(region_id, name) values (67, 'Джамбейты');
REPLACE INTO city(region_id, name) values (67, 'Переметное');
REPLACE INTO city(region_id, name) values (67, 'Уральск');
REPLACE INTO city(region_id, name) values (67, 'Федоровка (Уральская обл.)');
REPLACE INTO city(region_id, name) values (67, 'Фурманово');
REPLACE INTO city(region_id, name) values (67, 'Чапаев');
REPLACE INTO city(region_id, name) values (392, 'Abtsbessingen');
REPLACE INTO city(region_id, name) values (392, 'Ahlstdt');
REPLACE INTO city(region_id, name) values (392, 'Albersdorf');
REPLACE INTO city(region_id, name) values (392, 'Allendorf');
REPLACE INTO city(region_id, name) values (392, 'Altenburg');
REPLACE INTO city(region_id, name) values (392, 'Altkirchen');
REPLACE INTO city(region_id, name) values (392, 'Anrode');
REPLACE INTO city(region_id, name) values (392, 'Apolda');
REPLACE INTO city(region_id, name) values (392, 'Arnsgereuth');
REPLACE INTO city(region_id, name) values (392, 'Arnstadt');
REPLACE INTO city(region_id, name) values (392, 'Artern');
REPLACE INTO city(region_id, name) values (392, 'Aspach');
REPLACE INTO city(region_id, name) values (392, 'Auleben');
REPLACE INTO city(region_id, name) values (392, 'Bachfeld');
REPLACE INTO city(region_id, name) values (392, 'Bad Berka');
REPLACE INTO city(region_id, name) values (392, 'Bad Blankenburg');
REPLACE INTO city(region_id, name) values (392, 'Bad Langensalza');
REPLACE INTO city(region_id, name) values (392, 'Bad Liebenstein');
REPLACE INTO city(region_id, name) values (392, 'Bad Salzungen');
REPLACE INTO city(region_id, name) values (392, 'Bad Sulza');
REPLACE INTO city(region_id, name) values (392, 'Ballstdt');
REPLACE INTO city(region_id, name) values (392, 'Ballstedt');
REPLACE INTO city(region_id, name) values (392, 'Bischofferode');
REPLACE INTO city(region_id, name) values (392, 'Creuzburg');
REPLACE INTO city(region_id, name) values (392, 'Dingelstdt');
REPLACE INTO city(region_id, name) values (392, 'Drogen');
REPLACE INTO city(region_id, name) values (392, 'Eisenach');
REPLACE INTO city(region_id, name) values (392, 'Eisenberg');
REPLACE INTO city(region_id, name) values (392, 'Eisfeld');
REPLACE INTO city(region_id, name) values (392, 'Erbenhausen');
REPLACE INTO city(region_id, name) values (392, 'Erfurt');
REPLACE INTO city(region_id, name) values (392, 'Gera');
REPLACE INTO city(region_id, name) values (392, 'Gotha');
REPLACE INTO city(region_id, name) values (392, 'Greiz');
REPLACE INTO city(region_id, name) values (392, 'Hausen');
REPLACE INTO city(region_id, name) values (392, 'Heilbad Heiligenstadt');
REPLACE INTO city(region_id, name) values (392, 'Hermsdorf');
REPLACE INTO city(region_id, name) values (392, 'Hildburghausen');
REPLACE INTO city(region_id, name) values (392, 'Ilmenau');
REPLACE INTO city(region_id, name) values (392, 'Jena');
REPLACE INTO city(region_id, name) values (392, 'Kahla');
REPLACE INTO city(region_id, name) values (392, 'Kamsdorf');
REPLACE INTO city(region_id, name) values (392, 'Klleda');
REPLACE INTO city(region_id, name) values (392, 'Krlpa');
REPLACE INTO city(region_id, name) values (392, 'Leinefelde');
REPLACE INTO city(region_id, name) values (392, 'Leutenberg');
REPLACE INTO city(region_id, name) values (392, 'Lobenstein');
REPLACE INTO city(region_id, name) values (392, 'Meiningen');
REPLACE INTO city(region_id, name) values (392, 'Meuselwitz');
REPLACE INTO city(region_id, name) values (392, 'Mhlberg');
REPLACE INTO city(region_id, name) values (392, 'Mhlhausen');
REPLACE INTO city(region_id, name) values (392, 'Mlverstedt');
REPLACE INTO city(region_id, name) values (392, 'Nordhausen');
REPLACE INTO city(region_id, name) values (392, 'Pneck');
REPLACE INTO city(region_id, name) values (392, 'Ringleben (99189)');
REPLACE INTO city(region_id, name) values (392, 'Rosendorf');
REPLACE INTO city(region_id, name) values (392, 'Rudolstadt');
REPLACE INTO city(region_id, name) values (392, 'Ruhla');
REPLACE INTO city(region_id, name) values (392, 'Saalfeld/Saale');
REPLACE INTO city(region_id, name) values (392, 'Schklen');
REPLACE INTO city(region_id, name) values (392, 'Schleiz');
REPLACE INTO city(region_id, name) values (392, 'Schmalkalden');
REPLACE INTO city(region_id, name) values (392, 'Schmlln');
REPLACE INTO city(region_id, name) values (392, 'Sitzendorf');
REPLACE INTO city(region_id, name) values (392, 'Smmerda');
REPLACE INTO city(region_id, name) values (392, 'Sondershausen');
REPLACE INTO city(region_id, name) values (392, 'Sonneberg');
REPLACE INTO city(region_id, name) values (392, 'Stadtilm');
REPLACE INTO city(region_id, name) values (392, 'Steinbach-Hallenberg');
REPLACE INTO city(region_id, name) values (392, 'Suhl');
REPLACE INTO city(region_id, name) values (392, 'Vachdorf');
REPLACE INTO city(region_id, name) values (392, 'Veilsdorf');
REPLACE INTO city(region_id, name) values (392, 'Weida');
REPLACE INTO city(region_id, name) values (392, 'Weimar');
REPLACE INTO city(region_id, name) values (392, 'Zella');
REPLACE INTO city(region_id, name) values (392, 'Zella-Mehlis');
REPLACE INTO city(region_id, name) values (392, 'Zeulenroda');
REPLACE INTO city(region_id, name) values (392, 'Zimmern');
REPLACE INTO city(region_id, name) values (392, 'Zwinge');
REPLACE INTO city(region_id, name) values (407, 'gios Antnios');
REPLACE INTO city(region_id, name) values (407, 'grafa');
REPLACE INTO city(region_id, name) values (458, 'Aalbk');
REPLACE INTO city(region_id, name) values (458, 'Aalborg');
REPLACE INTO city(region_id, name) values (458, 'Aars');
REPLACE INTO city(region_id, name) values (458, 'lborg');
REPLACE INTO city(region_id, name) values (458, 'Arden');
REPLACE INTO city(region_id, name) values (458, 'rs');
REPLACE INTO city(region_id, name) values (458, 'Brovst');
REPLACE INTO city(region_id, name) values (458, 'Brnderslev');
REPLACE INTO city(region_id, name) values (458, 'Fars');
REPLACE INTO city(region_id, name) values (458, 'Fjerritslev');
REPLACE INTO city(region_id, name) values (458, 'Frederikshavn');
REPLACE INTO city(region_id, name) values (458, 'Grindsted');
REPLACE INTO city(region_id, name) values (458, 'Hadsund');
REPLACE INTO city(region_id, name) values (458, 'Hirtshals');
REPLACE INTO city(region_id, name) values (458, 'Hjrring');
REPLACE INTO city(region_id, name) values (458, 'Hobro');
REPLACE INTO city(region_id, name) values (458, 'Hornum');
REPLACE INTO city(region_id, name) values (458, 'Horsens');
REPLACE INTO city(region_id, name) values (458, 'Hurup');
REPLACE INTO city(region_id, name) values (458, 'Jerslev');
REPLACE INTO city(region_id, name) values (458, 'Lgstr');
REPLACE INTO city(region_id, name) values (458, 'Lkken');
REPLACE INTO city(region_id, name) values (458, 'Nibe');
REPLACE INTO city(region_id, name) values (458, 'Rebild');
REPLACE INTO city(region_id, name) values (458, 'Saltum');
REPLACE INTO city(region_id, name) values (458, 'Sby');
REPLACE INTO city(region_id, name) values (458, 'Skagen');
REPLACE INTO city(region_id, name) values (458, 'Tisted');
REPLACE INTO city(region_id, name) values (458, 'Vegger');
REPLACE INTO city(region_id, name) values (473, 'Асыут');
REPLACE INTO city(region_id, name) values (480, 'Нуадибу');
REPLACE INTO city(region_id, name) values (480, 'Эль-Аюн');
REPLACE INTO region(id, country_id, name) values (481, 68, 'Зимбабве');
REPLACE INTO city(region_id, name) values (68, 'Амурск');
REPLACE INTO city(region_id, name) values (68, 'Аян');
REPLACE INTO city(region_id, name) values (68, 'Березовый');
REPLACE INTO city(region_id, name) values (68, 'Бикин');
REPLACE INTO city(region_id, name) values (68, 'Бира');
REPLACE INTO city(region_id, name) values (68, 'Биракан');
REPLACE INTO city(region_id, name) values (68, 'Богородское (Хабаровский край)');
REPLACE INTO city(region_id, name) values (68, 'Ванино');
REPLACE INTO city(region_id, name) values (68, 'Волочаевка Вторая');
REPLACE INTO city(region_id, name) values (68, 'Высокогорный');
REPLACE INTO city(region_id, name) values (68, 'Вяземский');
REPLACE INTO city(region_id, name) values (68, 'Горный');
REPLACE INTO city(region_id, name) values (68, 'Гурское');
REPLACE INTO city(region_id, name) values (68, 'Дормидонтовка');
REPLACE INTO city(region_id, name) values (68, 'Заветы Ильича');
REPLACE INTO city(region_id, name) values (68, 'Известковый');
REPLACE INTO city(region_id, name) values (68, 'Иннокентьевка');
REPLACE INTO city(region_id, name) values (68, 'Комсомольск-на-Амуре');
REPLACE INTO city(region_id, name) values (68, 'Ленинское');
REPLACE INTO city(region_id, name) values (68, 'Нелькан');
REPLACE INTO city(region_id, name) values (68, 'Николаевск-на-Амуре');
REPLACE INTO city(region_id, name) values (68, 'Облучье');
REPLACE INTO city(region_id, name) values (68, 'Охотск');
REPLACE INTO city(region_id, name) values (68, 'Переяславка');
REPLACE INTO city(region_id, name) values (68, 'Смидович');
REPLACE INTO city(region_id, name) values (68, 'Советская Гавань');
REPLACE INTO city(region_id, name) values (68, 'Софийск');
REPLACE INTO city(region_id, name) values (68, 'Троицкое');
REPLACE INTO city(region_id, name) values (68, 'Тугур');
REPLACE INTO city(region_id, name) values (68, 'Хабаровск');
REPLACE INTO city(region_id, name) values (68, 'Чегдомын');
REPLACE INTO city(region_id, name) values (68, 'Чумикан');
REPLACE INTO city(region_id, name) values (408, 'Alexandhropolis');
REPLACE INTO city(region_id, name) values (408, 'Alexandropoli');
REPLACE INTO city(region_id, name) values (408, 'Alexandropolis');
REPLACE INTO city(region_id, name) values (408, 'Dhidhimtikhon');
REPLACE INTO city(region_id, name) values (408, 'Didymteicho');
REPLACE INTO city(region_id, name) values (408, 'Dlofos');
REPLACE INTO city(region_id, name) values (408, 'Fres');
REPLACE INTO city(region_id, name) values (408, 'Orestida');
REPLACE INTO city(region_id, name) values (408, 'Soufl');
REPLACE INTO city(region_id, name) values (459, 'dal');
REPLACE INTO city(region_id, name) values (459, 'rre');
REPLACE INTO city(region_id, name) values (459, 'Astrup');
REPLACE INTO city(region_id, name) values (459, 'Billund');
REPLACE INTO city(region_id, name) values (459, 'Bramming');
REPLACE INTO city(region_id, name) values (459, 'Bryndumdam');
REPLACE INTO city(region_id, name) values (459, 'Donslund');
REPLACE INTO city(region_id, name) values (459, 'Esbjrg');
REPLACE INTO city(region_id, name) values (459, 'Esbjerg');
REPLACE INTO city(region_id, name) values (459, 'Grding');
REPLACE INTO city(region_id, name) values (459, 'Grindsted');
REPLACE INTO city(region_id, name) values (459, 'Holsted');
REPLACE INTO city(region_id, name) values (459, 'Hovborg');
REPLACE INTO city(region_id, name) values (459, 'Lintrup');
REPLACE INTO city(region_id, name) values (459, 'Lunde');
REPLACE INTO city(region_id, name) values (459, 'Nrre Nebel');
REPLACE INTO city(region_id, name) values (459, 'lgod');
REPLACE INTO city(region_id, name) values (459, 'Ribe');
REPLACE INTO city(region_id, name) values (459, 'Roager');
REPLACE INTO city(region_id, name) values (459, 'Store Darum');
REPLACE INTO city(region_id, name) values (459, 'Varde');
REPLACE INTO city(region_id, name) values (459, 'Vejen');
REPLACE INTO city(region_id, name) values (459, 'Vester Vejrup');
REPLACE INTO city(region_id, name) values (474, 'Бени Суэф');
REPLACE INTO city(region_id, name) values (481, 'Булавайо');
REPLACE INTO city(region_id, name) values (481, 'Хараре');
REPLACE INTO region(id, country_id, name) values (482, 69, 'Вади-Ара');
REPLACE INTO region(id, country_id, name) values (483, 69, 'Иерусалим');
REPLACE INTO region(id, country_id, name) values (484, 69, 'Рамат ХаГолан');
REPLACE INTO region(id, country_id, name) values (485, 69, 'Тель-Авив');
REPLACE INTO region(id, country_id, name) values (486, 69, 'Хадаром');
REPLACE INTO region(id, country_id, name) values (487, 69, 'Хайфа');
REPLACE INTO region(id, country_id, name) values (488, 69, 'Хамерказ');
REPLACE INTO region(id, country_id, name) values (489, 69, 'Хацафон');
REPLACE INTO city(region_id, name) values (69, 'Абакан');
REPLACE INTO city(region_id, name) values (69, 'Саяногорск');
REPLACE INTO city(region_id, name) values (69, 'Черногорск');
REPLACE INTO city(region_id, name) values (409, 'Chalkda');
REPLACE INTO city(region_id, name) values (409, 'Chalks');
REPLACE INTO city(region_id, name) values (409, 'Istiaa');
REPLACE INTO city(region_id, name) values (409, 'Kristos');
REPLACE INTO city(region_id, name) values (409, 'Mantodion');
REPLACE INTO city(region_id, name) values (460, 'dum');
REPLACE INTO city(region_id, name) values (460, 'Agerskov');
REPLACE INTO city(region_id, name) values (460, 'Aulum');
REPLACE INTO city(region_id, name) values (460, 'Barde');
REPLACE INTO city(region_id, name) values (460, 'Borris');
REPLACE INTO city(region_id, name) values (460, 'Bvlingbjerg');
REPLACE INTO city(region_id, name) values (460, 'Brande');
REPLACE INTO city(region_id, name) values (460, 'Brorstrup');
REPLACE INTO city(region_id, name) values (460, 'Finderup');
REPLACE INTO city(region_id, name) values (460, 'Herborg');
REPLACE INTO city(region_id, name) values (460, 'Herning');
REPLACE INTO city(region_id, name) values (460, 'Holstebro');
REPLACE INTO city(region_id, name) values (460, 'Hoven');
REPLACE INTO city(region_id, name) values (460, 'Hvide Sande');
REPLACE INTO city(region_id, name) values (460, 'Kibk');
REPLACE INTO city(region_id, name) values (460, 'Lem');
REPLACE INTO city(region_id, name) values (460, 'Lemvig');
REPLACE INTO city(region_id, name) values (460, 'Lind');
REPLACE INTO city(region_id, name) values (460, 'Lnborg');
REPLACE INTO city(region_id, name) values (460, 'Mborg');
REPLACE INTO city(region_id, name) values (460, 'rnhj');
REPLACE INTO city(region_id, name) values (460, 'Ringkjbing');
REPLACE INTO city(region_id, name) values (460, 'Ringkbing');
REPLACE INTO city(region_id, name) values (460, 'Skern');
REPLACE INTO city(region_id, name) values (460, 'Skjern');
REPLACE INTO city(region_id, name) values (460, 'Struer');
REPLACE INTO city(region_id, name) values (460, 'Tarm');
REPLACE INTO city(region_id, name) values (460, 'Tim');
REPLACE INTO city(region_id, name) values (460, 'Ulfborg');
REPLACE INTO city(region_id, name) values (460, 'Videbk');
REPLACE INTO city(region_id, name) values (460, 'Vilbjerg');
REPLACE INTO city(region_id, name) values (460, 'Vildbjerg');
REPLACE INTO city(region_id, name) values (460, 'Vinderup');
REPLACE INTO city(region_id, name) values (475, 'Танта');
REPLACE INTO city(region_id, name) values (482, 'Хариш');
REPLACE INTO city(region_id, name) values (482, 'Кацир');
REPLACE INTO region(id, country_id, name) values (490, 70, 'Bangla');
REPLACE INTO region(id, country_id, name) values (491, 70, 'Chhattisgarh');
REPLACE INTO region(id, country_id, name) values (492, 70, 'Karnataka');
REPLACE INTO region(id, country_id, name) values (493, 70, 'Андхра-Прадеш');
REPLACE INTO region(id, country_id, name) values (494, 70, 'Ассам');
REPLACE INTO region(id, country_id, name) values (495, 70, 'Бихар');
REPLACE INTO region(id, country_id, name) values (496, 70, 'Гуджарат');
REPLACE INTO region(id, country_id, name) values (497, 70, 'Джамму и Кашмир');
REPLACE INTO region(id, country_id, name) values (498, 70, 'Индия');
REPLACE INTO region(id, country_id, name) values (499, 70, 'Керала');
REPLACE INTO region(id, country_id, name) values (500, 70, 'Мадхья-Прадеш');
REPLACE INTO region(id, country_id, name) values (501, 70, 'Манипур');
REPLACE INTO region(id, country_id, name) values (502, 70, 'Махараштра');
REPLACE INTO region(id, country_id, name) values (503, 70, 'Орисса');
REPLACE INTO region(id, country_id, name) values (504, 70, 'Пенджаб');
REPLACE INTO region(id, country_id, name) values (505, 70, 'Пондишери');
REPLACE INTO region(id, country_id, name) values (506, 70, 'Раджастхан');
REPLACE INTO region(id, country_id, name) values (507, 70, 'Тамилнад');
REPLACE INTO region(id, country_id, name) values (508, 70, 'Трипура');
REPLACE INTO region(id, country_id, name) values (509, 70, 'Уттар-Прадеш');
REPLACE INTO region(id, country_id, name) values (510, 70, 'Харьяна');
REPLACE INTO region(id, country_id, name) values (511, 70, 'Чандигарх');
REPLACE INTO city(region_id, name) values (70, 'Агаповка');
REPLACE INTO city(region_id, name) values (70, 'Аргаяш');
REPLACE INTO city(region_id, name) values (70, 'Аша');
REPLACE INTO city(region_id, name) values (70, 'Бакал');
REPLACE INTO city(region_id, name) values (70, 'Бреды');
REPLACE INTO city(region_id, name) values (70, 'Варна');
REPLACE INTO city(region_id, name) values (70, 'Верхнеуральск');
REPLACE INTO city(region_id, name) values (70, 'Верхний Уфалей');
REPLACE INTO city(region_id, name) values (70, 'Еманжелинск');
REPLACE INTO city(region_id, name) values (70, 'Златоуст');
REPLACE INTO city(region_id, name) values (70, 'Карабаш');
REPLACE INTO city(region_id, name) values (70, 'Карталы');
REPLACE INTO city(region_id, name) values (70, 'Касли');
REPLACE INTO city(region_id, name) values (70, 'Катав-Ивановск');
REPLACE INTO city(region_id, name) values (70, 'Копейск');
REPLACE INTO city(region_id, name) values (70, 'Коркино');
REPLACE INTO city(region_id, name) values (70, 'Красногорский');
REPLACE INTO city(region_id, name) values (70, 'Кунашак');
REPLACE INTO city(region_id, name) values (70, 'Куса');
REPLACE INTO city(region_id, name) values (70, 'Кыштым');
REPLACE INTO city(region_id, name) values (70, 'Магнитогорск');
REPLACE INTO city(region_id, name) values (70, 'Миасс');
REPLACE INTO city(region_id, name) values (70, 'Миньяр');
REPLACE INTO city(region_id, name) values (70, 'Озерск(Челябинская обл.)');
REPLACE INTO city(region_id, name) values (70, 'Октябрьское (Челябинская обл.)');
REPLACE INTO city(region_id, name) values (70, 'Пласт');
REPLACE INTO city(region_id, name) values (70, 'Сатка');
REPLACE INTO city(region_id, name) values (70, 'Сим');
REPLACE INTO city(region_id, name) values (70, 'Снежинск (Челябинская обл.)');
REPLACE INTO city(region_id, name) values (70, 'Трехгорный');
REPLACE INTO city(region_id, name) values (70, 'Троицк');
REPLACE INTO city(region_id, name) values (70, 'Увельский');
REPLACE INTO city(region_id, name) values (70, 'Уйское');
REPLACE INTO city(region_id, name) values (70, 'Усть-Катав');
REPLACE INTO city(region_id, name) values (70, 'Фершампенуаз');
REPLACE INTO city(region_id, name) values (70, 'Чебаркуль');
REPLACE INTO city(region_id, name) values (70, 'Челябинск');
REPLACE INTO city(region_id, name) values (70, 'Чесма');
REPLACE INTO city(region_id, name) values (70, 'Южно-Уральск');
REPLACE INTO city(region_id, name) values (70, 'Юрюзань');
REPLACE INTO city(region_id, name) values (410, 'Flrina');
REPLACE INTO city(region_id, name) values (410, 'Nvista');
REPLACE INTO city(region_id, name) values (410, 'Opa');
REPLACE INTO city(region_id, name) values (410, 'Plorina');
REPLACE INTO city(region_id, name) values (410, 'Vvani');
REPLACE INTO city(region_id, name) values (461, 'Algestrup');
REPLACE INTO city(region_id, name) values (461, 'Assendlse');
REPLACE INTO city(region_id, name) values (461, 'Gadstrup');
REPLACE INTO city(region_id, name) values (461, 'Hvals');
REPLACE INTO city(region_id, name) values (461, 'Kirke Sonnerup');
REPLACE INTO city(region_id, name) values (461, 'Kge');
REPLACE INTO city(region_id, name) values (461, 'Lidemark');
REPLACE INTO city(region_id, name) values (461, 'Lyngby');
REPLACE INTO city(region_id, name) values (461, 'Roskilde');
REPLACE INTO city(region_id, name) values (461, 'Solrd Strand');
REPLACE INTO city(region_id, name) values (461, 'Viby');
REPLACE INTO city(region_id, name) values (476, 'Думият');
REPLACE INTO city(region_id, name) values (483, 'Бейт-шемеш');
REPLACE INTO city(region_id, name) values (483, 'Иерусалим');
REPLACE INTO city(region_id, name) values (483, 'Модиин');
REPLACE INTO city(region_id, name) values (490, 'Асансол');
REPLACE INTO city(region_id, name) values (490, 'Байдьябати');
REPLACE INTO city(region_id, name) values (490, 'Даржилинг');
REPLACE INTO city(region_id, name) values (490, 'Дум-Дум');
REPLACE INTO city(region_id, name) values (490, 'Кришнанагар');
REPLACE INTO region(id, country_id, name) values (512, 71, 'Индонезия');
REPLACE INTO city(region_id, name) values (71, 'Аргун');
REPLACE INTO city(region_id, name) values (71, 'Грозный');
REPLACE INTO city(region_id, name) values (71, 'Гудермес');
REPLACE INTO city(region_id, name) values (71, 'Знаменское');
REPLACE INTO city(region_id, name) values (71, 'Малгобек');
REPLACE INTO city(region_id, name) values (71, 'Назрань');
REPLACE INTO city(region_id, name) values (71, 'Наурская');
REPLACE INTO city(region_id, name) values (71, 'Ножай-Юрт');
REPLACE INTO city(region_id, name) values (71, 'Орджоникидзевская');
REPLACE INTO city(region_id, name) values (71, 'Советское (Чечено-Ингушетия)');
REPLACE INTO city(region_id, name) values (71, 'Урус-Мартан');
REPLACE INTO city(region_id, name) values (71, 'Шали');
REPLACE INTO city(region_id, name) values (411, 'Atalnti');
REPLACE INTO city(region_id, name) values (411, 'Lama');
REPLACE INTO city(region_id, name) values (462, 'Aabenraa');
REPLACE INTO city(region_id, name) values (462, 'benr');
REPLACE INTO city(region_id, name) values (462, 'Aller');
REPLACE INTO city(region_id, name) values (462, 'Ballum');
REPLACE INTO city(region_id, name) values (462, 'Bevtoft');
REPLACE INTO city(region_id, name) values (462, 'Branderup');
REPLACE INTO city(region_id, name) values (462, 'Bredebro');
REPLACE INTO city(region_id, name) values (462, 'Drengsted');
REPLACE INTO city(region_id, name) values (462, 'Grsten');
REPLACE INTO city(region_id, name) values (462, 'Haderslev');
REPLACE INTO city(region_id, name) values (462, 'Hjrup');
REPLACE INTO city(region_id, name) values (462, 'Kliplev');
REPLACE INTO city(region_id, name) values (462, 'Magstrup');
REPLACE INTO city(region_id, name) values (462, 'Nordborg');
REPLACE INTO city(region_id, name) values (462, 'Padborg');
REPLACE INTO city(region_id, name) values (462, 'Randerup');
REPLACE INTO city(region_id, name) values (462, 'Rangstrup');
REPLACE INTO city(region_id, name) values (462, 'Rdding');
REPLACE INTO city(region_id, name) values (462, 'Rdekro');
REPLACE INTO city(region_id, name) values (462, 'Snderborg');
REPLACE INTO city(region_id, name) values (462, 'Tinglev');
REPLACE INTO city(region_id, name) values (462, 'Toftlund');
REPLACE INTO city(region_id, name) values (462, 'Tnder');
REPLACE INTO city(region_id, name) values (462, 'Visby');
REPLACE INTO city(region_id, name) values (462, 'Vojens');
REPLACE INTO city(region_id, name) values (477, 'Александрия');
REPLACE INTO city(region_id, name) values (477, 'Хургада');
REPLACE INTO city(region_id, name) values (484, 'Невве-Атив');
REPLACE INTO city(region_id, name) values (491, 'Биласпур');
REPLACE INTO city(region_id, name) values (491, 'Раипур');
REPLACE INTO city(region_id, name) values (512, 'Джакарта');
REPLACE INTO region(id, country_id, name) values (513, 72, 'Иордания');
REPLACE INTO city(region_id, name) values (72, 'Агинское');
REPLACE INTO city(region_id, name) values (72, 'Аксеново-Зиловское');
REPLACE INTO city(region_id, name) values (72, 'Акша');
REPLACE INTO city(region_id, name) values (72, 'Арбагар');
REPLACE INTO city(region_id, name) values (72, 'Атамановка');
REPLACE INTO city(region_id, name) values (72, 'Балей');
REPLACE INTO city(region_id, name) values (72, 'Борзя');
REPLACE INTO city(region_id, name) values (72, 'Букачача');
REPLACE INTO city(region_id, name) values (72, 'Газимурский Завод');
REPLACE INTO city(region_id, name) values (72, 'Давенда');
REPLACE INTO city(region_id, name) values (72, 'Дарасун');
REPLACE INTO city(region_id, name) values (72, 'Домна');
REPLACE INTO city(region_id, name) values (72, 'Дровяная');
REPLACE INTO city(region_id, name) values (72, 'Дульдурга');
REPLACE INTO city(region_id, name) values (72, 'Забайкальск');
REPLACE INTO city(region_id, name) values (72, 'Карымское');
REPLACE INTO city(region_id, name) values (72, 'Ключевский');
REPLACE INTO city(region_id, name) values (72, 'Кокуй');
REPLACE INTO city(region_id, name) values (72, 'Краснокаменск');
REPLACE INTO city(region_id, name) values (72, 'Красный Чикой');
REPLACE INTO city(region_id, name) values (72, 'Кыра');
REPLACE INTO city(region_id, name) values (72, 'Моготуй');
REPLACE INTO city(region_id, name) values (72, 'Могоча');
REPLACE INTO city(region_id, name) values (72, 'Нерчинск');
REPLACE INTO city(region_id, name) values (72, 'Нерчинский Завод');
REPLACE INTO city(region_id, name) values (72, 'Нижний Цасучей');
REPLACE INTO city(region_id, name) values (72, 'Оловянная');
REPLACE INTO city(region_id, name) values (72, 'Первомайский (Читинская обл.)');
REPLACE INTO city(region_id, name) values (72, 'Петровск-Забайкальский');
REPLACE INTO city(region_id, name) values (72, 'Приаргунск');
REPLACE INTO city(region_id, name) values (72, 'Сретенск');
REPLACE INTO city(region_id, name) values (72, 'Тупик');
REPLACE INTO city(region_id, name) values (72, 'Улеты');
REPLACE INTO city(region_id, name) values (72, 'Хилок');
REPLACE INTO city(region_id, name) values (72, 'Чара');
REPLACE INTO city(region_id, name) values (72, 'Чернышевск');
REPLACE INTO city(region_id, name) values (72, 'Чита');
REPLACE INTO city(region_id, name) values (72, 'Шелопугино');
REPLACE INTO city(region_id, name) values (72, 'Шилка');
REPLACE INTO city(region_id, name) values (412, 'Arpi');
REPLACE INTO city(region_id, name) values (412, 'Georgtsa');
REPLACE INTO city(region_id, name) values (412, 'Greven');
REPLACE INTO city(region_id, name) values (463, 'Amager Flled');
REPLACE INTO city(region_id, name) values (463, 'Amagerbro');
REPLACE INTO city(region_id, name) values (463, 'Copenhagen');
REPLACE INTO city(region_id, name) values (463, 'Kjobenhavn');
REPLACE INTO city(region_id, name) values (463, 'Kbenhavn');
REPLACE INTO city(region_id, name) values (463, 'Vanlse');
REPLACE INTO city(region_id, name) values (478, 'Дахаб');
REPLACE INTO city(region_id, name) values (478, 'Шарм эль шейх');
REPLACE INTO city(region_id, name) values (485, 'Бат-Ям');
REPLACE INTO city(region_id, name) values (485, 'Герцелия');
REPLACE INTO city(region_id, name) values (485, 'Гиватаим');
REPLACE INTO city(region_id, name) values (485, 'Кирьят-Оно');
REPLACE INTO city(region_id, name) values (485, 'Лод');
REPLACE INTO city(region_id, name) values (485, 'Петах Тиква');
REPLACE INTO city(region_id, name) values (485, 'Рамат-Ган');
REPLACE INTO city(region_id, name) values (485, 'Рамат-Хашарон');
REPLACE INTO city(region_id, name) values (485, 'Тель-Авив');
REPLACE INTO city(region_id, name) values (485, 'Холон');
REPLACE INTO city(region_id, name) values (492, 'Багалкот');
REPLACE INTO city(region_id, name) values (492, 'Банглори');
REPLACE INTO city(region_id, name) values (492, 'Мангалор');
REPLACE INTO city(region_id, name) values (513, 'Амман');
REPLACE INTO region(id, country_id, name) values (514, 73, 'Багдад');
REPLACE INTO region(id, country_id, name) values (515, 73, 'Басра');
REPLACE INTO region(id, country_id, name) values (516, 73, 'Мосул');
REPLACE INTO city(region_id, name) values (73, 'Алатырь');
REPLACE INTO city(region_id, name) values (73, 'Аликово');
REPLACE INTO city(region_id, name) values (73, 'Батырева');
REPLACE INTO city(region_id, name) values (73, 'Буинск');
REPLACE INTO city(region_id, name) values (73, 'Вурнары');
REPLACE INTO city(region_id, name) values (73, 'Ибреси');
REPLACE INTO city(region_id, name) values (73, 'Канаш');
REPLACE INTO city(region_id, name) values (73, 'Киря');
REPLACE INTO city(region_id, name) values (73, 'Комсомольское');
REPLACE INTO city(region_id, name) values (73, 'Красноармейское (Чувашия)');
REPLACE INTO city(region_id, name) values (73, 'Красные Четаи');
REPLACE INTO city(region_id, name) values (73, 'Кугеси');
REPLACE INTO city(region_id, name) values (73, 'Мариинский Посад');
REPLACE INTO city(region_id, name) values (73, 'Моргауши');
REPLACE INTO city(region_id, name) values (73, 'Новочебоксарск');
REPLACE INTO city(region_id, name) values (73, 'Порецкое');
REPLACE INTO city(region_id, name) values (73, 'Урмары');
REPLACE INTO city(region_id, name) values (73, 'Цивильск');
REPLACE INTO city(region_id, name) values (73, 'Чебоксары');
REPLACE INTO city(region_id, name) values (73, 'Шемурша');
REPLACE INTO city(region_id, name) values (73, 'Шумерля');
REPLACE INTO city(region_id, name) values (73, 'Ядрин');
REPLACE INTO city(region_id, name) values (73, 'Яльчики');
REPLACE INTO city(region_id, name) values (73, 'Янтиково');
REPLACE INTO city(region_id, name) values (413, 'Amalida');
REPLACE INTO city(region_id, name) values (413, 'no Manols');
REPLACE INTO city(region_id, name) values (413, 'Katkolon');
REPLACE INTO city(region_id, name) values (413, 'Killni');
REPLACE INTO city(region_id, name) values (413, 'Kyllni');
REPLACE INTO city(region_id, name) values (413, 'Manolda');
REPLACE INTO city(region_id, name) values (413, 'Prgos');
REPLACE INTO city(region_id, name) values (464, 'geby');
REPLACE INTO city(region_id, name) values (464, 'Dannemare');
REPLACE INTO city(region_id, name) values (464, 'Eskilstrup');
REPLACE INTO city(region_id, name) values (464, 'Maribo');
REPLACE INTO city(region_id, name) values (464, 'Nakskov');
REPLACE INTO city(region_id, name) values (464, 'Nstved');
REPLACE INTO city(region_id, name) values (464, 'Nrre Alslev');
REPLACE INTO city(region_id, name) values (464, 'Nykjobing');
REPLACE INTO city(region_id, name) values (464, 'Nykbing');
REPLACE INTO city(region_id, name) values (464, 'Stege');
REPLACE INTO city(region_id, name) values (464, 'Stokkemarke');
REPLACE INTO city(region_id, name) values (464, 'Vinderup');
REPLACE INTO city(region_id, name) values (464, 'Vordingborg');
REPLACE INTO city(region_id, name) values (486, 'Арад');
REPLACE INTO city(region_id, name) values (486, 'Ашдод');
REPLACE INTO city(region_id, name) values (486, 'Ашкелон');
REPLACE INTO city(region_id, name) values (486, 'Бээр-Шева');
REPLACE INTO city(region_id, name) values (486, 'Димона');
REPLACE INTO city(region_id, name) values (486, 'Кирьят-Гат');
REPLACE INTO city(region_id, name) values (486, 'Кирьят-Малахи');
REPLACE INTO city(region_id, name) values (486, 'Нетивот');
REPLACE INTO city(region_id, name) values (486, 'Сдерот');
REPLACE INTO city(region_id, name) values (486, 'Эйлат');
REPLACE INTO city(region_id, name) values (493, 'Анакапал');
REPLACE INTO city(region_id, name) values (493, 'Анантапур');
REPLACE INTO city(region_id, name) values (493, 'Визианагарам');
REPLACE INTO city(region_id, name) values (493, 'Вияиавада');
REPLACE INTO city(region_id, name) values (493, 'Гунтур');
REPLACE INTO city(region_id, name) values (493, 'Элуру');
REPLACE INTO city(region_id, name) values (514, 'Багдад');
REPLACE INTO region(id, country_id, name) values (517, 74, 'Azarbayjan-e Khavari');
REPLACE INTO region(id, country_id, name) values (518, 74, 'Esfahan');
REPLACE INTO region(id, country_id, name) values (519, 74, 'Hamadan');
REPLACE INTO region(id, country_id, name) values (520, 74, 'Kordestan');
REPLACE INTO region(id, country_id, name) values (521, 74, 'Yazd');
REPLACE INTO region(id, country_id, name) values (522, 74, 'Керман');
REPLACE INTO region(id, country_id, name) values (523, 74, 'Керманшахан');
REPLACE INTO region(id, country_id, name) values (524, 74, 'Мазендеран');
REPLACE INTO region(id, country_id, name) values (525, 74, 'Тегеран');
REPLACE INTO region(id, country_id, name) values (526, 74, 'Фарс');
REPLACE INTO region(id, country_id, name) values (527, 74, 'Хорасан');
REPLACE INTO region(id, country_id, name) values (528, 74, 'Хузистан');
REPLACE INTO city(region_id, name) values (74, 'Анадырь (Чукотский АО)');
REPLACE INTO city(region_id, name) values (74, 'Билибино');
REPLACE INTO city(region_id, name) values (74, 'ПЕВЕК');
REPLACE INTO city(region_id, name) values (414, 'Alexndreia');
REPLACE INTO city(region_id, name) values (414, 'Alexndria');
REPLACE INTO city(region_id, name) values (414, 'rachos');
REPLACE INTO city(region_id, name) values (414, 'Kra Vrsi');
REPLACE INTO city(region_id, name) values (414, 'Makrokhri');
REPLACE INTO city(region_id, name) values (414, 'Nousa');
REPLACE INTO city(region_id, name) values (414, 'Veria');
REPLACE INTO city(region_id, name) values (414, 'Vroia');
REPLACE INTO city(region_id, name) values (465, 'Aadal');
REPLACE INTO city(region_id, name) values (465, 'Aagaard');
REPLACE INTO city(region_id, name) values (465, 'Agtrup');
REPLACE INTO city(region_id, name) values (465, 'Barrit');
REPLACE INTO city(region_id, name) values (465, 'Blling');
REPLACE INTO city(region_id, name) values (465, 'Brkop');
REPLACE INTO city(region_id, name) values (465, 'Brunde');
REPLACE INTO city(region_id, name) values (465, 'Egtved');
REPLACE INTO city(region_id, name) values (465, 'Ejstrupholm');
REPLACE INTO city(region_id, name) values (465, 'Fredericia');
REPLACE INTO city(region_id, name) values (465, 'Give');
REPLACE INTO city(region_id, name) values (465, 'Herslev');
REPLACE INTO city(region_id, name) values (465, 'Horsens');
REPLACE INTO city(region_id, name) values (465, 'Hosby');
REPLACE INTO city(region_id, name) values (465, 'Jelling');
REPLACE INTO city(region_id, name) values (465, 'Kolding');
REPLACE INTO city(region_id, name) values (465, 'Thyregod');
REPLACE INTO city(region_id, name) values (465, 'Vamdrup');
REPLACE INTO city(region_id, name) values (465, 'Vejle');
REPLACE INTO city(region_id, name) values (465, 'Viv');
REPLACE INTO city(region_id, name) values (487, 'Далият-Эль-Кармэль');
REPLACE INTO city(region_id, name) values (487, 'Зихрон-Яаков');
REPLACE INTO city(region_id, name) values (487, 'Кирьят-Бялик');
REPLACE INTO city(region_id, name) values (487, 'Кирьят-Моцкин');
REPLACE INTO city(region_id, name) values (487, 'Кирьят-Ям');
REPLACE INTO city(region_id, name) values (487, 'Наария');
REPLACE INTO city(region_id, name) values (487, 'Нэшэр');
REPLACE INTO city(region_id, name) values (487, 'Ор-Акива');
REPLACE INTO city(region_id, name) values (487, 'Пардэс-Ханна');
REPLACE INTO city(region_id, name) values (487, 'Тират-Кармэль');
REPLACE INTO city(region_id, name) values (487, 'Хайфа');
REPLACE INTO city(region_id, name) values (487, 'Хефа-Хариш');
REPLACE INTO city(region_id, name) values (487, 'Хэдэра');
REPLACE INTO city(region_id, name) values (494, 'Дибругарх');
REPLACE INTO city(region_id, name) values (494, 'Силчар');
REPLACE INTO city(region_id, name) values (515, 'Басра');
REPLACE INTO city(region_id, name) values (517, 'Марагех');
REPLACE INTO city(region_id, name) values (517, 'Тебриз');
REPLACE INTO region(id, country_id, name) values (529, 75, 'Carlow');
REPLACE INTO region(id, country_id, name) values (530, 75, 'Cavan');
REPLACE INTO region(id, country_id, name) values (531, 75, 'Clare');
REPLACE INTO region(id, country_id, name) values (532, 75, 'Cork');
REPLACE INTO region(id, country_id, name) values (533, 75, 'Donegal');
REPLACE INTO region(id, country_id, name) values (534, 75, 'Dublin');
REPLACE INTO region(id, country_id, name) values (535, 75, 'Galway');
REPLACE INTO region(id, country_id, name) values (536, 75, 'Kerry');
REPLACE INTO region(id, country_id, name) values (537, 75, 'Kildare');
REPLACE INTO region(id, country_id, name) values (538, 75, 'Kilkenny');
REPLACE INTO region(id, country_id, name) values (539, 75, 'Laois');
REPLACE INTO region(id, country_id, name) values (540, 75, 'Leitrim');
REPLACE INTO region(id, country_id, name) values (541, 75, 'Limerick');
REPLACE INTO region(id, country_id, name) values (542, 75, 'Longford');
REPLACE INTO region(id, country_id, name) values (543, 75, 'Louth');
REPLACE INTO region(id, country_id, name) values (544, 75, 'Mayo');
REPLACE INTO region(id, country_id, name) values (545, 75, 'Meath');
REPLACE INTO region(id, country_id, name) values (546, 75, 'Monaghan');
REPLACE INTO region(id, country_id, name) values (547, 75, 'Offaly');
REPLACE INTO region(id, country_id, name) values (548, 75, 'Roscommon');
REPLACE INTO region(id, country_id, name) values (549, 75, 'Sligo');
REPLACE INTO region(id, country_id, name) values (550, 75, 'Tipperary');
REPLACE INTO region(id, country_id, name) values (551, 75, 'Waterford');
REPLACE INTO region(id, country_id, name) values (552, 75, 'Westmeath');
REPLACE INTO region(id, country_id, name) values (553, 75, 'Wexford');
REPLACE INTO region(id, country_id, name) values (554, 75, 'Wicklow');
REPLACE INTO city(region_id, name) values (75, 'Губкинский (Ямало-Ненецкий АО)');
REPLACE INTO city(region_id, name) values (75, 'Заполярный (Ямало-Ненецкий АО)');
REPLACE INTO city(region_id, name) values (75, 'Муравленко');
REPLACE INTO city(region_id, name) values (75, 'Надым');
REPLACE INTO city(region_id, name) values (75, 'Новый Уренгой');
REPLACE INTO city(region_id, name) values (75, 'Ноябрьск');
REPLACE INTO city(region_id, name) values (75, 'Пангоды');
REPLACE INTO city(region_id, name) values (75, 'Пуровск');
REPLACE INTO city(region_id, name) values (75, 'Салехард');
REPLACE INTO city(region_id, name) values (75, 'Тазовский');
REPLACE INTO city(region_id, name) values (75, 'Тарко-Сале');
REPLACE INTO city(region_id, name) values (415, 'Iliokhrion');
REPLACE INTO city(region_id, name) values (415, 'Ionnina');
REPLACE INTO city(region_id, name) values (466, 'Dalby');
REPLACE INTO city(region_id, name) values (466, 'Godthaab');
REPLACE INTO city(region_id, name) values (466, 'Holbk');
REPLACE INTO city(region_id, name) values (466, 'Hollbk');
REPLACE INTO city(region_id, name) values (466, 'Hng');
REPLACE INTO city(region_id, name) values (466, 'Jyderup');
REPLACE INTO city(region_id, name) values (466, 'Kallundborg');
REPLACE INTO city(region_id, name) values (466, 'Kalundborg');
REPLACE INTO city(region_id, name) values (466, 'Kastrup');
REPLACE INTO city(region_id, name) values (466, 'Korsr');
REPLACE INTO city(region_id, name) values (466, 'rslev');
REPLACE INTO city(region_id, name) values (466, 'Ringsted');
REPLACE INTO city(region_id, name) values (466, 'Slagelse');
REPLACE INTO city(region_id, name) values (466, 'Sor');
REPLACE INTO city(region_id, name) values (466, 'Uglerup');
REPLACE INTO city(region_id, name) values (488, 'Ариэль');
REPLACE INTO city(region_id, name) values (488, 'Бнэй-Брак');
REPLACE INTO city(region_id, name) values (488, 'Гэдера');
REPLACE INTO city(region_id, name) values (488, 'Кфар Саба');
REPLACE INTO city(region_id, name) values (488, 'Лод');
REPLACE INTO city(region_id, name) values (488, 'Натания');
REPLACE INTO city(region_id, name) values (488, 'Нэс-Циона');
REPLACE INTO city(region_id, name) values (488, 'Од-а Шарон');
REPLACE INTO city(region_id, name) values (488, 'Пэтах-Тиква');
REPLACE INTO city(region_id, name) values (488, 'Раанана');
REPLACE INTO city(region_id, name) values (488, 'Рамла');
REPLACE INTO city(region_id, name) values (488, 'Реховот');
REPLACE INTO city(region_id, name) values (488, 'Ришон-ЛеЦион');
REPLACE INTO city(region_id, name) values (488, 'Рош-ха-Аин');
REPLACE INTO city(region_id, name) values (488, 'Явне');
REPLACE INTO city(region_id, name) values (495, 'Патна');
REPLACE INTO city(region_id, name) values (516, 'Мосул');
REPLACE INTO city(region_id, name) values (518, 'Кашан');
REPLACE INTO city(region_id, name) values (529, 'Carlow');
REPLACE INTO city(region_id, name) values (529, 'Muine Bheag');
REPLACE INTO city(region_id, name) values (529, 'Tullow');
REPLACE INTO region(id, country_id, name) values (555, 76, 'Arnessysla');
REPLACE INTO region(id, country_id, name) values (556, 76, 'Austur-Hunavatnssysla');
REPLACE INTO region(id, country_id, name) values (557, 76, 'Borgarfjardarsysla');
REPLACE INTO region(id, country_id, name) values (558, 76, 'Eyjafjardarsysla');
REPLACE INTO region(id, country_id, name) values (559, 76, 'Gullbringusysla');
REPLACE INTO region(id, country_id, name) values (560, 76, 'Myrasysla');
REPLACE INTO region(id, country_id, name) values (561, 76, 'None');
REPLACE INTO region(id, country_id, name) values (562, 76, 'Nordur-Tingeyjarsysla');
REPLACE INTO region(id, country_id, name) values (563, 76, 'Strandasysla');
REPLACE INTO region(id, country_id, name) values (564, 76, 'Sudur-Mulasysla');
REPLACE INTO region(id, country_id, name) values (565, 76, 'Vestur-Bardastrandarsysla');
REPLACE INTO city(region_id, name) values (76, 'Андропов');
REPLACE INTO city(region_id, name) values (76, 'Берендеево');
REPLACE INTO city(region_id, name) values (76, 'Большое Село');
REPLACE INTO city(region_id, name) values (76, 'Борисоглебский');
REPLACE INTO city(region_id, name) values (76, 'Брейтово');
REPLACE INTO city(region_id, name) values (76, 'Бурмакино');
REPLACE INTO city(region_id, name) values (76, 'Варегово');
REPLACE INTO city(region_id, name) values (76, 'Волга');
REPLACE INTO city(region_id, name) values (76, 'Гаврилов Ям');
REPLACE INTO city(region_id, name) values (76, 'Данилов');
REPLACE INTO city(region_id, name) values (76, 'Любим');
REPLACE INTO city(region_id, name) values (76, 'Мышкин');
REPLACE INTO city(region_id, name) values (76, 'Некрасовское');
REPLACE INTO city(region_id, name) values (76, 'Новый Некоуз');
REPLACE INTO city(region_id, name) values (76, 'Переславль-Залесский');
REPLACE INTO city(region_id, name) values (76, 'Пошехонье-Володарск');
REPLACE INTO city(region_id, name) values (76, 'Ростов');
REPLACE INTO city(region_id, name) values (76, 'Рыбинск');
REPLACE INTO city(region_id, name) values (76, 'Тутаев');
REPLACE INTO city(region_id, name) values (76, 'Углич');
REPLACE INTO city(region_id, name) values (76, 'Ярославль');
REPLACE INTO city(region_id, name) values (416, 'Alikarnasss');
REPLACE INTO city(region_id, name) values (416, 'Erakleion');
REPLACE INTO city(region_id, name) values (416, 'Govai');
REPLACE INTO city(region_id, name) values (416, 'Herkleion');
REPLACE INTO city(region_id, name) values (416, 'Heraklion');
REPLACE INTO city(region_id, name) values (416, 'Iraclion');
REPLACE INTO city(region_id, name) values (416, 'Irkleio');
REPLACE INTO city(region_id, name) values (416, 'Irkleion');
REPLACE INTO city(region_id, name) values (416, 'Irklion');
REPLACE INTO city(region_id, name) values (416, 'Mores');
REPLACE INTO city(region_id, name) values (467, 'Agerskov');
REPLACE INTO city(region_id, name) values (467, 'lestrup');
REPLACE INTO city(region_id, name) values (467, 'Balling');
REPLACE INTO city(region_id, name) values (467, 'Bjerregrav');
REPLACE INTO city(region_id, name) values (467, 'Bjerringbro');
REPLACE INTO city(region_id, name) values (467, 'Bodum');
REPLACE INTO city(region_id, name) values (467, 'Dover');
REPLACE INTO city(region_id, name) values (467, 'Durup');
REPLACE INTO city(region_id, name) values (467, 'Foulum');
REPLACE INTO city(region_id, name) values (467, 'Frederiks');
REPLACE INTO city(region_id, name) values (467, 'Frstrup');
REPLACE INTO city(region_id, name) values (467, 'Glyngre');
REPLACE INTO city(region_id, name) values (467, 'Grnhj');
REPLACE INTO city(region_id, name) values (467, 'Hvidding');
REPLACE INTO city(region_id, name) values (467, 'Jebjerg');
REPLACE INTO city(region_id, name) values (467, 'Karup');
REPLACE INTO city(region_id, name) values (467, 'Kjellerup');
REPLACE INTO city(region_id, name) values (467, 'Lvskal');
REPLACE INTO city(region_id, name) values (467, 'Nykbing');
REPLACE INTO city(region_id, name) values (467, 'Nykbing Mors');
REPLACE INTO city(region_id, name) values (467, 'Oddense');
REPLACE INTO city(region_id, name) values (467, 'ster Assels');
REPLACE INTO city(region_id, name) values (467, 'Ravnstrup');
REPLACE INTO city(region_id, name) values (467, 'Simested');
REPLACE INTO city(region_id, name) values (467, 'Sjrup');
REPLACE INTO city(region_id, name) values (467, 'Skals');
REPLACE INTO city(region_id, name) values (467, 'Skive');
REPLACE INTO city(region_id, name) values (467, 'Solbjerg');
REPLACE INTO city(region_id, name) values (467, 'Stoholm');
REPLACE INTO city(region_id, name) values (467, 'Thisted');
REPLACE INTO city(region_id, name) values (467, 'Tisted');
REPLACE INTO city(region_id, name) values (467, 'Ulstrup');
REPLACE INTO city(region_id, name) values (467, 'Vellev');
REPLACE INTO city(region_id, name) values (467, 'Viborg');
REPLACE INTO city(region_id, name) values (489, 'Акко');
REPLACE INTO city(region_id, name) values (489, 'Акко (порт)');
REPLACE INTO city(region_id, name) values (489, 'Афула');
REPLACE INTO city(region_id, name) values (489, 'Кармиэль');
REPLACE INTO city(region_id, name) values (489, 'Кацрин');
REPLACE INTO city(region_id, name) values (489, 'Кирьят-Ата');
REPLACE INTO city(region_id, name) values (489, 'Кирьят-Ата');
REPLACE INTO city(region_id, name) values (489, 'Кирьят-Тивон');
REPLACE INTO city(region_id, name) values (489, 'Кирьят-Шмона');
REPLACE INTO city(region_id, name) values (489, 'Мигдаль аЭмек');
REPLACE INTO city(region_id, name) values (489, 'Нагария');
REPLACE INTO city(region_id, name) values (489, 'Нацэрэт');
REPLACE INTO city(region_id, name) values (489, 'Сахнин');
REPLACE INTO city(region_id, name) values (489, 'Тверия');
REPLACE INTO city(region_id, name) values (489, 'Хадера');
REPLACE INTO city(region_id, name) values (489, 'Хайфа');
REPLACE INTO city(region_id, name) values (489, 'Цфат');
REPLACE INTO city(region_id, name) values (496, 'Ахмадабад');
REPLACE INTO city(region_id, name) values (496, 'Сурат');
REPLACE INTO city(region_id, name) values (496, 'Сурендранагар');
REPLACE INTO city(region_id, name) values (519, 'Хамадан');
REPLACE INTO city(region_id, name) values (530, 'Bailieborough');
REPLACE INTO city(region_id, name) values (530, 'Belturbet');
REPLACE INTO city(region_id, name) values (530, 'Cavan');
REPLACE INTO city(region_id, name) values (530, 'Cootehill');
REPLACE INTO city(region_id, name) values (530, 'Kingscourt');
REPLACE INTO city(region_id, name) values (555, 'Brfell');
REPLACE INTO city(region_id, name) values (555, 'Selfoss');
REPLACE INTO region(id, country_id, name) values (566, 77, 'A Corua');
REPLACE INTO region(id, country_id, name) values (567, 77, 'lava');
REPLACE INTO region(id, country_id, name) values (568, 77, 'Albacete');
REPLACE INTO region(id, country_id, name) values (569, 77, 'Alicante/Alacant');
REPLACE INTO region(id, country_id, name) values (570, 77, 'Almera');
REPLACE INTO region(id, country_id, name) values (571, 77, 'Asturias');
REPLACE INTO region(id, country_id, name) values (572, 77, 'vila');
REPLACE INTO region(id, country_id, name) values (573, 77, 'Badajoz');
REPLACE INTO region(id, country_id, name) values (574, 77, 'Barcelona');
REPLACE INTO region(id, country_id, name) values (575, 77, 'Burgos');
REPLACE INTO region(id, country_id, name) values (576, 77, 'Cceres');
REPLACE INTO region(id, country_id, name) values (577, 77, 'Cdiz');
REPLACE INTO region(id, country_id, name) values (578, 77, 'Cantabria');
REPLACE INTO region(id, country_id, name) values (579, 77, 'Castelln/Castell');
REPLACE INTO region(id, country_id, name) values (580, 77, 'Ceuta');
REPLACE INTO region(id, country_id, name) values (581, 77, 'Ciudad Real');
REPLACE INTO region(id, country_id, name) values (582, 77, 'Crdoba');
REPLACE INTO region(id, country_id, name) values (583, 77, 'Cuenca');
REPLACE INTO region(id, country_id, name) values (584, 77, 'Girona');
REPLACE INTO region(id, country_id, name) values (585, 77, 'Granada');
REPLACE INTO region(id, country_id, name) values (586, 77, 'Guadalajara');
REPLACE INTO region(id, country_id, name) values (587, 77, 'Guipzcoa');
REPLACE INTO region(id, country_id, name) values (588, 77, 'Huelva');
REPLACE INTO region(id, country_id, name) values (589, 77, 'Huesca');
REPLACE INTO region(id, country_id, name) values (590, 77, 'Illes Balears');
REPLACE INTO region(id, country_id, name) values (591, 77, 'Jan');
REPLACE INTO region(id, country_id, name) values (592, 77, 'La Rioja');
REPLACE INTO region(id, country_id, name) values (593, 77, 'Las Palmas');
REPLACE INTO region(id, country_id, name) values (594, 77, 'Len');
REPLACE INTO region(id, country_id, name) values (595, 77, 'Lleida');
REPLACE INTO region(id, country_id, name) values (596, 77, 'Lugo');
REPLACE INTO region(id, country_id, name) values (597, 77, 'Madrid');
REPLACE INTO region(id, country_id, name) values (598, 77, 'Mlaga');
REPLACE INTO region(id, country_id, name) values (599, 77, 'Melilla');
REPLACE INTO region(id, country_id, name) values (600, 77, 'Murcia');
REPLACE INTO region(id, country_id, name) values (601, 77, 'Navarra');
REPLACE INTO region(id, country_id, name) values (602, 77, 'Ourense');
REPLACE INTO region(id, country_id, name) values (603, 77, 'Palencia');
REPLACE INTO region(id, country_id, name) values (604, 77, 'Pontevedra');
REPLACE INTO region(id, country_id, name) values (605, 77, 'Salamanca');
REPLACE INTO region(id, country_id, name) values (606, 77, 'Santa Cruz de Tenerife');
REPLACE INTO region(id, country_id, name) values (607, 77, 'Segovia');
REPLACE INTO region(id, country_id, name) values (608, 77, 'Sevilla');
REPLACE INTO region(id, country_id, name) values (609, 77, 'Soria');
REPLACE INTO region(id, country_id, name) values (610, 77, 'Tarragona');
REPLACE INTO region(id, country_id, name) values (611, 77, 'Teruel');
REPLACE INTO region(id, country_id, name) values (612, 77, 'Toledo');
REPLACE INTO region(id, country_id, name) values (613, 77, 'Valncia');
REPLACE INTO region(id, country_id, name) values (614, 77, 'Valladolid');
REPLACE INTO region(id, country_id, name) values (615, 77, 'Vizcaya');
REPLACE INTO region(id, country_id, name) values (616, 77, 'Zamora');
REPLACE INTO region(id, country_id, name) values (617, 77, 'Zaragoza');
REPLACE INTO city(region_id, name) values (77, 'Черкесск');
REPLACE INTO city(region_id, name) values (417, 'Kardtsa');
REPLACE INTO city(region_id, name) values (417, 'Kotsouron');
REPLACE INTO city(region_id, name) values (497, 'Ранчи');
REPLACE INTO city(region_id, name) values (497, 'Сринагар');
REPLACE INTO city(region_id, name) values (497, 'Ямму');
REPLACE INTO city(region_id, name) values (497, 'Ямшедпур');
REPLACE INTO city(region_id, name) values (520, 'Санандай');
REPLACE INTO city(region_id, name) values (531, 'Ennis');
REPLACE INTO city(region_id, name) values (531, 'Shannon');
REPLACE INTO city(region_id, name) values (556, 'Hof');
REPLACE INTO city(region_id, name) values (566, 'A Baa');
REPLACE INTO city(region_id, name) values (566, 'A Barqueira');
REPLACE INTO city(region_id, name) values (566, 'A Brea');
REPLACE INTO city(region_id, name) values (566, 'A Corua');
REPLACE INTO city(region_id, name) values (566, 'A Via');
REPLACE INTO city(region_id, name) values (566, 'Carballo');
REPLACE INTO city(region_id, name) values (566, 'Cario');
REPLACE INTO city(region_id, name) values (566, 'Ferrol');
REPLACE INTO city(region_id, name) values (566, 'Padrn');
REPLACE INTO city(region_id, name) values (566, 'Rois');
REPLACE INTO city(region_id, name) values (566, 'San Marcos');
REPLACE INTO city(region_id, name) values (566, 'Santiago de Compostela');
REPLACE INTO city(region_id, name) values (566, 'Vigo');
REPLACE INTO city(region_id, name) values (566, 'Vimianzo');
REPLACE INTO region(id, country_id, name) values (618, 78, 'Abruzzo - Chieti');
REPLACE INTO region(id, country_id, name) values (619, 78, 'Abruzzo - L''''Aquila');
REPLACE INTO region(id, country_id, name) values (620, 78, 'Abruzzo - Pescara');
REPLACE INTO region(id, country_id, name) values (621, 78, 'Abruzzo - Teramo');
REPLACE INTO region(id, country_id, name) values (622, 78, 'Basilicata - Matera');
REPLACE INTO region(id, country_id, name) values (623, 78, 'Basilicata - Potenza');
REPLACE INTO region(id, country_id, name) values (624, 78, 'Calabria - Catanzaro');
REPLACE INTO region(id, country_id, name) values (625, 78, 'Calabria - Cosenza');
REPLACE INTO region(id, country_id, name) values (626, 78, 'Calabria - Crotone');
REPLACE INTO region(id, country_id, name) values (627, 78, 'Calabria - Reggio Calabria');
REPLACE INTO region(id, country_id, name) values (628, 78, 'Calabria - Vibo Valentia');
REPLACE INTO region(id, country_id, name) values (629, 78, 'Campania - Avellino');
REPLACE INTO region(id, country_id, name) values (630, 78, 'Campania - Benevento');
REPLACE INTO region(id, country_id, name) values (631, 78, 'Campania - Caserta');
REPLACE INTO region(id, country_id, name) values (632, 78, 'Campania - Napoli');
REPLACE INTO region(id, country_id, name) values (633, 78, 'Campania - Salerno');
REPLACE INTO region(id, country_id, name) values (634, 78, 'Emilia Romagna - Bologna');
REPLACE INTO region(id, country_id, name) values (635, 78, 'Emilia Romagna - Ferrara');
REPLACE INTO region(id, country_id, name) values (636, 78, 'Emilia Romagna - Forl-Cesena');
REPLACE INTO region(id, country_id, name) values (637, 78, 'Emilia Romagna - Modena');
REPLACE INTO region(id, country_id, name) values (638, 78, 'Emilia Romagna - Parma');
REPLACE INTO region(id, country_id, name) values (639, 78, 'Emilia Romagna - Piacenza');
REPLACE INTO region(id, country_id, name) values (640, 78, 'Emilia Romagna - Ravenna');
REPLACE INTO region(id, country_id, name) values (641, 78, 'Emilia Romagna - Reggio Emilia');
REPLACE INTO region(id, country_id, name) values (642, 78, 'Emilia Romagna - Rimini');
REPLACE INTO region(id, country_id, name) values (643, 78, 'Friuli Venezia Giulia - Gorizia');
REPLACE INTO region(id, country_id, name) values (644, 78, 'Friuli Venezia Giulia - Pordenone');
REPLACE INTO region(id, country_id, name) values (645, 78, 'Friuli Venezia Giulia - Trieste');
REPLACE INTO region(id, country_id, name) values (646, 78, 'Friuli Venezia Giulia - Udine');
REPLACE INTO region(id, country_id, name) values (647, 78, 'Lazio - Frosinone');
REPLACE INTO region(id, country_id, name) values (648, 78, 'Lazio - Latina');
REPLACE INTO region(id, country_id, name) values (649, 78, 'Lazio - Rieti');
REPLACE INTO region(id, country_id, name) values (650, 78, 'Lazio - Roma');
REPLACE INTO region(id, country_id, name) values (651, 78, 'Lazio - Viterbo');
REPLACE INTO region(id, country_id, name) values (652, 78, 'Liguria - Genova');
REPLACE INTO region(id, country_id, name) values (653, 78, 'Liguria - Imperia');
REPLACE INTO region(id, country_id, name) values (654, 78, 'Liguria - La Spezia');
REPLACE INTO region(id, country_id, name) values (655, 78, 'Liguria - Savona');
REPLACE INTO region(id, country_id, name) values (656, 78, 'Lombardia - Bergamo');
REPLACE INTO region(id, country_id, name) values (657, 78, 'Lombardia - Brescia');
REPLACE INTO region(id, country_id, name) values (658, 78, 'Lombardia - Como');
REPLACE INTO region(id, country_id, name) values (659, 78, 'Lombardia - Cremona');
REPLACE INTO region(id, country_id, name) values (660, 78, 'Lombardia - Lecco');
REPLACE INTO region(id, country_id, name) values (661, 78, 'Lombardia - Lodi');
REPLACE INTO region(id, country_id, name) values (662, 78, 'Lombardia - Mantova');
REPLACE INTO region(id, country_id, name) values (663, 78, 'Lombardia - Milano');
REPLACE INTO region(id, country_id, name) values (664, 78, 'Lombardia - Pavia');
REPLACE INTO region(id, country_id, name) values (665, 78, 'Lombardia - Sondrio');
REPLACE INTO region(id, country_id, name) values (666, 78, 'Lombardia - Varese');
REPLACE INTO region(id, country_id, name) values (667, 78, 'Marche - Ancona');
REPLACE INTO region(id, country_id, name) values (668, 78, 'Marche - Ascoli Piceno');
REPLACE INTO region(id, country_id, name) values (669, 78, 'Marche - Macerata');
REPLACE INTO region(id, country_id, name) values (670, 78, 'Marche - Pesaro - Urbino');
REPLACE INTO region(id, country_id, name) values (671, 78, 'Molise - Campobasso');
REPLACE INTO region(id, country_id, name) values (672, 78, 'Molise - Isernia');
REPLACE INTO region(id, country_id, name) values (673, 78, 'Piemonte - Alessandria');
REPLACE INTO region(id, country_id, name) values (674, 78, 'Piemonte - Biella');
REPLACE INTO region(id, country_id, name) values (675, 78, 'Piemonte - Cuneo');
REPLACE INTO region(id, country_id, name) values (676, 78, 'Piemonte - Novara');
REPLACE INTO region(id, country_id, name) values (677, 78, 'Piemonte - Torino');
REPLACE INTO region(id, country_id, name) values (678, 78, 'Piemonte - Verbania');
REPLACE INTO region(id, country_id, name) values (679, 78, 'Piemonte - Vercelli');
REPLACE INTO region(id, country_id, name) values (680, 78, 'Puglia - Bari');
REPLACE INTO region(id, country_id, name) values (681, 78, 'Puglia - Brindisi');
REPLACE INTO region(id, country_id, name) values (682, 78, 'Puglia - Foggia');
REPLACE INTO region(id, country_id, name) values (683, 78, 'Puglia - Lecce');
REPLACE INTO region(id, country_id, name) values (684, 78, 'Puglia - Taranto');
REPLACE INTO region(id, country_id, name) values (685, 78, 'Sardegna - Cagliari');
REPLACE INTO region(id, country_id, name) values (686, 78, 'Sardegna - Nuoro');
REPLACE INTO region(id, country_id, name) values (687, 78, 'Sardegna - Oristano');
REPLACE INTO region(id, country_id, name) values (688, 78, 'Sardegna - Sassari');
REPLACE INTO region(id, country_id, name) values (689, 78, 'Sicilia - Agrigento');
REPLACE INTO region(id, country_id, name) values (690, 78, 'Sicilia - Catania');
REPLACE INTO region(id, country_id, name) values (691, 78, 'Sicilia - Messina');
REPLACE INTO region(id, country_id, name) values (692, 78, 'Sicilia - Palermo');
REPLACE INTO region(id, country_id, name) values (693, 78, 'Sicilia - Ragusa');
REPLACE INTO region(id, country_id, name) values (694, 78, 'Sicilia - Siracusa');
REPLACE INTO region(id, country_id, name) values (695, 78, 'Sicilia - Trapani');
REPLACE INTO region(id, country_id, name) values (696, 78, 'Toscana - Arezzo');
REPLACE INTO region(id, country_id, name) values (697, 78, 'Toscana - Firenze');
REPLACE INTO region(id, country_id, name) values (698, 78, 'Toscana - Grosseto');
REPLACE INTO region(id, country_id, name) values (699, 78, 'Toscana - Livorno');
REPLACE INTO region(id, country_id, name) values (700, 78, 'Toscana - Lucca');
REPLACE INTO region(id, country_id, name) values (701, 78, 'Toscana - Massa Carrara');
REPLACE INTO region(id, country_id, name) values (702, 78, 'Toscana - Pisa');
REPLACE INTO region(id, country_id, name) values (703, 78, 'Toscana - Pistoia');
REPLACE INTO region(id, country_id, name) values (704, 78, 'Toscana - Prato');
REPLACE INTO region(id, country_id, name) values (705, 78, 'Toscana - Siena');
REPLACE INTO region(id, country_id, name) values (706, 78, 'Trentino Alto Adige - Bolzano');
REPLACE INTO region(id, country_id, name) values (707, 78, 'Trentino Alto Adige - Trento');
REPLACE INTO region(id, country_id, name) values (708, 78, 'Umbria - Perugia');
REPLACE INTO region(id, country_id, name) values (709, 78, 'Umbria - Terni');
REPLACE INTO region(id, country_id, name) values (710, 78, 'Valle d''''Aosta - Aosta');
REPLACE INTO region(id, country_id, name) values (711, 78, 'Veneto - Belluno');
REPLACE INTO region(id, country_id, name) values (712, 78, 'Veneto - Padova');
REPLACE INTO region(id, country_id, name) values (713, 78, 'Veneto - Rovigo');
REPLACE INTO region(id, country_id, name) values (714, 78, 'Veneto - Treviso');
REPLACE INTO region(id, country_id, name) values (715, 78, 'Veneto - Venezia');
REPLACE INTO region(id, country_id, name) values (716, 78, 'Veneto - Verona');
REPLACE INTO region(id, country_id, name) values (717, 78, 'Veneto - Vicenza');
REPLACE INTO city(region_id, name) values (418, 'Aga nna');
REPLACE INTO city(region_id, name) values (418, 'Fteli');
REPLACE INTO city(region_id, name) values (418, 'Kastori');
REPLACE INTO city(region_id, name) values (418, 'Nki');
REPLACE INTO city(region_id, name) values (498, 'Бангалор');
REPLACE INTO city(region_id, name) values (498, 'Бомбей');
REPLACE INTO city(region_id, name) values (498, 'Дели');
REPLACE INTO city(region_id, name) values (498, 'Калькутта');
REPLACE INTO city(region_id, name) values (498, 'Мадрас');
REPLACE INTO city(region_id, name) values (498, 'Пуна');
REPLACE INTO city(region_id, name) values (498, 'Хайдарабад');
REPLACE INTO city(region_id, name) values (521, 'Иезд');
REPLACE INTO city(region_id, name) values (532, 'Bandon');
REPLACE INTO city(region_id, name) values (532, 'Bantry');
REPLACE INTO city(region_id, name) values (532, 'Blarney');
REPLACE INTO city(region_id, name) values (532, 'Clonakilty');
REPLACE INTO city(region_id, name) values (532, 'Cork');
REPLACE INTO city(region_id, name) values (532, 'Dunmanway');
REPLACE INTO city(region_id, name) values (532, 'Fermoy');
REPLACE INTO city(region_id, name) values (532, 'Kinsale');
REPLACE INTO city(region_id, name) values (532, 'Mallow');
REPLACE INTO city(region_id, name) values (532, 'Midleton');
REPLACE INTO city(region_id, name) values (532, 'Mitchelstown');
REPLACE INTO city(region_id, name) values (532, 'Skibbereen');
REPLACE INTO city(region_id, name) values (532, 'Youghal');
REPLACE INTO city(region_id, name) values (557, 'Akranes');
REPLACE INTO city(region_id, name) values (567, 'Abechuco');
REPLACE INTO city(region_id, name) values (567, 'Llodio');
REPLACE INTO city(region_id, name) values (567, 'Salvatierra');
REPLACE INTO city(region_id, name) values (567, 'Viloria');
REPLACE INTO city(region_id, name) values (567, 'Vitoria');
REPLACE INTO city(region_id, name) values (618, 'Altino');
REPLACE INTO city(region_id, name) values (618, 'Archi');
REPLACE INTO city(region_id, name) values (618, 'Ari');
REPLACE INTO city(region_id, name) values (618, 'Atessa');
REPLACE INTO city(region_id, name) values (618, 'Borrello');
REPLACE INTO city(region_id, name) values (618, 'Casalincontrada');
REPLACE INTO city(region_id, name) values (618, 'Casoli');
REPLACE INTO city(region_id, name) values (618, 'Chieti');
REPLACE INTO city(region_id, name) values (618, 'Lanciano');
REPLACE INTO city(region_id, name) values (618, 'Rosello');
REPLACE INTO city(region_id, name) values (618, 'San Buono');
REPLACE INTO city(region_id, name) values (618, 'San Salvo');
REPLACE INTO city(region_id, name) values (618, 'Vasto');
REPLACE INTO region(id, country_id, name) values (718, 79, 'Йемен');
REPLACE INTO city(region_id, name) values (419, 'Agasma');
REPLACE INTO city(region_id, name) values (419, 'Cavalla');
REPLACE INTO city(region_id, name) values (419, 'Chrysopoli');
REPLACE INTO city(region_id, name) values (419, 'Kaballa');
REPLACE INTO city(region_id, name) values (419, 'Kalvai');
REPLACE INTO city(region_id, name) values (419, 'Kavla');
REPLACE INTO city(region_id, name) values (419, 'Kavlla');
REPLACE INTO city(region_id, name) values (419, 'Na Pramos');
REPLACE INTO city(region_id, name) values (419, 'Thsos');
REPLACE INTO city(region_id, name) values (499, 'Кожикод');
REPLACE INTO city(region_id, name) values (499, 'Коттэйам');
REPLACE INTO city(region_id, name) values (522, 'Керман');
REPLACE INTO city(region_id, name) values (533, 'Ballybofey');
REPLACE INTO city(region_id, name) values (533, 'Ballyshannon');
REPLACE INTO city(region_id, name) values (533, 'Buncrana');
REPLACE INTO city(region_id, name) values (533, 'Carndonagh');
REPLACE INTO city(region_id, name) values (533, 'Donegal');
REPLACE INTO city(region_id, name) values (533, 'Killybegs');
REPLACE INTO city(region_id, name) values (533, 'Letterkenny');
REPLACE INTO city(region_id, name) values (533, 'Lifford');
REPLACE INTO city(region_id, name) values (558, 'Akureyri');
REPLACE INTO city(region_id, name) values (558, 'Migarar');
REPLACE INTO city(region_id, name) values (568, 'Aguas Nuevas');
REPLACE INTO city(region_id, name) values (568, 'Albacete');
REPLACE INTO city(region_id, name) values (568, 'Almansa');
REPLACE INTO city(region_id, name) values (568, 'Helln');
REPLACE INTO city(region_id, name) values (568, 'Turilla');
REPLACE INTO city(region_id, name) values (568, 'Villamalea');
REPLACE INTO city(region_id, name) values (568, 'Villarrobledo');
REPLACE INTO city(region_id, name) values (619, 'Avezzano');
REPLACE INTO city(region_id, name) values (619, 'Canistro');
REPLACE INTO city(region_id, name) values (619, 'Celano');
REPLACE INTO city(region_id, name) values (619, 'L''''Aquila');
REPLACE INTO city(region_id, name) values (718, 'Аден');
REPLACE INTO city(region_id, name) values (718, 'Сана');
REPLACE INTO region(id, country_id, name) values (719, 80, 'Кабо-Верде');
REPLACE INTO city(region_id, name) values (420, 'Argostli');
REPLACE INTO city(region_id, name) values (420, 'Argostlion');
REPLACE INTO city(region_id, name) values (500, 'Бхопал');
REPLACE INTO city(region_id, name) values (500, 'Мау');
REPLACE INTO city(region_id, name) values (523, 'Керманшах');
REPLACE INTO city(region_id, name) values (534, 'Balbriggan');
REPLACE INTO city(region_id, name) values (534, 'Dublin');
REPLACE INTO city(region_id, name) values (534, 'Dun Laoghaire');
REPLACE INTO city(region_id, name) values (534, 'Lucan');
REPLACE INTO city(region_id, name) values (534, 'Lusk');
REPLACE INTO city(region_id, name) values (534, 'Malahide');
REPLACE INTO city(region_id, name) values (534, 'Newcastle');
REPLACE INTO city(region_id, name) values (534, 'Portmarnock');
REPLACE INTO city(region_id, name) values (534, 'Rush');
REPLACE INTO city(region_id, name) values (534, 'Skerries');
REPLACE INTO city(region_id, name) values (534, 'Swords');
REPLACE INTO city(region_id, name) values (559, 'Kpavogur');
REPLACE INTO city(region_id, name) values (559, 'Reykjavk');
REPLACE INTO city(region_id, name) values (569, 'Abio');
REPLACE INTO city(region_id, name) values (569, 'Agost');
REPLACE INTO city(region_id, name) values (569, 'Agres');
REPLACE INTO city(region_id, name) values (569, 'Albatera');
REPLACE INTO city(region_id, name) values (569, 'Albir');
REPLACE INTO city(region_id, name) values (569, 'Alborada');
REPLACE INTO city(region_id, name) values (569, 'Albufereta');
REPLACE INTO city(region_id, name) values (569, 'Alcoy');
REPLACE INTO city(region_id, name) values (569, 'Alicante');
REPLACE INTO city(region_id, name) values (569, 'Almorad');
REPLACE INTO city(region_id, name) values (569, 'Altabix');
REPLACE INTO city(region_id, name) values (569, 'Altea');
REPLACE INTO city(region_id, name) values (569, 'Aspe');
REPLACE INTO city(region_id, name) values (569, 'Benejzar');
REPLACE INTO city(region_id, name) values (569, 'Benidorm');
REPLACE INTO city(region_id, name) values (569, 'Benitachell');
REPLACE INTO city(region_id, name) values (569, 'Calpe');
REPLACE INTO city(region_id, name) values (569, 'Casas del Seor');
REPLACE INTO city(region_id, name) values (569, 'Castalla');
REPLACE INTO city(region_id, name) values (569, 'Dnia');
REPLACE INTO city(region_id, name) values (569, 'Dolores');
REPLACE INTO city(region_id, name) values (569, 'Elche');
REPLACE INTO city(region_id, name) values (569, 'Elda');
REPLACE INTO city(region_id, name) values (569, 'Guardamar del Segura');
REPLACE INTO city(region_id, name) values (569, 'Jvea');
REPLACE INTO city(region_id, name) values (569, 'La Zenia');
REPLACE INTO city(region_id, name) values (569, 'Los Montesinos');
REPLACE INTO city(region_id, name) values (569, 'Ondara');
REPLACE INTO city(region_id, name) values (569, 'Onil');
REPLACE INTO city(region_id, name) values (569, 'Orihuela');
REPLACE INTO city(region_id, name) values (569, 'Pilar de la Horadada');
REPLACE INTO city(region_id, name) values (569, 'San Juan de Alicante');
REPLACE INTO city(region_id, name) values (569, 'Santa Pola');
REPLACE INTO city(region_id, name) values (569, 'Torrevieja');
REPLACE INTO city(region_id, name) values (620, 'Abbateggio');
REPLACE INTO city(region_id, name) values (620, 'Citt Sant''''Angelo');
REPLACE INTO city(region_id, name) values (620, 'Cugnoli');
REPLACE INTO city(region_id, name) values (620, 'Loreto Aprutino');
REPLACE INTO city(region_id, name) values (620, 'Montesilvano');
REPLACE INTO city(region_id, name) values (620, 'Penne');
REPLACE INTO city(region_id, name) values (620, 'Pescara');
REPLACE INTO city(region_id, name) values (620, 'Pianella');
REPLACE INTO city(region_id, name) values (719, 'Прая');
REPLACE INTO region(id, country_id, name) values (720, 81, 'Акмолинская обл. (Целиноградская обл.)');
REPLACE INTO region(id, country_id, name) values (721, 81, 'Актюбинская обл.');
REPLACE INTO region(id, country_id, name) values (722, 81, 'Алма-Атинская обл.');
REPLACE INTO region(id, country_id, name) values (723, 81, 'Восточно-Казахстанская обл.');
REPLACE INTO region(id, country_id, name) values (724, 81, 'Гурьевская обл.');
REPLACE INTO region(id, country_id, name) values (725, 81, 'Джезказганская обл.');
REPLACE INTO region(id, country_id, name) values (726, 81, 'Жамбылская обл. (Джамбулская обл.)');
REPLACE INTO region(id, country_id, name) values (727, 81, 'Западно-Казахстанская обл.');
REPLACE INTO region(id, country_id, name) values (728, 81, 'Казахстан');
REPLACE INTO region(id, country_id, name) values (729, 81, 'Карагандинская обл.');
REPLACE INTO region(id, country_id, name) values (730, 81, 'Кзылординская обл.');
REPLACE INTO region(id, country_id, name) values (731, 81, 'Кокчетавская обл.');
REPLACE INTO region(id, country_id, name) values (732, 81, 'Кустанайская обл.');
REPLACE INTO region(id, country_id, name) values (733, 81, 'Мангыстауская (Мангышлакская обл.)');
REPLACE INTO region(id, country_id, name) values (734, 81, 'Павлодарская обл.');
REPLACE INTO region(id, country_id, name) values (735, 81, 'Северо-Казахстанская обл.');
REPLACE INTO region(id, country_id, name) values (736, 81, 'Талды-Курганская обл.');
REPLACE INTO region(id, country_id, name) values (737, 81, 'Тургайская обл.');
REPLACE INTO region(id, country_id, name) values (738, 81, 'Чимкентская обл.');
REPLACE INTO city(region_id, name) values (421, 'Achlleion');
REPLACE INTO city(region_id, name) values (421, 'fra');
REPLACE INTO city(region_id, name) values (421, 'Athinio');
REPLACE INTO city(region_id, name) values (421, 'Corfu');
REPLACE INTO city(region_id, name) values (421, 'Krkira');
REPLACE INTO city(region_id, name) values (421, 'Krkyra');
REPLACE INTO city(region_id, name) values (421, 'Korfu');
REPLACE INTO city(region_id, name) values (501, 'Имфал');
REPLACE INTO city(region_id, name) values (524, 'Бабол');
REPLACE INTO city(region_id, name) values (524, 'Сари');
REPLACE INTO city(region_id, name) values (535, 'Athenry');
REPLACE INTO city(region_id, name) values (535, 'Ballinasloe');
REPLACE INTO city(region_id, name) values (535, 'Galway');
REPLACE INTO city(region_id, name) values (535, 'Gort');
REPLACE INTO city(region_id, name) values (535, 'Oranmore');
REPLACE INTO city(region_id, name) values (535, 'Tuam');
REPLACE INTO city(region_id, name) values (560, 'Alttanes');
REPLACE INTO city(region_id, name) values (570, 'Adra');
REPLACE INTO city(region_id, name) values (570, 'Aguadulce');
REPLACE INTO city(region_id, name) values (570, 'Albox');
REPLACE INTO city(region_id, name) values (570, 'Alcaudique');
REPLACE INTO city(region_id, name) values (570, 'Alhama de Almera');
REPLACE INTO city(region_id, name) values (570, 'Almera');
REPLACE INTO city(region_id, name) values (570, 'Almerimar');
REPLACE INTO city(region_id, name) values (570, 'Arboleas');
REPLACE INTO city(region_id, name) values (570, 'Balanegra');
REPLACE INTO city(region_id, name) values (570, 'Balerma');
REPLACE INTO city(region_id, name) values (570, 'Campohermoso');
REPLACE INTO city(region_id, name) values (570, 'Cuevas de Almanzora');
REPLACE INTO city(region_id, name) values (570, 'El Alquian');
REPLACE INTO city(region_id, name) values (570, 'El Cabo de Gata');
REPLACE INTO city(region_id, name) values (570, 'El Ejido');
REPLACE INTO city(region_id, name) values (570, 'El Parador');
REPLACE INTO city(region_id, name) values (570, 'Garrucha');
REPLACE INTO city(region_id, name) values (570, 'La Caada de San Urbano');
REPLACE INTO city(region_id, name) values (570, 'Mojcar');
REPLACE INTO city(region_id, name) values (570, 'Olula del Ro');
REPLACE INTO city(region_id, name) values (570, 'Roquetas de Mar');
REPLACE INTO city(region_id, name) values (570, 'San Isidro de Njar');
REPLACE INTO city(region_id, name) values (570, 'Vera');
REPLACE INTO city(region_id, name) values (570, 'Vcar');
REPLACE INTO city(region_id, name) values (621, 'Alba Adriatica');
REPLACE INTO city(region_id, name) values (621, 'Ancarano');
REPLACE INTO city(region_id, name) values (621, 'Bellante');
REPLACE INTO city(region_id, name) values (621, 'Castellalto');
REPLACE INTO city(region_id, name) values (621, 'Giulianova');
REPLACE INTO city(region_id, name) values (621, 'Martinsicuro');
REPLACE INTO city(region_id, name) values (621, 'Montefino');
REPLACE INTO city(region_id, name) values (621, 'Nereto');
REPLACE INTO city(region_id, name) values (621, 'Silvi');
REPLACE INTO city(region_id, name) values (621, 'Teramo');
REPLACE INTO city(region_id, name) values (621, 'Tortoreto');
REPLACE INTO city(region_id, name) values (720, 'Акбеит');
REPLACE INTO city(region_id, name) values (720, 'Аксу');
REPLACE INTO city(region_id, name) values (720, 'Алексеевка');
REPLACE INTO city(region_id, name) values (720, 'Астана');
REPLACE INTO city(region_id, name) values (720, 'Астраханка');
REPLACE INTO city(region_id, name) values (720, 'Атбасар');
REPLACE INTO city(region_id, name) values (720, 'Балкашино');
REPLACE INTO city(region_id, name) values (720, 'Бестобе');
REPLACE INTO city(region_id, name) values (720, 'Вишневка');
REPLACE INTO city(region_id, name) values (720, 'Ерментау');
REPLACE INTO city(region_id, name) values (720, 'Жалтыр');
REPLACE INTO city(region_id, name) values (720, 'Жолымбет');
REPLACE INTO city(region_id, name) values (720, 'Кургальджинский');
REPLACE INTO city(region_id, name) values (720, 'Макинск');
REPLACE INTO city(region_id, name) values (720, 'Степногорск');
REPLACE INTO city(region_id, name) values (720, 'Шортанды');
REPLACE INTO region(id, country_id, name) values (739, 82, 'Камбоджа');
REPLACE INTO city(region_id, name) values (422, 'Arnaa');
REPLACE INTO city(region_id, name) values (422, 'Dfni');
REPLACE INTO city(region_id, name) values (422, 'Hierissos');
REPLACE INTO city(region_id, name) values (422, 'Laringvi');
REPLACE INTO city(region_id, name) values (422, 'Pilyiros');
REPLACE INTO city(region_id, name) values (422, 'Polyiros');
REPLACE INTO city(region_id, name) values (422, 'Polgyros');
REPLACE INTO city(region_id, name) values (502, 'Акола');
REPLACE INTO city(region_id, name) values (502, 'Ахмаднагар');
REPLACE INTO city(region_id, name) values (502, 'Вардха');
REPLACE INTO city(region_id, name) values (502, 'Колхапур');
REPLACE INTO city(region_id, name) values (502, 'Нагпур');
REPLACE INTO city(region_id, name) values (502, 'Тана');
REPLACE INTO city(region_id, name) values (525, 'Тегеран');
REPLACE INTO city(region_id, name) values (536, 'Ballybunion');
REPLACE INTO city(region_id, name) values (536, 'Dingle');
REPLACE INTO city(region_id, name) values (536, 'Killarney');
REPLACE INTO city(region_id, name) values (536, 'Killorglin');
REPLACE INTO city(region_id, name) values (536, 'Listowel');
REPLACE INTO city(region_id, name) values (536, 'Tralee');
REPLACE INTO city(region_id, name) values (561, 'br');
REPLACE INTO city(region_id, name) values (561, 'gur');
REPLACE INTO city(region_id, name) values (571, 'Armada');
REPLACE INTO city(region_id, name) values (571, 'Avils');
REPLACE INTO city(region_id, name) values (571, 'Cedemonio');
REPLACE INTO city(region_id, name) values (571, 'Gijn');
REPLACE INTO city(region_id, name) values (571, 'Luanco');
REPLACE INTO city(region_id, name) values (571, 'Lugones');
REPLACE INTO city(region_id, name) values (571, 'Mieres');
REPLACE INTO city(region_id, name) values (571, 'Oviedo');
REPLACE INTO city(region_id, name) values (571, 'Pravia');
REPLACE INTO city(region_id, name) values (571, 'Villaviciosa');
REPLACE INTO city(region_id, name) values (622, 'Colobraro');
REPLACE INTO city(region_id, name) values (622, 'Ferrandina');
REPLACE INTO city(region_id, name) values (622, 'Matera');
REPLACE INTO city(region_id, name) values (622, 'Policoro');
REPLACE INTO city(region_id, name) values (622, 'Salandra');
REPLACE INTO city(region_id, name) values (721, 'Актобе (Актюбинск)');
REPLACE INTO city(region_id, name) values (721, 'Акшам');
REPLACE INTO city(region_id, name) values (721, 'Алга');
REPLACE INTO city(region_id, name) values (721, 'Байганин');
REPLACE INTO city(region_id, name) values (721, 'Батамшинский');
REPLACE INTO city(region_id, name) values (721, 'Иргиз');
REPLACE INTO city(region_id, name) values (721, 'Карабутак');
REPLACE INTO city(region_id, name) values (721, 'Мартук');
REPLACE INTO city(region_id, name) values (721, 'Новоалексеевка');
REPLACE INTO city(region_id, name) values (721, 'Октябрьск');
REPLACE INTO city(region_id, name) values (721, 'Уил');
REPLACE INTO city(region_id, name) values (721, 'Хромтау');
REPLACE INTO city(region_id, name) values (721, 'Челкар');
REPLACE INTO city(region_id, name) values (721, 'Шубаркудук');
REPLACE INTO city(region_id, name) values (721, 'Эмба');
REPLACE INTO city(region_id, name) values (739, 'Пномпень');
REPLACE INTO region(id, country_id, name) values (740, 83, 'Littoral');
REPLACE INTO region(id, country_id, name) values (741, 83, 'Sudouest');
REPLACE INTO region(id, country_id, name) values (742, 83, 'Северная');
REPLACE INTO region(id, country_id, name) values (743, 83, 'Центральная');
REPLACE INTO city(region_id, name) values (423, 'Canea');
REPLACE INTO city(region_id, name) values (423, 'Chani');
REPLACE INTO city(region_id, name) values (423, 'Khani');
REPLACE INTO city(region_id, name) values (423, 'Kssamos');
REPLACE INTO city(region_id, name) values (423, 'Loutr');
REPLACE INTO city(region_id, name) values (423, 'Palaiochra');
REPLACE INTO city(region_id, name) values (423, 'Sphinari');
REPLACE INTO city(region_id, name) values (503, 'Пури');
REPLACE INTO city(region_id, name) values (503, 'Рауркела');
REPLACE INTO city(region_id, name) values (526, 'Абадан');
REPLACE INTO city(region_id, name) values (526, 'Шираз');
REPLACE INTO city(region_id, name) values (537, 'Athy');
REPLACE INTO city(region_id, name) values (537, 'Celbridge');
REPLACE INTO city(region_id, name) values (537, 'Clane');
REPLACE INTO city(region_id, name) values (537, 'Kilcullen');
REPLACE INTO city(region_id, name) values (537, 'Kildare');
REPLACE INTO city(region_id, name) values (537, 'Leixlip');
REPLACE INTO city(region_id, name) values (537, 'Maynooth');
REPLACE INTO city(region_id, name) values (537, 'Naas');
REPLACE INTO city(region_id, name) values (537, 'Newbridge');
REPLACE INTO city(region_id, name) values (562, 'Saudhanes');
REPLACE INTO city(region_id, name) values (572, 'vila');
REPLACE INTO city(region_id, name) values (572, 'El Tiemblo');
REPLACE INTO city(region_id, name) values (623, 'Baragiano');
REPLACE INTO city(region_id, name) values (623, 'Bella');
REPLACE INTO city(region_id, name) values (623, 'Calvera');
REPLACE INTO city(region_id, name) values (623, 'Maratea');
REPLACE INTO city(region_id, name) values (623, 'Melfi');
REPLACE INTO city(region_id, name) values (623, 'Potenza');
REPLACE INTO city(region_id, name) values (623, 'Rapolla');
REPLACE INTO city(region_id, name) values (623, 'Sant''''Arcangelo');
REPLACE INTO city(region_id, name) values (623, 'Venosa');
REPLACE INTO city(region_id, name) values (722, 'Алматы (Алма-Ата)');
REPLACE INTO city(region_id, name) values (722, 'Баканас');
REPLACE INTO city(region_id, name) values (722, 'Бурундай');
REPLACE INTO city(region_id, name) values (722, 'Иссык');
REPLACE INTO city(region_id, name) values (722, 'Капчагай');
REPLACE INTO city(region_id, name) values (722, 'Каскелен');
REPLACE INTO city(region_id, name) values (722, 'Нарынкол');
REPLACE INTO city(region_id, name) values (722, 'Талгар');
REPLACE INTO city(region_id, name) values (722, 'Узунагач');
REPLACE INTO city(region_id, name) values (722, 'Чилик');
REPLACE INTO city(region_id, name) values (722, 'Чунджа');
REPLACE INTO city(region_id, name) values (740, 'Дуала');
REPLACE INTO region(id, country_id, name) values (744, 84, 'Alberta');
REPLACE INTO region(id, country_id, name) values (745, 84, 'British Columbia');
REPLACE INTO region(id, country_id, name) values (746, 84, 'Manitoba');
REPLACE INTO region(id, country_id, name) values (747, 84, 'New Brunswick');
REPLACE INTO region(id, country_id, name) values (748, 84, 'Newfoundland');
REPLACE INTO region(id, country_id, name) values (749, 84, 'Northwest Territories');
REPLACE INTO region(id, country_id, name) values (750, 84, 'Nova Scotia');
REPLACE INTO region(id, country_id, name) values (751, 84, 'Nunavut');
REPLACE INTO region(id, country_id, name) values (752, 84, 'Ontario');
REPLACE INTO region(id, country_id, name) values (753, 84, 'Prince Edward Island');
REPLACE INTO region(id, country_id, name) values (754, 84, 'Quebec');
REPLACE INTO region(id, country_id, name) values (755, 84, 'Saskatchewan');
REPLACE INTO region(id, country_id, name) values (756, 84, 'Yukon Territory');
REPLACE INTO city(region_id, name) values (424, 'Afrodsia');
REPLACE INTO city(region_id, name) values (424, 'Chalkein');
REPLACE INTO city(region_id, name) values (424, 'Hios');
REPLACE INTO city(region_id, name) values (424, 'Karfs');
REPLACE INTO city(region_id, name) values (424, 'Karia');
REPLACE INTO city(region_id, name) values (504, 'Амритсар');
REPLACE INTO city(region_id, name) values (504, 'Лудхиана');
REPLACE INTO city(region_id, name) values (527, 'Бендер-Аббас');
REPLACE INTO city(region_id, name) values (538, 'Kilkenny');
REPLACE INTO city(region_id, name) values (563, 'rnes');
REPLACE INTO city(region_id, name) values (563, 'Norurfjrur');
REPLACE INTO city(region_id, name) values (563, 'Reykjarnes');
REPLACE INTO city(region_id, name) values (573, 'Almendralejo');
REPLACE INTO city(region_id, name) values (573, 'Badajoz');
REPLACE INTO city(region_id, name) values (573, 'Don Benito');
REPLACE INTO city(region_id, name) values (573, 'Mrida');
REPLACE INTO city(region_id, name) values (573, 'Talarrubias');
REPLACE INTO city(region_id, name) values (624, 'Amaroni');
REPLACE INTO city(region_id, name) values (624, 'Catanzaro');
REPLACE INTO city(region_id, name) values (624, 'Jacurso');
REPLACE INTO city(region_id, name) values (624, 'Lamezia Terme');
REPLACE INTO city(region_id, name) values (624, 'Satriano');
REPLACE INTO city(region_id, name) values (624, 'Soverato');
REPLACE INTO city(region_id, name) values (624, 'Taverna');
REPLACE INTO city(region_id, name) values (723, 'Акжар');
REPLACE INTO city(region_id, name) values (723, 'Аксуат');
REPLACE INTO city(region_id, name) values (723, 'Асубулак');
REPLACE INTO city(region_id, name) values (723, 'Ауэзов');
REPLACE INTO city(region_id, name) values (723, 'Аягуз');
REPLACE INTO city(region_id, name) values (723, 'Баршатас');
REPLACE INTO city(region_id, name) values (723, 'Белогорский');
REPLACE INTO city(region_id, name) values (723, 'Боко');
REPLACE INTO city(region_id, name) values (723, 'Большая Владимировка');
REPLACE INTO city(region_id, name) values (723, 'Бородулиха');
REPLACE INTO city(region_id, name) values (723, 'Верхнеберезовский');
REPLACE INTO city(region_id, name) values (723, 'Георгиевка');
REPLACE INTO city(region_id, name) values (723, 'Глубокое');
REPLACE INTO city(region_id, name) values (723, 'Жангизтобе');
REPLACE INTO city(region_id, name) values (723, 'Жарма');
REPLACE INTO city(region_id, name) values (723, 'Жезкент');
REPLACE INTO city(region_id, name) values (723, 'Зайсан');
REPLACE INTO city(region_id, name) values (723, 'Зыряновск');
REPLACE INTO city(region_id, name) values (723, 'Катон-Карагай');
REPLACE INTO city(region_id, name) values (723, 'Кокпекты');
REPLACE INTO city(region_id, name) values (723, 'Курчум');
REPLACE INTO city(region_id, name) values (723, 'Маканчи');
REPLACE INTO city(region_id, name) values (723, 'Новая Шульба');
REPLACE INTO city(region_id, name) values (723, 'Риддер (Лениногорск)');
REPLACE INTO city(region_id, name) values (723, 'Самарское');
REPLACE INTO city(region_id, name) values (723, 'Семипалатинск');
REPLACE INTO city(region_id, name) values (723, 'Серебрянск');
REPLACE INTO city(region_id, name) values (723, 'Таскескен');
REPLACE INTO city(region_id, name) values (723, 'Урджар');
REPLACE INTO city(region_id, name) values (723, 'Усть-Каменогорск');
REPLACE INTO city(region_id, name) values (723, 'Чарск');
REPLACE INTO city(region_id, name) values (723, 'Шемонаиха');
REPLACE INTO city(region_id, name) values (723, 'Шульбинск');
REPLACE INTO city(region_id, name) values (741, 'Виктория');
REPLACE INTO city(region_id, name) values (744, 'Abee');
REPLACE INTO city(region_id, name) values (744, 'Acadia Valley');
REPLACE INTO city(region_id, name) values (744, 'Acme');
REPLACE INTO city(region_id, name) values (744, 'Aden');
REPLACE INTO city(region_id, name) values (744, 'Airdrie');
REPLACE INTO city(region_id, name) values (744, 'Alberta Beach');
REPLACE INTO city(region_id, name) values (744, 'Alix');
REPLACE INTO city(region_id, name) values (744, 'Alliance');
REPLACE INTO city(region_id, name) values (744, 'Andrew');
REPLACE INTO city(region_id, name) values (744, 'Athabasca');
REPLACE INTO city(region_id, name) values (744, 'Atikameg');
REPLACE INTO city(region_id, name) values (744, 'Atmore');
REPLACE INTO city(region_id, name) values (744, 'Balzac');
REPLACE INTO city(region_id, name) values (744, 'Barrhead');
REPLACE INTO city(region_id, name) values (744, 'Blueberry Mountain');
REPLACE INTO city(region_id, name) values (744, 'Brooks');
REPLACE INTO city(region_id, name) values (744, 'Buffalo');
REPLACE INTO city(region_id, name) values (744, 'Calgary');
REPLACE INTO city(region_id, name) values (744, 'Camrose');
REPLACE INTO city(region_id, name) values (744, 'Edmonton');
REPLACE INTO city(region_id, name) values (744, 'Eureka River');
REPLACE INTO city(region_id, name) values (744, 'Fort Mackay');
REPLACE INTO city(region_id, name) values (744, 'Fort McMurray');
REPLACE INTO city(region_id, name) values (744, 'Grande Prairie');
REPLACE INTO city(region_id, name) values (744, 'Hinton');
REPLACE INTO city(region_id, name) values (744, 'Jasper');
REPLACE INTO city(region_id, name) values (744, 'Leduc');
REPLACE INTO city(region_id, name) values (744, 'Lethbridge');
REPLACE INTO city(region_id, name) values (744, 'Medicine Hat');
REPLACE INTO city(region_id, name) values (744, 'Monarch');
REPLACE INTO city(region_id, name) values (744, 'Nevis');
REPLACE INTO city(region_id, name) values (744, 'Oyen');
REPLACE INTO city(region_id, name) values (744, 'Red Deer');
REPLACE INTO city(region_id, name) values (744, 'Robb');
REPLACE INTO city(region_id, name) values (744, 'Sherwood Park');
REPLACE INTO city(region_id, name) values (744, 'Torrington');
REPLACE INTO city(region_id, name) values (744, 'Vegreville');
REPLACE INTO region(id, country_id, name) values (757, 85, 'Доха');
REPLACE INTO city(region_id, name) values (425, 'Admas');
REPLACE INTO city(region_id, name) values (425, 'Fir');
REPLACE INTO city(region_id, name) values (425, 'Mkonos');
REPLACE INTO city(region_id, name) values (425, 'Mlos');
REPLACE INTO city(region_id, name) values (425, 'Mkonos');
REPLACE INTO city(region_id, name) values (425, 'Nxos');
REPLACE INTO city(region_id, name) values (425, 'Pros');
REPLACE INTO city(region_id, name) values (425, 'Thra');
REPLACE INTO city(region_id, name) values (505, 'Пондичерри');
REPLACE INTO city(region_id, name) values (528, 'Ахваз');
REPLACE INTO city(region_id, name) values (528, 'Хоррамшахр');
REPLACE INTO city(region_id, name) values (539, 'Abbeyleix');
REPLACE INTO city(region_id, name) values (539, 'Mountmellick');
REPLACE INTO city(region_id, name) values (539, 'Mountrath');
REPLACE INTO city(region_id, name) values (539, 'Portarlington');
REPLACE INTO city(region_id, name) values (539, 'Portlaoise');
REPLACE INTO city(region_id, name) values (539, 'Rathdowney');
REPLACE INTO city(region_id, name) values (539, 'Stradbally');
REPLACE INTO city(region_id, name) values (564, 'Reyarfjrur');
REPLACE INTO city(region_id, name) values (574, 'Abrera');
REPLACE INTO city(region_id, name) values (574, 'Aiguafreda (1)');
REPLACE INTO city(region_id, name) values (574, 'Alou');
REPLACE INTO city(region_id, name) values (574, 'Antius');
REPLACE INTO city(region_id, name) values (574, 'Arenys de Munt');
REPLACE INTO city(region_id, name) values (574, 'Avi');
REPLACE INTO city(region_id, name) values (574, 'Badalona');
REPLACE INTO city(region_id, name) values (574, 'Balsareny');
REPLACE INTO city(region_id, name) values (574, 'Barcelona');
REPLACE INTO city(region_id, name) values (574, 'Begues');
REPLACE INTO city(region_id, name) values (574, 'Berga');
REPLACE INTO city(region_id, name) values (574, 'Bergus');
REPLACE INTO city(region_id, name) values (574, 'Bonavista');
REPLACE INTO city(region_id, name) values (574, 'Cabrils');
REPLACE INTO city(region_id, name) values (574, 'Calaf');
REPLACE INTO city(region_id, name) values (574, 'Calella');
REPLACE INTO city(region_id, name) values (574, 'Camps');
REPLACE INTO city(region_id, name) values (574, 'Cardona');
REPLACE INTO city(region_id, name) values (574, 'Castellar de n''''hug');
REPLACE INTO city(region_id, name) values (574, 'Castelldefels');
REPLACE INTO city(region_id, name) values (574, 'Cerdanyola');
REPLACE INTO city(region_id, name) values (574, 'Clint el');
REPLACE INTO city(region_id, name) values (574, 'Granollers');
REPLACE INTO city(region_id, name) values (574, 'L'''' Hospitalet de Llobregat');
REPLACE INTO city(region_id, name) values (574, 'La Molina');
REPLACE INTO city(region_id, name) values (574, 'La Panadella');
REPLACE INTO city(region_id, name) values (574, 'Malgrat de Mar');
REPLACE INTO city(region_id, name) values (574, 'Manresa');
REPLACE INTO city(region_id, name) values (574, 'Matar');
REPLACE INTO city(region_id, name) values (574, 'Mollet');
REPLACE INTO city(region_id, name) values (574, 'Montcada i Reixac');
REPLACE INTO city(region_id, name) values (574, 'Poliny');
REPLACE INTO city(region_id, name) values (574, 'Sabadell');
REPLACE INTO city(region_id, name) values (574, 'Sant Boi de Llobregat');
REPLACE INTO city(region_id, name) values (574, 'Sant Juli de Vilatorta');
REPLACE INTO city(region_id, name) values (574, 'Sant Pol de Mar');
REPLACE INTO city(region_id, name) values (574, 'Santa Susanna');
REPLACE INTO city(region_id, name) values (574, 'Sitges');
REPLACE INTO city(region_id, name) values (574, 'Terrassa');
REPLACE INTO city(region_id, name) values (574, 'Vic');
REPLACE INTO city(region_id, name) values (574, 'Vilafranca del Peneds');
REPLACE INTO city(region_id, name) values (574, 'Vilanova i la Geltr');
REPLACE INTO city(region_id, name) values (574, 'Viver');
REPLACE INTO city(region_id, name) values (625, 'Acquappesa');
REPLACE INTO city(region_id, name) values (625, 'Acri');
REPLACE INTO city(region_id, name) values (625, 'Amantea');
REPLACE INTO city(region_id, name) values (625, 'Belvedere Marittimo');
REPLACE INTO city(region_id, name) values (625, 'Bocchigliero');
REPLACE INTO city(region_id, name) values (625, 'Cariati');
REPLACE INTO city(region_id, name) values (625, 'Corigliano Calabro');
REPLACE INTO city(region_id, name) values (625, 'Cosenza');
REPLACE INTO city(region_id, name) values (625, 'Crosia');
REPLACE INTO city(region_id, name) values (625, 'Fuscaldo');
REPLACE INTO city(region_id, name) values (625, 'Rende');
REPLACE INTO city(region_id, name) values (625, 'Rossano');
REPLACE INTO city(region_id, name) values (625, 'San Lucido');
REPLACE INTO city(region_id, name) values (625, 'San Vincenzo La Costa');
REPLACE INTO city(region_id, name) values (625, 'Santa Maria del Cedro');
REPLACE INTO city(region_id, name) values (625, 'Scalea');
REPLACE INTO city(region_id, name) values (625, 'Tortora');
REPLACE INTO city(region_id, name) values (724, 'Атырау(Гурьев)');
REPLACE INTO city(region_id, name) values (724, 'Байчунас');
REPLACE INTO city(region_id, name) values (724, 'Балыкши');
REPLACE INTO city(region_id, name) values (724, 'Ганюшкино');
REPLACE INTO city(region_id, name) values (724, 'Доссор');
REPLACE INTO city(region_id, name) values (724, 'Индерборский');
REPLACE INTO city(region_id, name) values (724, 'Каратон');
REPLACE INTO city(region_id, name) values (724, 'Кульсары');
REPLACE INTO city(region_id, name) values (724, 'Макат');
REPLACE INTO city(region_id, name) values (724, 'Миялы');
REPLACE INTO city(region_id, name) values (742, 'Гаруа');
REPLACE INTO city(region_id, name) values (745, '100 Mile House');
REPLACE INTO city(region_id, name) values (745, 'Abbotsford');
REPLACE INTO city(region_id, name) values (745, 'Altona');
REPLACE INTO city(region_id, name) values (745, 'Anahim Lake');
REPLACE INTO city(region_id, name) values (745, 'Argenta');
REPLACE INTO city(region_id, name) values (745, 'Armstrong');
REPLACE INTO city(region_id, name) values (745, 'Belcarra');
REPLACE INTO city(region_id, name) values (745, 'Bella Bella');
REPLACE INTO city(region_id, name) values (745, 'Boston Bar');
REPLACE INTO city(region_id, name) values (745, 'Burnaby');
REPLACE INTO city(region_id, name) values (745, 'Burns Lake');
REPLACE INTO city(region_id, name) values (745, 'Campbell River');
REPLACE INTO city(region_id, name) values (745, 'Coquitlam');
REPLACE INTO city(region_id, name) values (745, 'Cranbrook');
REPLACE INTO city(region_id, name) values (745, 'Duncan');
REPLACE INTO city(region_id, name) values (745, 'Egmont');
REPLACE INTO city(region_id, name) values (745, 'Falkland');
REPLACE INTO city(region_id, name) values (745, 'Fort St John');
REPLACE INTO city(region_id, name) values (745, 'Kamloops');
REPLACE INTO city(region_id, name) values (745, 'Kelowna');
REPLACE INTO city(region_id, name) values (745, 'Kitimat');
REPLACE INTO city(region_id, name) values (745, 'Madeira Park');
REPLACE INTO city(region_id, name) values (745, 'Nanaimo');
REPLACE INTO city(region_id, name) values (745, 'Penticton');
REPLACE INTO city(region_id, name) values (745, 'Prince George');
REPLACE INTO city(region_id, name) values (745, 'Radium Hot Springs');
REPLACE INTO city(region_id, name) values (745, 'Revelstoke');
REPLACE INTO city(region_id, name) values (745, 'Richmond');
REPLACE INTO city(region_id, name) values (745, 'Sidney');
REPLACE INTO city(region_id, name) values (745, 'Surrey');
REPLACE INTO city(region_id, name) values (745, 'Tofino');
REPLACE INTO city(region_id, name) values (745, 'Vancouver');
REPLACE INTO city(region_id, name) values (745, 'Victoria');
REPLACE INTO city(region_id, name) values (745, 'West Vancouver');
REPLACE INTO city(region_id, name) values (745, 'Whistler');
REPLACE INTO city(region_id, name) values (757, 'Доха');
REPLACE INTO region(id, country_id, name) values (758, 86, 'Central');
REPLACE INTO region(id, country_id, name) values (759, 86, 'Coast');
REPLACE INTO region(id, country_id, name) values (760, 86, 'Nairobi Area');
REPLACE INTO region(id, country_id, name) values (761, 86, 'North-Eastern');
REPLACE INTO region(id, country_id, name) values (762, 86, 'Western');
REPLACE INTO city(region_id, name) values (426, 'Atl');
REPLACE INTO city(region_id, name) values (426, 'Axiopoli');
REPLACE INTO city(region_id, name) values (426, 'Galliks');
REPLACE INTO city(region_id, name) values (426, 'Kalndhria');
REPLACE INTO city(region_id, name) values (426, 'Kilks');
REPLACE INTO city(region_id, name) values (426, 'Libhovon');
REPLACE INTO city(region_id, name) values (426, 'Polkastro');
REPLACE INTO city(region_id, name) values (426, 'Skhovon');
REPLACE INTO city(region_id, name) values (506, 'Аймер');
REPLACE INTO city(region_id, name) values (506, 'Альвар');
REPLACE INTO city(region_id, name) values (506, 'Кота');
REPLACE INTO city(region_id, name) values (506, 'Удаипур');
REPLACE INTO city(region_id, name) values (540, 'Carrick on Shannon');
REPLACE INTO city(region_id, name) values (565, 'Vatneyri');
REPLACE INTO city(region_id, name) values (575, 'Ages');
REPLACE INTO city(region_id, name) values (575, 'Alba');
REPLACE INTO city(region_id, name) values (575, 'Alcocero de mola');
REPLACE INTO city(region_id, name) values (575, 'Aranda de Duero');
REPLACE INTO city(region_id, name) values (575, 'Burgos');
REPLACE INTO city(region_id, name) values (575, 'Caizar de amaya');
REPLACE INTO city(region_id, name) values (575, 'Covarrubias');
REPLACE INTO city(region_id, name) values (575, 'Miranda de Ebro');
REPLACE INTO city(region_id, name) values (626, 'Crotone');
REPLACE INTO city(region_id, name) values (626, 'Crucoli');
REPLACE INTO city(region_id, name) values (626, 'Isola di Capo Rizzuto');
REPLACE INTO city(region_id, name) values (626, 'Melissa');
REPLACE INTO city(region_id, name) values (725, 'Агадырь');
REPLACE INTO city(region_id, name) values (725, 'Акжал');
REPLACE INTO city(region_id, name) values (725, 'Атасу');
REPLACE INTO city(region_id, name) values (725, 'Балхаш');
REPLACE INTO city(region_id, name) values (725, 'Гульшад');
REPLACE INTO city(region_id, name) values (725, 'Дарьинский');
REPLACE INTO city(region_id, name) values (725, 'Джамбул');
REPLACE INTO city(region_id, name) values (725, 'Джезды');
REPLACE INTO city(region_id, name) values (725, 'Джезказган');
REPLACE INTO city(region_id, name) values (725, 'Жарык');
REPLACE INTO city(region_id, name) values (725, 'Каражал');
REPLACE INTO city(region_id, name) values (725, 'Приозерск');
REPLACE INTO city(region_id, name) values (725, 'Сатпаев (Никольский)');
REPLACE INTO city(region_id, name) values (725, 'Тараз');
REPLACE INTO city(region_id, name) values (725, 'Улытау');
REPLACE INTO city(region_id, name) values (743, 'Яунде');
REPLACE INTO city(region_id, name) values (746, 'Alexander');
REPLACE INTO city(region_id, name) values (746, 'Alonsa');
REPLACE INTO city(region_id, name) values (746, 'Altona');
REPLACE INTO city(region_id, name) values (746, 'Austin');
REPLACE INTO city(region_id, name) values (746, 'Beaconia');
REPLACE INTO city(region_id, name) values (746, 'Belmont');
REPLACE INTO city(region_id, name) values (746, 'Brandon');
REPLACE INTO city(region_id, name) values (746, 'Kenton');
REPLACE INTO city(region_id, name) values (746, 'Manson');
REPLACE INTO city(region_id, name) values (746, 'Minitonas');
REPLACE INTO city(region_id, name) values (746, 'Morris');
REPLACE INTO city(region_id, name) values (746, 'Neepawa');
REPLACE INTO city(region_id, name) values (746, 'Roblin');
REPLACE INTO city(region_id, name) values (746, 'Steinbach');
REPLACE INTO city(region_id, name) values (746, 'Wanipigow');
REPLACE INTO city(region_id, name) values (746, 'Winkler');
REPLACE INTO city(region_id, name) values (746, 'Winnipeg');
REPLACE INTO city(region_id, name) values (758, 'Fort Hall');
REPLACE INTO city(region_id, name) values (758, 'Gatei');
REPLACE INTO city(region_id, name) values (758, 'Gatunguru');
REPLACE INTO region(id, country_id, name) values (763, 87, 'Government controlled area');
REPLACE INTO region(id, country_id, name) values (764, 87, 'Turkish controlled area');
REPLACE INTO city(region_id, name) values (427, 'Corinth');
REPLACE INTO city(region_id, name) values (427, 'Kito');
REPLACE INTO city(region_id, name) values (427, 'Kiton');
REPLACE INTO city(region_id, name) values (427, 'Krinthos');
REPLACE INTO city(region_id, name) values (507, 'Мадурай');
REPLACE INTO city(region_id, name) values (541, 'Croom');
REPLACE INTO city(region_id, name) values (541, 'Limerick');
REPLACE INTO city(region_id, name) values (541, 'Newcastle');
REPLACE INTO city(region_id, name) values (541, 'Patrickswell');
REPLACE INTO city(region_id, name) values (576, 'Cceres');
REPLACE INTO city(region_id, name) values (576, 'Coria');
REPLACE INTO city(region_id, name) values (627, 'Bianco');
REPLACE INTO city(region_id, name) values (627, 'Calanna');
REPLACE INTO city(region_id, name) values (627, 'Caulonia');
REPLACE INTO city(region_id, name) values (627, 'Gioia Tauro');
REPLACE INTO city(region_id, name) values (627, 'Gioiosa Ionica');
REPLACE INTO city(region_id, name) values (627, 'Monasterace');
REPLACE INTO city(region_id, name) values (627, 'Reggio di Calabria');
REPLACE INTO city(region_id, name) values (627, 'Rizziconi');
REPLACE INTO city(region_id, name) values (627, 'Roccella Ionica');
REPLACE INTO city(region_id, name) values (627, 'Rosarno');
REPLACE INTO city(region_id, name) values (627, 'Siderno');
REPLACE INTO city(region_id, name) values (726, 'Акколь');
REPLACE INTO city(region_id, name) values (726, 'Байкадам');
REPLACE INTO city(region_id, name) values (726, 'Бурное');
REPLACE INTO city(region_id, name) values (726, 'Георгиевка');
REPLACE INTO city(region_id, name) values (726, 'Гранитогорск');
REPLACE INTO city(region_id, name) values (726, 'Жанатас');
REPLACE INTO city(region_id, name) values (726, 'Каратау');
REPLACE INTO city(region_id, name) values (726, 'Коктал');
REPLACE INTO city(region_id, name) values (726, 'Луговое');
REPLACE INTO city(region_id, name) values (726, 'Мерке');
REPLACE INTO city(region_id, name) values (726, 'Михайловка');
REPLACE INTO city(region_id, name) values (726, 'Новотроицкое');
REPLACE INTO city(region_id, name) values (726, 'Отар');
REPLACE INTO city(region_id, name) values (726, 'Тараз (Джамбул)');
REPLACE INTO city(region_id, name) values (726, 'Фурмановка');
REPLACE INTO city(region_id, name) values (726, 'Чиганак');
REPLACE INTO city(region_id, name) values (726, 'Чу');
REPLACE INTO city(region_id, name) values (747, 'Acadieville');
REPLACE INTO city(region_id, name) values (747, 'Allainville');
REPLACE INTO city(region_id, name) values (747, 'Bas-Caraquet');
REPLACE INTO city(region_id, name) values (747, 'Forest City');
REPLACE INTO city(region_id, name) values (747, 'Moncton');
REPLACE INTO city(region_id, name) values (747, 'Saint John');
REPLACE INTO city(region_id, name) values (759, 'Balguda');
REPLACE INTO city(region_id, name) values (759, 'Mombasa');
REPLACE INTO city(region_id, name) values (759, 'Mombassa');
REPLACE INTO city(region_id, name) values (763, 'Ларнака');
REPLACE INTO city(region_id, name) values (763, 'Лимассол');
REPLACE INTO city(region_id, name) values (763, 'Пафос');
REPLACE INTO region(id, country_id, name) values (765, 88, 'None');
REPLACE INTO city(region_id, name) values (428, 'Kozni');
REPLACE INTO city(region_id, name) values (428, 'Ptolemaida');
REPLACE INTO city(region_id, name) values (508, 'Агартала');
REPLACE INTO city(region_id, name) values (542, 'Granard');
REPLACE INTO city(region_id, name) values (542, 'Longford');
REPLACE INTO city(region_id, name) values (577, 'Algeciras');
REPLACE INTO city(region_id, name) values (577, 'Cdiz');
REPLACE INTO city(region_id, name) values (577, 'Chiclana de la Frontera');
REPLACE INTO city(region_id, name) values (577, 'El Puerto de Santa Mara');
REPLACE INTO city(region_id, name) values (577, 'Jerez de la Frontera');
REPLACE INTO city(region_id, name) values (577, 'La Lnea de la Concepcin');
REPLACE INTO city(region_id, name) values (577, 'Los Barrios');
REPLACE INTO city(region_id, name) values (577, 'Palmones');
REPLACE INTO city(region_id, name) values (577, 'Puerto Real');
REPLACE INTO city(region_id, name) values (577, 'Rota');
REPLACE INTO city(region_id, name) values (577, 'San Fernando');
REPLACE INTO city(region_id, name) values (577, 'San Roque');
REPLACE INTO city(region_id, name) values (577, 'Sanlcar de Barrameda');
REPLACE INTO city(region_id, name) values (577, 'Sotogrande');
REPLACE INTO city(region_id, name) values (577, 'Tarifa');
REPLACE INTO city(region_id, name) values (628, 'Das');
REPLACE INTO city(region_id, name) values (628, 'Fabrizia');
REPLACE INTO city(region_id, name) values (628, 'Pizzo');
REPLACE INTO city(region_id, name) values (628, 'Soriano Calabro');
REPLACE INTO city(region_id, name) values (628, 'Vibo Valentia');
REPLACE INTO city(region_id, name) values (727, 'Аксай');
REPLACE INTO city(region_id, name) values (727, 'Уральск');
REPLACE INTO city(region_id, name) values (748, 'Benton');
REPLACE INTO city(region_id, name) values (748, 'Churchill Falls');
REPLACE INTO city(region_id, name) values (748, 'Elliston');
REPLACE INTO city(region_id, name) values (748, 'St. John''''s');
REPLACE INTO city(region_id, name) values (760, 'Harambee');
REPLACE INTO city(region_id, name) values (760, 'Kilimani Estate');
REPLACE INTO city(region_id, name) values (760, 'Nairobi');
REPLACE INTO city(region_id, name) values (760, 'Shauri Moyo');
REPLACE INTO city(region_id, name) values (764, 'Гирне');
REPLACE INTO city(region_id, name) values (764, 'Никосия');
REPLACE INTO city(region_id, name) values (764, 'Фамагуста');
REPLACE INTO city(region_id, name) values (765, 'Aiaki');
REPLACE INTO city(region_id, name) values (765, 'Bairiki');
REPLACE INTO city(region_id, name) values (765, 'Baretoa');
REPLACE INTO city(region_id, name) values (765, 'King');
REPLACE INTO city(region_id, name) values (765, 'London');
REPLACE INTO city(region_id, name) values (765, 'Ooma');
REPLACE INTO city(region_id, name) values (765, 'Tenanoraoi');
REPLACE INTO city(region_id, name) values (765, 'Terikai');
REPLACE INTO city(region_id, name) values (765, 'Tetabuki');
REPLACE INTO region(id, country_id, name) values (766, 89, 'Anhui');
REPLACE INTO region(id, country_id, name) values (767, 89, 'Beijing');
REPLACE INTO region(id, country_id, name) values (768, 89, 'Chongqing');
REPLACE INTO region(id, country_id, name) values (769, 89, 'Fujian');
REPLACE INTO region(id, country_id, name) values (770, 89, 'Gansu');
REPLACE INTO region(id, country_id, name) values (771, 89, 'Guangdong');
REPLACE INTO region(id, country_id, name) values (772, 89, 'Guangxi');
REPLACE INTO region(id, country_id, name) values (773, 89, 'Guizhou');
REPLACE INTO region(id, country_id, name) values (774, 89, 'Hainan');
REPLACE INTO region(id, country_id, name) values (775, 89, 'Hebei');
REPLACE INTO region(id, country_id, name) values (776, 89, 'Heilongjiang');
REPLACE INTO region(id, country_id, name) values (777, 89, 'Henan');
REPLACE INTO region(id, country_id, name) values (778, 89, 'Hubei');
REPLACE INTO region(id, country_id, name) values (779, 89, 'Hunan');
REPLACE INTO region(id, country_id, name) values (780, 89, 'Jiangsu');
REPLACE INTO region(id, country_id, name) values (781, 89, 'Jiangxi');
REPLACE INTO region(id, country_id, name) values (782, 89, 'Jilin');
REPLACE INTO region(id, country_id, name) values (783, 89, 'Liaoning');
REPLACE INTO region(id, country_id, name) values (784, 89, 'Nei Mongol');
REPLACE INTO region(id, country_id, name) values (785, 89, 'Ningxia');
REPLACE INTO region(id, country_id, name) values (786, 89, 'Qinghai');
REPLACE INTO region(id, country_id, name) values (787, 89, 'Shaanxi');
REPLACE INTO region(id, country_id, name) values (788, 89, 'Shandong');
REPLACE INTO region(id, country_id, name) values (789, 89, 'Shanghai');
REPLACE INTO region(id, country_id, name) values (790, 89, 'Shanxi');
REPLACE INTO region(id, country_id, name) values (791, 89, 'Sichuan');
REPLACE INTO region(id, country_id, name) values (792, 89, 'Tianjin');
REPLACE INTO region(id, country_id, name) values (793, 89, 'Xinjiang');
REPLACE INTO region(id, country_id, name) values (794, 89, 'Yunnan');
REPLACE INTO region(id, country_id, name) values (795, 89, 'Zhejiang');
REPLACE INTO city(region_id, name) values (429, 'Arepolis');
REPLACE INTO city(region_id, name) values (429, 'Lacedaemon');
REPLACE INTO city(region_id, name) values (429, 'Nepolis');
REPLACE INTO city(region_id, name) values (429, 'Skla');
REPLACE INTO city(region_id, name) values (429, 'Sparta');
REPLACE INTO city(region_id, name) values (429, 'Sparte');
REPLACE INTO city(region_id, name) values (429, 'Sprti');
REPLACE INTO city(region_id, name) values (509, 'Агра');
REPLACE INTO city(region_id, name) values (509, 'Аллахабад');
REPLACE INTO city(region_id, name) values (509, 'Варанаси');
REPLACE INTO city(region_id, name) values (509, 'Гхазиабад');
REPLACE INTO city(region_id, name) values (509, 'Канпур');
REPLACE INTO city(region_id, name) values (543, 'Ardee');
REPLACE INTO city(region_id, name) values (543, 'Drogheda');
REPLACE INTO city(region_id, name) values (543, 'Dundalk');
REPLACE INTO city(region_id, name) values (543, 'Dunleer');
REPLACE INTO city(region_id, name) values (578, 'Agsero');
REPLACE INTO city(region_id, name) values (578, 'Ajanedo');
REPLACE INTO city(region_id, name) values (578, 'Alcomba');
REPLACE INTO city(region_id, name) values (578, 'Comillas');
REPLACE INTO city(region_id, name) values (578, 'Ganzo');
REPLACE INTO city(region_id, name) values (578, 'Lamedo');
REPLACE INTO city(region_id, name) values (578, 'Laredo');
REPLACE INTO city(region_id, name) values (578, 'Muriedas');
REPLACE INTO city(region_id, name) values (578, 'Potes');
REPLACE INTO city(region_id, name) values (578, 'Puente san miguel');
REPLACE INTO city(region_id, name) values (578, 'Reinosa');
REPLACE INTO city(region_id, name) values (578, 'San miguel');
REPLACE INTO city(region_id, name) values (578, 'Santa Cruz de Bezana');
REPLACE INTO city(region_id, name) values (578, 'Santander');
REPLACE INTO city(region_id, name) values (578, 'Santoa');
REPLACE INTO city(region_id, name) values (578, 'Solares');
REPLACE INTO city(region_id, name) values (578, 'Torrelavega');
REPLACE INTO city(region_id, name) values (629, 'Altavilla Irpina');
REPLACE INTO city(region_id, name) values (629, 'Avella');
REPLACE INTO city(region_id, name) values (629, 'Avellino');
REPLACE INTO city(region_id, name) values (629, 'Calabritto');
REPLACE INTO city(region_id, name) values (629, 'Fontanarosa');
REPLACE INTO city(region_id, name) values (629, 'Forino');
REPLACE INTO city(region_id, name) values (629, 'Frigento');
REPLACE INTO city(region_id, name) values (629, 'Gesualdo');
REPLACE INTO city(region_id, name) values (629, 'Lauro');
REPLACE INTO city(region_id, name) values (629, 'Mercogliano');
REPLACE INTO city(region_id, name) values (629, 'Mirabella Eclano');
REPLACE INTO city(region_id, name) values (629, 'San Michele di Serino');
REPLACE INTO city(region_id, name) values (728, 'Ак-Коль');
REPLACE INTO city(region_id, name) values (728, 'Акший');
REPLACE INTO city(region_id, name) values (728, 'Аршалы');
REPLACE INTO city(region_id, name) values (728, 'Атбасар');
REPLACE INTO city(region_id, name) values (728, 'Байконур');
REPLACE INTO city(region_id, name) values (728, 'Балкашино');
REPLACE INTO city(region_id, name) values (728, 'Жезказган');
REPLACE INTO city(region_id, name) values (728, 'Костанай');
REPLACE INTO city(region_id, name) values (728, 'Курчатов');
REPLACE INTO city(region_id, name) values (728, 'Кызылорда');
REPLACE INTO city(region_id, name) values (728, 'Махамбет');
REPLACE INTO city(region_id, name) values (749, 'Norman Wells');
REPLACE INTO city(region_id, name) values (749, 'Rae Edzo');
REPLACE INTO city(region_id, name) values (749, 'Yellowknife');
REPLACE INTO city(region_id, name) values (761, 'Arda Dadaja');
REPLACE INTO city(region_id, name) values (766, 'Aikou');
REPLACE INTO city(region_id, name) values (766, 'Changfeng');
REPLACE INTO city(region_id, name) values (766, 'Hefei');
REPLACE INTO city(region_id, name) values (766, 'Quanjiao');
REPLACE INTO city(region_id, name) values (766, 'Wuhu');
REPLACE INTO region(id, country_id, name) values (796, 90, 'Amazonas');
REPLACE INTO region(id, country_id, name) values (797, 90, 'Antioquia');
REPLACE INTO region(id, country_id, name) values (798, 90, 'Atlntico');
REPLACE INTO region(id, country_id, name) values (799, 90, 'Casanare');
REPLACE INTO region(id, country_id, name) values (800, 90, 'Cauca');
REPLACE INTO region(id, country_id, name) values (801, 90, 'Csar');
REPLACE INTO region(id, country_id, name) values (802, 90, 'Choc');
REPLACE INTO region(id, country_id, name) values (803, 90, 'Crdoba');
REPLACE INTO region(id, country_id, name) values (804, 90, 'Cundinamarca');
REPLACE INTO region(id, country_id, name) values (805, 90, 'Distrito Especial');
REPLACE INTO region(id, country_id, name) values (806, 90, 'Huila');
REPLACE INTO region(id, country_id, name) values (807, 90, 'La Guajira');
REPLACE INTO region(id, country_id, name) values (808, 90, 'Meta');
REPLACE INTO region(id, country_id, name) values (809, 90, 'Narino');
REPLACE INTO region(id, country_id, name) values (810, 90, 'Norte de Santander');
REPLACE INTO region(id, country_id, name) values (811, 90, 'Quindo');
REPLACE INTO region(id, country_id, name) values (812, 90, 'Risaralda');
REPLACE INTO region(id, country_id, name) values (813, 90, 'Santander');
REPLACE INTO region(id, country_id, name) values (814, 90, 'Tolima');
REPLACE INTO city(region_id, name) values (430, 'Anatol');
REPLACE INTO city(region_id, name) values (430, 'Asarlk');
REPLACE INTO city(region_id, name) values (430, 'Elassna');
REPLACE INTO city(region_id, name) values (430, 'Frsala');
REPLACE INTO city(region_id, name) values (430, 'Ita');
REPLACE INTO city(region_id, name) values (430, 'Kypselochri');
REPLACE INTO city(region_id, name) values (430, 'Lrisa');
REPLACE INTO city(region_id, name) values (430, 'Lrissa');
REPLACE INTO city(region_id, name) values (430, 'Livdi');
REPLACE INTO city(region_id, name) values (510, 'Амбала');
REPLACE INTO city(region_id, name) values (510, 'Gurgaon');
REPLACE INTO city(region_id, name) values (544, 'Ballina');
REPLACE INTO city(region_id, name) values (544, 'Ballinrobe');
REPLACE INTO city(region_id, name) values (544, 'Castlebar');
REPLACE INTO city(region_id, name) values (544, 'Claremorris');
REPLACE INTO city(region_id, name) values (544, 'Crossmolina');
REPLACE INTO city(region_id, name) values (544, 'Westport');
REPLACE INTO city(region_id, name) values (579, 'Ahin');
REPLACE INTO city(region_id, name) values (579, 'Albocacer');
REPLACE INTO city(region_id, name) values (579, 'Benicarl');
REPLACE INTO city(region_id, name) values (579, 'Castelln de la Plana');
REPLACE INTO city(region_id, name) values (579, 'La Vall d''''Uix');
REPLACE INTO city(region_id, name) values (579, 'Moncofar');
REPLACE INTO city(region_id, name) values (579, 'Nules');
REPLACE INTO city(region_id, name) values (579, 'Oropesa');
REPLACE INTO city(region_id, name) values (579, 'Pescola');
REPLACE INTO city(region_id, name) values (579, 'Segorbe');
REPLACE INTO city(region_id, name) values (579, 'Villarreal');
REPLACE INTO city(region_id, name) values (579, 'Vinars');
REPLACE INTO city(region_id, name) values (630, 'Amorosi');
REPLACE INTO city(region_id, name) values (630, 'Apice');
REPLACE INTO city(region_id, name) values (630, 'Benevento');
REPLACE INTO city(region_id, name) values (630, 'Calvi');
REPLACE INTO city(region_id, name) values (630, 'Faicchio');
REPLACE INTO city(region_id, name) values (630, 'San Giorgio La Molara');
REPLACE INTO city(region_id, name) values (729, 'Абай');
REPLACE INTO city(region_id, name) values (729, 'Актас');
REPLACE INTO city(region_id, name) values (729, 'Актау');
REPLACE INTO city(region_id, name) values (729, 'Егиндыбулак');
REPLACE INTO city(region_id, name) values (729, 'Карагайлы');
REPLACE INTO city(region_id, name) values (729, 'Караганда');
REPLACE INTO city(region_id, name) values (729, 'Каркаралинск');
REPLACE INTO city(region_id, name) values (729, 'Киевка');
REPLACE INTO city(region_id, name) values (729, 'Осакаровка');
REPLACE INTO city(region_id, name) values (729, 'Сарань');
REPLACE INTO city(region_id, name) values (729, 'Темиртау');
REPLACE INTO city(region_id, name) values (729, 'Токаревка');
REPLACE INTO city(region_id, name) values (729, 'Топар');
REPLACE INTO city(region_id, name) values (729, 'Ульяновский');
REPLACE INTO city(region_id, name) values (729, 'Шахтинск');
REPLACE INTO city(region_id, name) values (750, 'Arcadia');
REPLACE INTO city(region_id, name) values (750, 'Arichat');
REPLACE INTO city(region_id, name) values (750, 'Askilton');
REPLACE INTO city(region_id, name) values (750, 'Baddeck');
REPLACE INTO city(region_id, name) values (750, 'Barton');
REPLACE INTO city(region_id, name) values (750, 'Dartmouth');
REPLACE INTO city(region_id, name) values (750, 'Halifax');
REPLACE INTO city(region_id, name) values (750, 'Mira Road');
REPLACE INTO city(region_id, name) values (750, 'Sydney');
REPLACE INTO city(region_id, name) values (750, 'Trenton');
REPLACE INTO city(region_id, name) values (762, 'Busia');
REPLACE INTO city(region_id, name) values (767, 'Anding');
REPLACE INTO city(region_id, name) values (767, 'Anting');
REPLACE INTO city(region_id, name) values (767, 'Badalingzhen');
REPLACE INTO city(region_id, name) values (767, 'Badaohe');
REPLACE INTO city(region_id, name) values (767, 'Banbidian');
REPLACE INTO city(region_id, name) values (767, 'Banqiao');
REPLACE INTO city(region_id, name) values (767, 'Beijian');
REPLACE INTO city(region_id, name) values (767, 'Beijing');
REPLACE INTO city(region_id, name) values (767, 'Beijing Shi');
REPLACE INTO city(region_id, name) values (767, 'Beiling');
REPLACE INTO city(region_id, name) values (767, 'Bujiaying');
REPLACE INTO city(region_id, name) values (767, 'Fengtai');
REPLACE INTO city(region_id, name) values (767, 'Haidian');
REPLACE INTO city(region_id, name) values (767, 'Pekin');
REPLACE INTO city(region_id, name) values (767, 'Peking');
REPLACE INTO city(region_id, name) values (767, 'Shangyuan');
REPLACE INTO city(region_id, name) values (767, 'Tongzhou');
REPLACE INTO city(region_id, name) values (796, 'Abisinia');
REPLACE INTO city(region_id, name) values (796, 'Amacocha');
REPLACE INTO region(id, country_id, name) values (815, 91, 'Коморские');
REPLACE INTO city(region_id, name) values (431, 'gios Niklaos');
REPLACE INTO city(region_id, name) values (431, 'Lntas');
REPLACE INTO city(region_id, name) values (511, 'Чандигарх');
REPLACE INTO city(region_id, name) values (545, 'Ashbourne');
REPLACE INTO city(region_id, name) values (545, 'Athboy');
REPLACE INTO city(region_id, name) values (545, 'Dunboyne');
REPLACE INTO city(region_id, name) values (545, 'Julianstown');
REPLACE INTO city(region_id, name) values (545, 'Kells');
REPLACE INTO city(region_id, name) values (545, 'Navan');
REPLACE INTO city(region_id, name) values (545, 'Trim');
REPLACE INTO city(region_id, name) values (580, 'Ceuta');
REPLACE INTO city(region_id, name) values (631, 'Aversa');
REPLACE INTO city(region_id, name) values (631, 'Calvi Risorta');
REPLACE INTO city(region_id, name) values (631, 'Capua');
REPLACE INTO city(region_id, name) values (631, 'Casal di Principe');
REPLACE INTO city(region_id, name) values (631, 'Casapesenna');
REPLACE INTO city(region_id, name) values (631, 'Caserta');
REPLACE INTO city(region_id, name) values (631, 'Castel Volturno');
REPLACE INTO city(region_id, name) values (631, 'Cellole');
REPLACE INTO city(region_id, name) values (631, 'Maddaloni');
REPLACE INTO city(region_id, name) values (631, 'Mondragone');
REPLACE INTO city(region_id, name) values (631, 'San Gregorio Matese');
REPLACE INTO city(region_id, name) values (631, 'San Marcellino');
REPLACE INTO city(region_id, name) values (631, 'Sant''''Arpino');
REPLACE INTO city(region_id, name) values (631, 'Santa Maria Capua Vetere');
REPLACE INTO city(region_id, name) values (730, 'Аральск');
REPLACE INTO city(region_id, name) values (730, 'Байконур');
REPLACE INTO city(region_id, name) values (730, 'Джалагаш');
REPLACE INTO city(region_id, name) values (730, 'Джусалы');
REPLACE INTO city(region_id, name) values (730, 'Казалинск');
REPLACE INTO city(region_id, name) values (730, 'Кзылорда');
REPLACE INTO city(region_id, name) values (730, 'Новоказалинск');
REPLACE INTO city(region_id, name) values (730, 'Тасбугет');
REPLACE INTO city(region_id, name) values (730, 'Чиили');
REPLACE INTO city(region_id, name) values (730, 'Яныкурган');
REPLACE INTO city(region_id, name) values (751, 'Hall Beach');
REPLACE INTO city(region_id, name) values (768, 'Aba');
REPLACE INTO city(region_id, name) values (768, 'Anfuzhen');
REPLACE INTO city(region_id, name) values (768, 'Baoshi');
REPLACE INTO city(region_id, name) values (768, 'Chongning');
REPLACE INTO city(region_id, name) values (768, 'Guoluo');
REPLACE INTO city(region_id, name) values (768, 'Hanwangchang');
REPLACE INTO city(region_id, name) values (768, 'Jiangbei');
REPLACE INTO city(region_id, name) values (768, 'Luyang');
REPLACE INTO city(region_id, name) values (797, 'Abejorral');
REPLACE INTO city(region_id, name) values (797, 'Aguamuerta');
REPLACE INTO city(region_id, name) values (797, 'Caucasia');
REPLACE INTO city(region_id, name) values (797, 'La Mesenia');
REPLACE INTO city(region_id, name) values (797, 'Medelln');
REPLACE INTO city(region_id, name) values (797, 'Sabaneta');
REPLACE INTO city(region_id, name) values (797, 'San Vicente');
REPLACE INTO city(region_id, name) values (815, 'Морони');
REPLACE INTO region(id, country_id, name) values (816, 92, 'Конго (Brazzaville)');
REPLACE INTO city(region_id, name) values (432, 'Kallon');
REPLACE INTO city(region_id, name) values (432, 'Loutr');
REPLACE INTO city(region_id, name) values (432, 'Mrina');
REPLACE INTO city(region_id, name) values (432, 'Mthymna');
REPLACE INTO city(region_id, name) values (432, 'Mitilni');
REPLACE INTO city(region_id, name) values (432, 'Mitylene');
REPLACE INTO city(region_id, name) values (546, 'Ballybay');
REPLACE INTO city(region_id, name) values (546, 'Carrickmacross');
REPLACE INTO city(region_id, name) values (546, 'Castleblayney');
REPLACE INTO city(region_id, name) values (546, 'Clones');
REPLACE INTO city(region_id, name) values (546, 'Monaghan');
REPLACE INTO city(region_id, name) values (581, 'Alczar de San Juan');
REPLACE INTO city(region_id, name) values (581, 'Calzada de Calatrava');
REPLACE INTO city(region_id, name) values (581, 'Ciudad Real');
REPLACE INTO city(region_id, name) values (581, 'Puertollano');
REPLACE INTO city(region_id, name) values (581, 'Socullamos');
REPLACE INTO city(region_id, name) values (581, 'Tomelloso');
REPLACE INTO city(region_id, name) values (581, 'Valdepeas');
REPLACE INTO city(region_id, name) values (632, 'Acerra');
REPLACE INTO city(region_id, name) values (632, 'Afragola');
REPLACE INTO city(region_id, name) values (632, 'Bacoli');
REPLACE INTO city(region_id, name) values (632, 'Boscoreale');
REPLACE INTO city(region_id, name) values (632, 'Brusciano');
REPLACE INTO city(region_id, name) values (632, 'Caivano');
REPLACE INTO city(region_id, name) values (632, 'Camposano');
REPLACE INTO city(region_id, name) values (632, 'Capri');
REPLACE INTO city(region_id, name) values (632, 'Casalnuovo di Napoli');
REPLACE INTO city(region_id, name) values (632, 'Casola di Napoli');
REPLACE INTO city(region_id, name) values (632, 'Castellammare di Stabia');
REPLACE INTO city(region_id, name) values (632, 'Forio');
REPLACE INTO city(region_id, name) values (632, 'Ischia');
REPLACE INTO city(region_id, name) values (632, 'Marano di Napoli');
REPLACE INTO city(region_id, name) values (632, 'Marigliano');
REPLACE INTO city(region_id, name) values (632, 'Meta');
REPLACE INTO city(region_id, name) values (632, 'Monte di Procida');
REPLACE INTO city(region_id, name) values (632, 'Mugnano di Napoli');
REPLACE INTO city(region_id, name) values (632, 'Napoli');
REPLACE INTO city(region_id, name) values (632, 'Nola');
REPLACE INTO city(region_id, name) values (632, 'Ottaviano');
REPLACE INTO city(region_id, name) values (632, 'Palma Campania');
REPLACE INTO city(region_id, name) values (632, 'Poggiomarino');
REPLACE INTO city(region_id, name) values (632, 'Pompei');
REPLACE INTO city(region_id, name) values (632, 'Pozzuoli');
REPLACE INTO city(region_id, name) values (632, 'San Gennaro Vesuviano');
REPLACE INTO city(region_id, name) values (632, 'San Giuseppe Vesuviano');
REPLACE INTO city(region_id, name) values (632, 'Sant''''Antonio Abate');
REPLACE INTO city(region_id, name) values (632, 'Santa Maria la Carit');
REPLACE INTO city(region_id, name) values (632, 'Saviano');
REPLACE INTO city(region_id, name) values (632, 'Somma Vesuviana');
REPLACE INTO city(region_id, name) values (632, 'Sorrento');
REPLACE INTO city(region_id, name) values (632, 'Torre del Greco');
REPLACE INTO city(region_id, name) values (632, 'Vico Equense');
REPLACE INTO city(region_id, name) values (731, 'Айдабул');
REPLACE INTO city(region_id, name) values (731, 'Алексеевка');
REPLACE INTO city(region_id, name) values (731, 'Боровое');
REPLACE INTO city(region_id, name) values (731, 'Володарское');
REPLACE INTO city(region_id, name) values (731, 'Зеренда');
REPLACE INTO city(region_id, name) values (731, 'Келлеровка');
REPLACE INTO city(region_id, name) values (731, 'Кзылту');
REPLACE INTO city(region_id, name) values (731, 'Кокчетав');
REPLACE INTO city(region_id, name) values (731, 'Красноармейск');
REPLACE INTO city(region_id, name) values (731, 'Красный Яр');
REPLACE INTO city(region_id, name) values (731, 'Куйбышевский');
REPLACE INTO city(region_id, name) values (731, 'Ленинградское');
REPLACE INTO city(region_id, name) values (731, 'Рузаевка');
REPLACE INTO city(region_id, name) values (731, 'Степняк');
REPLACE INTO city(region_id, name) values (731, 'Талшик');
REPLACE INTO city(region_id, name) values (731, 'Чистополье');
REPLACE INTO city(region_id, name) values (731, 'Чкалово');
REPLACE INTO city(region_id, name) values (731, 'Щучинск');
REPLACE INTO city(region_id, name) values (752, 'Acton');
REPLACE INTO city(region_id, name) values (752, 'Addison');
REPLACE INTO city(region_id, name) values (752, 'Ajax');
REPLACE INTO city(region_id, name) values (752, 'Alban');
REPLACE INTO city(region_id, name) values (752, 'Alexandria');
REPLACE INTO city(region_id, name) values (752, 'Alfred');
REPLACE INTO city(region_id, name) values (752, 'Algoma Mills');
REPLACE INTO city(region_id, name) values (752, 'Allenford');
REPLACE INTO city(region_id, name) values (752, 'Alliston');
REPLACE INTO city(region_id, name) values (752, 'Alma');
REPLACE INTO city(region_id, name) values (752, 'Almonte');
REPLACE INTO city(region_id, name) values (752, 'Alton');
REPLACE INTO city(region_id, name) values (752, 'Alvinston');
REPLACE INTO city(region_id, name) values (752, 'Ancaster');
REPLACE INTO city(region_id, name) values (752, 'Angus');
REPLACE INTO city(region_id, name) values (752, 'Annan');
REPLACE INTO city(region_id, name) values (752, 'Arnprior');
REPLACE INTO city(region_id, name) values (752, 'Astra');
REPLACE INTO city(region_id, name) values (752, 'Aurora');
REPLACE INTO city(region_id, name) values (752, 'Baden');
REPLACE INTO city(region_id, name) values (752, 'Baltimore');
REPLACE INTO city(region_id, name) values (752, 'Barrie');
REPLACE INTO city(region_id, name) values (752, 'Barwick');
REPLACE INTO city(region_id, name) values (752, 'Bearskin Lake');
REPLACE INTO city(region_id, name) values (752, 'Belle Vallee');
REPLACE INTO city(region_id, name) values (752, 'Brampton');
REPLACE INTO city(region_id, name) values (752, 'Brockville');
REPLACE INTO city(region_id, name) values (752, 'Burlington');
REPLACE INTO city(region_id, name) values (752, 'Cambridge');
REPLACE INTO city(region_id, name) values (752, 'Cannington');
REPLACE INTO city(region_id, name) values (752, 'Concord');
REPLACE INTO city(region_id, name) values (752, 'Courtland');
REPLACE INTO city(region_id, name) values (752, 'Dundas');
REPLACE INTO city(region_id, name) values (752, 'East York');
REPLACE INTO city(region_id, name) values (752, 'Etobicoke');
REPLACE INTO city(region_id, name) values (752, 'Fergus');
REPLACE INTO city(region_id, name) values (752, 'Finch');
REPLACE INTO city(region_id, name) values (752, 'Guelph');
REPLACE INTO city(region_id, name) values (752, 'Hamilton');
REPLACE INTO city(region_id, name) values (752, 'Kanata');
REPLACE INTO city(region_id, name) values (752, 'Kingston');
REPLACE INTO city(region_id, name) values (752, 'Kitchener');
REPLACE INTO city(region_id, name) values (752, 'Lindsay');
REPLACE INTO city(region_id, name) values (752, 'London');
REPLACE INTO city(region_id, name) values (752, 'Mactier');
REPLACE INTO city(region_id, name) values (752, 'Maple');
REPLACE INTO city(region_id, name) values (752, 'Melbourne');
REPLACE INTO city(region_id, name) values (752, 'Migisi Sahgaigan');
REPLACE INTO city(region_id, name) values (752, 'Milton');
REPLACE INTO city(region_id, name) values (752, 'Mississauga');
REPLACE INTO city(region_id, name) values (752, 'Monkton');
REPLACE INTO city(region_id, name) values (752, 'Montreal River Harbour');
REPLACE INTO city(region_id, name) values (752, 'Nepean');
REPLACE INTO city(region_id, name) values (752, 'Newmarket');
REPLACE INTO city(region_id, name) values (752, 'Niagara Falls');
REPLACE INTO city(region_id, name) values (752, 'North Bay');
REPLACE INTO city(region_id, name) values (752, 'North York');
REPLACE INTO city(region_id, name) values (752, 'Oakland');
REPLACE INTO city(region_id, name) values (752, 'Oakville');
REPLACE INTO city(region_id, name) values (752, 'Odessa');
REPLACE INTO city(region_id, name) values (752, 'Oshawa');
REPLACE INTO city(region_id, name) values (752, 'Ottawa');
REPLACE INTO city(region_id, name) values (752, 'Owen Sound');
REPLACE INTO city(region_id, name) values (752, 'Pembroke');
REPLACE INTO city(region_id, name) values (752, 'Richmond Hill');
REPLACE INTO city(region_id, name) values (752, 'Scarborough');
REPLACE INTO city(region_id, name) values (752, 'St Catharines');
REPLACE INTO city(region_id, name) values (752, 'Stoney Creek');
REPLACE INTO city(region_id, name) values (752, 'Stouffville');
REPLACE INTO city(region_id, name) values (752, 'Sudbury');
REPLACE INTO city(region_id, name) values (752, 'Thornhill');
REPLACE INTO city(region_id, name) values (752, 'Thornton');
REPLACE INTO city(region_id, name) values (752, 'Toronto');
REPLACE INTO city(region_id, name) values (752, 'Vaughan');
REPLACE INTO city(region_id, name) values (752, 'Warsaw');
REPLACE INTO city(region_id, name) values (752, 'Waterloo');
REPLACE INTO city(region_id, name) values (752, 'Wawa');
REPLACE INTO city(region_id, name) values (752, 'Welland');
REPLACE INTO city(region_id, name) values (752, 'Wellington');
REPLACE INTO city(region_id, name) values (752, 'Windsor');
REPLACE INTO city(region_id, name) values (752, 'Woodbridge');
REPLACE INTO city(region_id, name) values (752, 'Woodstock');
REPLACE INTO city(region_id, name) values (752, 'York');
REPLACE INTO city(region_id, name) values (769, 'Dalian');
REPLACE INTO city(region_id, name) values (769, 'Fuzhou');
REPLACE INTO city(region_id, name) values (769, 'Shishi');
REPLACE INTO city(region_id, name) values (769, 'Xiamen');
REPLACE INTO city(region_id, name) values (798, 'Alczar');
REPLACE INTO city(region_id, name) values (798, 'Barranquilla');
REPLACE INTO city(region_id, name) values (798, 'Colombia');
REPLACE INTO city(region_id, name) values (816, 'Браззавиль');
REPLACE INTO city(region_id, name) values (816, 'Кабинда');
REPLACE INTO city(region_id, name) values (816, 'Пуэнт-Нуар');
REPLACE INTO region(id, country_id, name) values (817, 93, 'Конго');
REPLACE INTO city(region_id, name) values (433, 'Lefkda');
REPLACE INTO city(region_id, name) values (433, 'Levks');
REPLACE INTO city(region_id, name) values (547, 'Birr');
REPLACE INTO city(region_id, name) values (547, 'Edenderry');
REPLACE INTO city(region_id, name) values (547, 'Tullamore');
REPLACE INTO city(region_id, name) values (582, 'Almedinilla');
REPLACE INTO city(region_id, name) values (582, 'Aora');
REPLACE INTO city(region_id, name) values (582, 'Azuel');
REPLACE INTO city(region_id, name) values (582, 'Castellar el');
REPLACE INTO city(region_id, name) values (582, 'Crdoba');
REPLACE INTO city(region_id, name) values (582, 'Llanos de don juan');
REPLACE INTO city(region_id, name) values (582, 'Lucena');
REPLACE INTO city(region_id, name) values (582, 'Moriles');
REPLACE INTO city(region_id, name) values (582, 'Palma del Ro');
REPLACE INTO city(region_id, name) values (582, 'Pozoblanco');
REPLACE INTO city(region_id, name) values (582, 'Puente Genil');
REPLACE INTO city(region_id, name) values (582, 'Villa del Ro');
REPLACE INTO city(region_id, name) values (582, 'Villarrubia');
REPLACE INTO city(region_id, name) values (633, 'Agropoli');
REPLACE INTO city(region_id, name) values (633, 'Amalfi');
REPLACE INTO city(region_id, name) values (633, 'Angri');
REPLACE INTO city(region_id, name) values (633, 'Atrani');
REPLACE INTO city(region_id, name) values (633, 'Battipaglia');
REPLACE INTO city(region_id, name) values (633, 'Bellizzi');
REPLACE INTO city(region_id, name) values (633, 'Casal Velino');
REPLACE INTO city(region_id, name) values (633, 'Castel San Giorgio');
REPLACE INTO city(region_id, name) values (633, 'Cava de'''' Tirreni');
REPLACE INTO city(region_id, name) values (633, 'Eboli');
REPLACE INTO city(region_id, name) values (633, 'Felitto');
REPLACE INTO city(region_id, name) values (633, 'Mercato San Severino');
REPLACE INTO city(region_id, name) values (633, 'Nocera Inferiore');
REPLACE INTO city(region_id, name) values (633, 'Palomonte');
REPLACE INTO city(region_id, name) values (633, 'Positano');
REPLACE INTO city(region_id, name) values (633, 'Salento');
REPLACE INTO city(region_id, name) values (633, 'Salerno');
REPLACE INTO city(region_id, name) values (633, 'San Valentino Torio');
REPLACE INTO city(region_id, name) values (633, 'Sant''''Egidio del Monte Albino');
REPLACE INTO city(region_id, name) values (633, 'Sapri');
REPLACE INTO city(region_id, name) values (633, 'Sarno');
REPLACE INTO city(region_id, name) values (633, 'Scafati');
REPLACE INTO city(region_id, name) values (633, 'Stella Cilento');
REPLACE INTO city(region_id, name) values (633, 'Teggiano');
REPLACE INTO city(region_id, name) values (732, 'Боровской');
REPLACE INTO city(region_id, name) values (732, 'Джетыгара');
REPLACE INTO city(region_id, name) values (732, 'Затобольск');
REPLACE INTO city(region_id, name) values (732, 'Камышное');
REPLACE INTO city(region_id, name) values (732, 'Карасу');
REPLACE INTO city(region_id, name) values (732, 'Комсомолец');
REPLACE INTO city(region_id, name) values (732, 'Кустанай');
REPLACE INTO city(region_id, name) values (732, 'Кушмурун');
REPLACE INTO city(region_id, name) values (732, 'Ленинское');
REPLACE INTO city(region_id, name) values (732, 'Лисаковск');
REPLACE INTO city(region_id, name) values (732, 'Орджоникидзе');
REPLACE INTO city(region_id, name) values (732, 'Рудный');
REPLACE INTO city(region_id, name) values (732, 'Семиозерное');
REPLACE INTO city(region_id, name) values (732, 'Тобол');
REPLACE INTO city(region_id, name) values (732, 'Урицкий');
REPLACE INTO city(region_id, name) values (732, 'Успеновка');
REPLACE INTO city(region_id, name) values (753, 'Albany');
REPLACE INTO city(region_id, name) values (753, 'Charlottetown');
REPLACE INTO city(region_id, name) values (753, 'Elmira');
REPLACE INTO city(region_id, name) values (753, 'Georgetown');
REPLACE INTO city(region_id, name) values (753, 'Montague');
REPLACE INTO city(region_id, name) values (753, 'Morell');
REPLACE INTO city(region_id, name) values (753, 'Vernon Bridge');
REPLACE INTO city(region_id, name) values (770, 'Aganzhen');
REPLACE INTO city(region_id, name) values (770, 'Ankou');
REPLACE INTO city(region_id, name) values (770, 'Daan');
REPLACE INTO city(region_id, name) values (770, 'Lanzhou');
REPLACE INTO city(region_id, name) values (770, 'Lanzhou Shi');
REPLACE INTO city(region_id, name) values (770, 'Linxia');
REPLACE INTO city(region_id, name) values (799, 'Cachiza');
REPLACE INTO city(region_id, name) values (817, 'Киншаса');
REPLACE INTO region(id, country_id, name) values (818, 94, 'Alajuela');
REPLACE INTO region(id, country_id, name) values (819, 94, 'Cartago');
REPLACE INTO region(id, country_id, name) values (820, 94, 'Guanacaste');
REPLACE INTO region(id, country_id, name) values (821, 94, 'Heredia');
REPLACE INTO region(id, country_id, name) values (822, 94, 'Limn');
REPLACE INTO region(id, country_id, name) values (823, 94, 'Puntarenas');
REPLACE INTO region(id, country_id, name) values (824, 94, 'San Jos');
REPLACE INTO city(region_id, name) values (434, 'Volo');
REPLACE INTO city(region_id, name) values (434, 'Vlos');
REPLACE INTO city(region_id, name) values (548, 'Boyle');
REPLACE INTO city(region_id, name) values (548, 'Roscommon');
REPLACE INTO city(region_id, name) values (583, 'Alarcon');
REPLACE INTO city(region_id, name) values (583, 'Cuenca');
REPLACE INTO city(region_id, name) values (583, 'Minglanilla');
REPLACE INTO city(region_id, name) values (583, 'Tarancn');
REPLACE INTO city(region_id, name) values (634, 'Bologna');
REPLACE INTO city(region_id, name) values (634, 'Borgo Tossignano');
REPLACE INTO city(region_id, name) values (634, 'Casalecchio di Reno');
REPLACE INTO city(region_id, name) values (634, 'Castel Maggiore');
REPLACE INTO city(region_id, name) values (634, 'Castel San Pietro Terme');
REPLACE INTO city(region_id, name) values (634, 'Castello d''''Argile');
REPLACE INTO city(region_id, name) values (634, 'Castello di Serravalle');
REPLACE INTO city(region_id, name) values (634, 'Imola');
REPLACE INTO city(region_id, name) values (634, 'San Giovanni in Persiceto');
REPLACE INTO city(region_id, name) values (634, 'Vergato');
REPLACE INTO city(region_id, name) values (634, 'Zola Predosa');
REPLACE INTO city(region_id, name) values (733, 'Актау (Шевченко)');
REPLACE INTO city(region_id, name) values (733, 'Баутино');
REPLACE INTO city(region_id, name) values (733, 'Бейнеу');
REPLACE INTO city(region_id, name) values (733, 'Новый Узень');
REPLACE INTO city(region_id, name) values (733, 'Форт-Шевченко');
REPLACE INTO city(region_id, name) values (754, 'Abercorn');
REPLACE INTO city(region_id, name) values (754, 'Alma');
REPLACE INTO city(region_id, name) values (754, 'Ange-Gardien');
REPLACE INTO city(region_id, name) values (754, 'Ascot Corner');
REPLACE INTO city(region_id, name) values (754, 'Chelsea');
REPLACE INTO city(region_id, name) values (754, 'Clermont');
REPLACE INTO city(region_id, name) values (754, 'Dollard-des-Ormeaux');
REPLACE INTO city(region_id, name) values (754, 'Gatineau');
REPLACE INTO city(region_id, name) values (754, 'Laval');
REPLACE INTO city(region_id, name) values (754, 'Longueuil');
REPLACE INTO city(region_id, name) values (754, 'Matane');
REPLACE INTO city(region_id, name) values (754, 'Mont-Royal');
REPLACE INTO city(region_id, name) values (754, 'Mont-Tremblant');
REPLACE INTO city(region_id, name) values (754, 'Montreal');
REPLACE INTO city(region_id, name) values (754, 'Montreal-Est');
REPLACE INTO city(region_id, name) values (754, 'Montreal-Nord');
REPLACE INTO city(region_id, name) values (754, 'Montreal-Ouest');
REPLACE INTO city(region_id, name) values (754, 'North Hatley');
REPLACE INTO city(region_id, name) values (754, 'Ottawa');
REPLACE INTO city(region_id, name) values (754, 'Pierrefonds');
REPLACE INTO city(region_id, name) values (754, 'Quebec');
REPLACE INTO city(region_id, name) values (754, 'Richmond');
REPLACE INTO city(region_id, name) values (754, 'Saint-Adrien');
REPLACE INTO city(region_id, name) values (754, 'Saint-Laurent');
REPLACE INTO city(region_id, name) values (754, 'Sept-Iles');
REPLACE INTO city(region_id, name) values (754, 'Sherbrooke');
REPLACE INTO city(region_id, name) values (754, 'Sillery');
REPLACE INTO city(region_id, name) values (754, 'Victoriaville');
REPLACE INTO city(region_id, name) values (754, 'Westmount');
REPLACE INTO city(region_id, name) values (754, 'Yamaska');
REPLACE INTO city(region_id, name) values (771, 'Chaozhou');
REPLACE INTO city(region_id, name) values (771, 'Dongguan');
REPLACE INTO city(region_id, name) values (771, 'Foshan');
REPLACE INTO city(region_id, name) values (771, 'Guangzhou');
REPLACE INTO city(region_id, name) values (771, 'Guangzhou Shi');
REPLACE INTO city(region_id, name) values (771, 'Guanzhuang');
REPLACE INTO city(region_id, name) values (771, 'Jiangmen');
REPLACE INTO city(region_id, name) values (771, 'Juncun');
REPLACE INTO city(region_id, name) values (771, 'Qingyun');
REPLACE INTO city(region_id, name) values (771, 'Shahezhen');
REPLACE INTO city(region_id, name) values (771, 'Shantou');
REPLACE INTO city(region_id, name) values (771, 'Shekou');
REPLACE INTO city(region_id, name) values (771, 'Shenchen');
REPLACE INTO city(region_id, name) values (771, 'Shenching');
REPLACE INTO city(region_id, name) values (771, 'Shenzhen');
REPLACE INTO city(region_id, name) values (771, 'Zhongshan');
REPLACE INTO city(region_id, name) values (771, 'Zhuhai');
REPLACE INTO city(region_id, name) values (800, 'Popayn');
REPLACE INTO city(region_id, name) values (800, 'Santander de Quilichao');
REPLACE INTO city(region_id, name) values (818, 'Alajuela');
REPLACE INTO city(region_id, name) values (818, 'Ciudad Quesada');
REPLACE INTO city(region_id, name) values (818, 'Fortuna');
REPLACE INTO city(region_id, name) values (818, 'Grecia');
REPLACE INTO region(id, country_id, name) values (825, 95, 'Кот-д''''Ивуар');
REPLACE INTO city(region_id, name) values (435, 'Gargalinoi');
REPLACE INTO city(region_id, name) values (435, 'Kalamta');
REPLACE INTO city(region_id, name) values (435, 'Kalamatas');
REPLACE INTO city(region_id, name) values (435, 'Kalmata');
REPLACE INTO city(region_id, name) values (435, 'Messeni');
REPLACE INTO city(region_id, name) values (549, 'Ballymote');
REPLACE INTO city(region_id, name) values (549, 'Sligo');
REPLACE INTO city(region_id, name) values (584, 'Banyoles');
REPLACE INTO city(region_id, name) values (584, 'Bellcaire d''''emporda');
REPLACE INTO city(region_id, name) values (584, 'Besal');
REPLACE INTO city(region_id, name) values (584, 'Blanes');
REPLACE INTO city(region_id, name) values (584, 'Calella');
REPLACE INTO city(region_id, name) values (584, 'Calonge');
REPLACE INTO city(region_id, name) values (584, 'Castell d''''Empries');
REPLACE INTO city(region_id, name) values (584, 'Empuria brava');
REPLACE INTO city(region_id, name) values (584, 'Figueres');
REPLACE INTO city(region_id, name) values (584, 'Girona');
REPLACE INTO city(region_id, name) values (584, 'L''''Escala');
REPLACE INTO city(region_id, name) values (584, 'La Jonquera');
REPLACE INTO city(region_id, name) values (584, 'Lloret de Mar');
REPLACE INTO city(region_id, name) values (584, 'Olot');
REPLACE INTO city(region_id, name) values (584, 'Palafrugell');
REPLACE INTO city(region_id, name) values (584, 'Palams');
REPLACE INTO city(region_id, name) values (584, 'Pals');
REPLACE INTO city(region_id, name) values (584, 'Platja d''''haro');
REPLACE INTO city(region_id, name) values (584, 'Puigcerd');
REPLACE INTO city(region_id, name) values (584, 'Roses');
REPLACE INTO city(region_id, name) values (584, 'Salt');
REPLACE INTO city(region_id, name) values (584, 'Sant antoni de calonge');
REPLACE INTO city(region_id, name) values (584, 'Sant Feliu de Guxols');
REPLACE INTO city(region_id, name) values (584, 'Sant Juli de Ramis');
REPLACE INTO city(region_id, name) values (584, 'Santa Coloma de Farners');
REPLACE INTO city(region_id, name) values (584, 'Tossa de Mar');
REPLACE INTO city(region_id, name) values (584, 'Vidrieres');
REPLACE INTO city(region_id, name) values (635, 'Bondeno');
REPLACE INTO city(region_id, name) values (635, 'Cento');
REPLACE INTO city(region_id, name) values (635, 'Codigoro');
REPLACE INTO city(region_id, name) values (635, 'Ferrara');
REPLACE INTO city(region_id, name) values (635, 'Ro');
REPLACE INTO city(region_id, name) values (635, 'Voghiera');
REPLACE INTO city(region_id, name) values (734, 'Аксу (Ермак)');
REPLACE INTO city(region_id, name) values (734, 'Баянаул');
REPLACE INTO city(region_id, name) values (734, 'Железинка');
REPLACE INTO city(region_id, name) values (734, 'Иртышск');
REPLACE INTO city(region_id, name) values (734, 'Калкаман');
REPLACE INTO city(region_id, name) values (734, 'Краснокутск');
REPLACE INTO city(region_id, name) values (734, 'Лебяжье');
REPLACE INTO city(region_id, name) values (734, 'Майкаин');
REPLACE INTO city(region_id, name) values (734, 'Павлодар');
REPLACE INTO city(region_id, name) values (734, 'Успенка');
REPLACE INTO city(region_id, name) values (734, 'Щербакты');
REPLACE INTO city(region_id, name) values (734, 'Экибастуз');
REPLACE INTO city(region_id, name) values (755, 'Alameda');
REPLACE INTO city(region_id, name) values (755, 'Estevan');
REPLACE INTO city(region_id, name) values (755, 'Moose Jaw');
REPLACE INTO city(region_id, name) values (755, 'North Battleford');
REPLACE INTO city(region_id, name) values (755, 'Regina');
REPLACE INTO city(region_id, name) values (755, 'Saskatoon');
REPLACE INTO city(region_id, name) values (755, 'Tisdale');
REPLACE INTO city(region_id, name) values (755, 'Warman');
REPLACE INTO city(region_id, name) values (755, 'Weyburn');
REPLACE INTO city(region_id, name) values (755, 'Windthorst');
REPLACE INTO city(region_id, name) values (755, 'Yorkton');
REPLACE INTO city(region_id, name) values (772, 'Guilin');
REPLACE INTO city(region_id, name) values (772, 'Nanning');
REPLACE INTO city(region_id, name) values (801, 'Arauca');
REPLACE INTO city(region_id, name) values (801, 'Valledupar');
REPLACE INTO city(region_id, name) values (819, 'Aragn');
REPLACE INTO city(region_id, name) values (819, 'Arenilla');
REPLACE INTO city(region_id, name) values (819, 'Cach');
REPLACE INTO city(region_id, name) values (819, 'Cartago');
REPLACE INTO city(region_id, name) values (825, 'Абиджан');
REPLACE INTO city(region_id, name) values (825, 'Ямусукро');
REPLACE INTO region(id, country_id, name) values (826, 96, 'Camaguey');
REPLACE INTO region(id, country_id, name) values (827, 96, 'Ciego de Avila');
REPLACE INTO region(id, country_id, name) values (828, 96, 'Ciudad de la Habana');
REPLACE INTO region(id, country_id, name) values (829, 96, 'Granma');
REPLACE INTO region(id, country_id, name) values (830, 96, 'Guantanamo');
REPLACE INTO region(id, country_id, name) values (831, 96, 'Holguin');
REPLACE INTO region(id, country_id, name) values (832, 96, 'Isla de la Juventud');
REPLACE INTO region(id, country_id, name) values (833, 96, 'La Habana');
REPLACE INTO region(id, country_id, name) values (834, 96, 'Las Tunas');
REPLACE INTO region(id, country_id, name) values (835, 96, 'Matanzas');
REPLACE INTO region(id, country_id, name) values (836, 96, 'None');
REPLACE INTO region(id, country_id, name) values (837, 96, 'Pinar del Rio');
REPLACE INTO region(id, country_id, name) values (838, 96, 'Sancti Spiritus');
REPLACE INTO region(id, country_id, name) values (839, 96, 'Santiago de Cuba');
REPLACE INTO region(id, country_id, name) values (840, 96, 'Villa Clara');
REPLACE INTO city(region_id, name) values (436, 'Ads');
REPLACE INTO city(region_id, name) values (436, 'Anaphi');
REPLACE INTO city(region_id, name) values (436, 'Xina');
REPLACE INTO city(region_id, name) values (436, 'Zaimi');
REPLACE INTO city(region_id, name) values (550, 'Cahir');
REPLACE INTO city(region_id, name) values (550, 'Cashel');
REPLACE INTO city(region_id, name) values (550, 'Clonmel');
REPLACE INTO city(region_id, name) values (550, 'Fethard');
REPLACE INTO city(region_id, name) values (550, 'Nenagh');
REPLACE INTO city(region_id, name) values (550, 'Roscrea');
REPLACE INTO city(region_id, name) values (550, 'Thurles');
REPLACE INTO city(region_id, name) values (550, 'Tipperary');
REPLACE INTO city(region_id, name) values (585, 'Acula');
REPLACE INTO city(region_id, name) values (585, 'Albolote');
REPLACE INTO city(region_id, name) values (585, 'Aldeilla');
REPLACE INTO city(region_id, name) values (585, 'Almucar');
REPLACE INTO city(region_id, name) values (585, 'Armilla');
REPLACE INTO city(region_id, name) values (585, 'Baza');
REPLACE INTO city(region_id, name) values (585, 'Fuente Vaqueros');
REPLACE INTO city(region_id, name) values (585, 'Gorafe');
REPLACE INTO city(region_id, name) values (585, 'Granada');
REPLACE INTO city(region_id, name) values (585, 'Maracena');
REPLACE INTO city(region_id, name) values (585, 'Motril');
REPLACE INTO city(region_id, name) values (585, 'Otura');
REPLACE INTO city(region_id, name) values (585, 'Santa Fe');
REPLACE INTO city(region_id, name) values (636, 'Bagno di Romagna');
REPLACE INTO city(region_id, name) values (636, 'Borghi');
REPLACE INTO city(region_id, name) values (636, 'Cesena');
REPLACE INTO city(region_id, name) values (636, 'Cesenatico');
REPLACE INTO city(region_id, name) values (636, 'Forl');
REPLACE INTO city(region_id, name) values (636, 'Forlimpopoli');
REPLACE INTO city(region_id, name) values (636, 'Predappio');
REPLACE INTO city(region_id, name) values (636, 'Sarsina');
REPLACE INTO city(region_id, name) values (636, 'Savignano sul Rubicone');
REPLACE INTO city(region_id, name) values (735, 'Благовещенка');
REPLACE INTO city(region_id, name) values (735, 'Булаево');
REPLACE INTO city(region_id, name) values (735, 'Корнеевка');
REPLACE INTO city(region_id, name) values (735, 'Мамлютка');
REPLACE INTO city(region_id, name) values (735, 'Петропавловск');
REPLACE INTO city(region_id, name) values (735, 'Пресновка');
REPLACE INTO city(region_id, name) values (735, 'Сергеевка');
REPLACE INTO city(region_id, name) values (735, 'Соколовка');
REPLACE INTO city(region_id, name) values (735, 'Явленка');
REPLACE INTO city(region_id, name) values (756, 'Carcross');
REPLACE INTO city(region_id, name) values (756, 'Dawson');
REPLACE INTO city(region_id, name) values (756, 'Faro');
REPLACE INTO city(region_id, name) values (756, 'Whitehorse');
REPLACE INTO city(region_id, name) values (773, 'Chushui');
REPLACE INTO city(region_id, name) values (773, 'Guandong');
REPLACE INTO city(region_id, name) values (773, 'Guanzhou');
REPLACE INTO city(region_id, name) values (773, 'Yecha');
REPLACE INTO city(region_id, name) values (802, 'Acos');
REPLACE INTO city(region_id, name) values (802, 'Las Hamacas');
REPLACE INTO city(region_id, name) values (802, 'Quibd');
REPLACE INTO city(region_id, name) values (820, 'Caas');
REPLACE INTO city(region_id, name) values (820, 'Nicoya');
REPLACE INTO city(region_id, name) values (826, 'Aguacatico');
REPLACE INTO city(region_id, name) values (826, 'Camagey');
REPLACE INTO city(region_id, name) values (826, 'Colonia');
REPLACE INTO region(id, country_id, name) values (841, 97, 'al-Jahra');
REPLACE INTO region(id, country_id, name) values (842, 97, 'al-Kuwayt');
REPLACE INTO city(region_id, name) values (437, 'Aridea');
REPLACE INTO city(region_id, name) values (437, 'dessa');
REPLACE INTO city(region_id, name) values (437, 'dhessa');
REPLACE INTO city(region_id, name) values (437, 'Giannits');
REPLACE INTO city(region_id, name) values (437, 'Skdra');
REPLACE INTO city(region_id, name) values (551, 'Dungarvan');
REPLACE INTO city(region_id, name) values (551, 'Lismore');
REPLACE INTO city(region_id, name) values (551, 'Waterford');
REPLACE INTO city(region_id, name) values (586, 'Guadalajara');
REPLACE INTO city(region_id, name) values (586, 'Villares de jadraque');
REPLACE INTO city(region_id, name) values (637, 'Carpi');
REPLACE INTO city(region_id, name) values (637, 'Castelvetro di Modena');
REPLACE INTO city(region_id, name) values (637, 'Fiorano Modenese');
REPLACE INTO city(region_id, name) values (637, 'Maranello');
REPLACE INTO city(region_id, name) values (637, 'Mirandola');
REPLACE INTO city(region_id, name) values (637, 'Modena');
REPLACE INTO city(region_id, name) values (637, 'Montefiorino');
REPLACE INTO city(region_id, name) values (637, 'Pavullo nel Frignano');
REPLACE INTO city(region_id, name) values (637, 'Polinago');
REPLACE INTO city(region_id, name) values (637, 'Ravarino');
REPLACE INTO city(region_id, name) values (637, 'Sassuolo');
REPLACE INTO city(region_id, name) values (637, 'Soliera');
REPLACE INTO city(region_id, name) values (637, 'Vignola');
REPLACE INTO city(region_id, name) values (736, 'Актогай');
REPLACE INTO city(region_id, name) values (736, 'Андреевка');
REPLACE INTO city(region_id, name) values (736, 'Джансугуров');
REPLACE INTO city(region_id, name) values (736, 'Капал');
REPLACE INTO city(region_id, name) values (736, 'Карабулак');
REPLACE INTO city(region_id, name) values (736, 'Кировский');
REPLACE INTO city(region_id, name) values (736, 'Панфилов');
REPLACE INTO city(region_id, name) values (736, 'Сарканд');
REPLACE INTO city(region_id, name) values (736, 'Сарыозек');
REPLACE INTO city(region_id, name) values (736, 'Талды-Курган');
REPLACE INTO city(region_id, name) values (736, 'Текели');
REPLACE INTO city(region_id, name) values (736, 'Учарал');
REPLACE INTO city(region_id, name) values (736, 'Уштобе');
REPLACE INTO city(region_id, name) values (774, 'Baishacun');
REPLACE INTO city(region_id, name) values (774, 'Haikou');
REPLACE INTO city(region_id, name) values (774, 'Hainan');
REPLACE INTO city(region_id, name) values (774, 'Juntian');
REPLACE INTO city(region_id, name) values (774, 'Sanjia');
REPLACE INTO city(region_id, name) values (774, 'Sanya');
REPLACE INTO city(region_id, name) values (803, 'Aguas Claras');
REPLACE INTO city(region_id, name) values (803, 'Montera');
REPLACE INTO city(region_id, name) values (821, 'Heredia');
REPLACE INTO city(region_id, name) values (821, 'San Antonio de Belen');
REPLACE INTO city(region_id, name) values (821, 'San Juan Abajo');
REPLACE INTO city(region_id, name) values (821, 'San Pablo');
REPLACE INTO city(region_id, name) values (827, 'Adela');
REPLACE INTO city(region_id, name) values (827, 'Alonzo');
REPLACE INTO city(region_id, name) values (827, 'Baragu');
REPLACE INTO city(region_id, name) values (827, 'Habana');
REPLACE INTO city(region_id, name) values (827, 'Morn');
REPLACE INTO city(region_id, name) values (841, 'Аль-Яхра');
REPLACE INTO region(id, country_id, name) values (843, 98, 'Аваруа');
REPLACE INTO city(region_id, name) values (438, 'Alnia');
REPLACE INTO city(region_id, name) values (438, 'Kalitea');
REPLACE INTO city(region_id, name) values (438, 'Katerina');
REPLACE INTO city(region_id, name) values (438, 'Katerni');
REPLACE INTO city(region_id, name) values (438, 'Leptokary');
REPLACE INTO city(region_id, name) values (438, 'Parala');
REPLACE INTO city(region_id, name) values (438, 'Ptra');
REPLACE INTO city(region_id, name) values (552, 'Athlone');
REPLACE INTO city(region_id, name) values (552, 'Moate');
REPLACE INTO city(region_id, name) values (552, 'Mullingar');
REPLACE INTO city(region_id, name) values (587, 'Andoain');
REPLACE INTO city(region_id, name) values (587, 'Arrasate/Mondragn');
REPLACE INTO city(region_id, name) values (587, 'Beasain');
REPLACE INTO city(region_id, name) values (587, 'Hernani');
REPLACE INTO city(region_id, name) values (587, 'Irun');
REPLACE INTO city(region_id, name) values (587, 'Irura');
REPLACE INTO city(region_id, name) values (587, 'Ormaiztegi');
REPLACE INTO city(region_id, name) values (587, 'Renteria');
REPLACE INTO city(region_id, name) values (587, 'San Sebastin');
REPLACE INTO city(region_id, name) values (587, 'Tolosa');
REPLACE INTO city(region_id, name) values (587, 'Txikierdi');
REPLACE INTO city(region_id, name) values (638, 'Albareto');
REPLACE INTO city(region_id, name) values (638, 'Collecchio');
REPLACE INTO city(region_id, name) values (638, 'Colorno');
REPLACE INTO city(region_id, name) values (638, 'Fidenza');
REPLACE INTO city(region_id, name) values (638, 'Fontevivo');
REPLACE INTO city(region_id, name) values (638, 'Fornovo di Taro');
REPLACE INTO city(region_id, name) values (638, 'Parma');
REPLACE INTO city(region_id, name) values (638, 'Salsomaggiore Terme');
REPLACE INTO city(region_id, name) values (737, 'Амангельды');
REPLACE INTO city(region_id, name) values (737, 'Аркалык');
REPLACE INTO city(region_id, name) values (737, 'Державинск');
REPLACE INTO city(region_id, name) values (737, 'Есиль');
REPLACE INTO city(region_id, name) values (737, 'Жаксы');
REPLACE INTO city(region_id, name) values (737, 'Октябрьское');
REPLACE INTO city(region_id, name) values (737, 'Тургай');
REPLACE INTO city(region_id, name) values (775, 'Baoding');
REPLACE INTO city(region_id, name) values (775, 'Changtai');
REPLACE INTO city(region_id, name) values (775, 'Hengshui');
REPLACE INTO city(region_id, name) values (775, 'Qinhuangdao');
REPLACE INTO city(region_id, name) values (775, 'Shihjiazhuang');
REPLACE INTO city(region_id, name) values (775, 'Shijiazhuang');
REPLACE INTO city(region_id, name) values (775, 'Shijiazhuang Shi');
REPLACE INTO city(region_id, name) values (804, 'Bogot');
REPLACE INTO city(region_id, name) values (804, 'Cha');
REPLACE INTO city(region_id, name) values (804, 'Funza');
REPLACE INTO city(region_id, name) values (804, 'Fusagasuga');
REPLACE INTO city(region_id, name) values (804, 'Girardot');
REPLACE INTO city(region_id, name) values (804, 'Soacha');
REPLACE INTO city(region_id, name) values (822, 'frica');
REPLACE INTO city(region_id, name) values (822, 'Agbeta');
REPLACE INTO city(region_id, name) values (822, 'Altos Herediana');
REPLACE INTO city(region_id, name) values (822, 'Asuncin');
REPLACE INTO city(region_id, name) values (822, 'Atlanta');
REPLACE INTO city(region_id, name) values (822, 'Puerto Viejo');
REPLACE INTO city(region_id, name) values (828, 'Habana');
REPLACE INTO city(region_id, name) values (828, 'Havana');
REPLACE INTO city(region_id, name) values (828, 'La Habana');
REPLACE INTO city(region_id, name) values (828, 'Nuevo Vedado');
REPLACE INTO city(region_id, name) values (828, 'Playa');
REPLACE INTO city(region_id, name) values (842, 'Эль-Кувейт');
REPLACE INTO city(region_id, name) values (843, 'Аваруа');
REPLACE INTO region(id, country_id, name) values (844, 99, 'Иссык-Кульская обл.');
REPLACE INTO region(id, country_id, name) values (845, 99, 'Кыргызстан');
REPLACE INTO region(id, country_id, name) values (846, 99, 'Нарынская обл.');
REPLACE INTO region(id, country_id, name) values (847, 99, 'Ошская обл.');
REPLACE INTO region(id, country_id, name) values (848, 99, 'Таласская обл.');
REPLACE INTO city(region_id, name) values (439, 'Prveza');
REPLACE INTO city(region_id, name) values (553, 'Bunclody');
REPLACE INTO city(region_id, name) values (553, 'Enniscorthy');
REPLACE INTO city(region_id, name) values (553, 'Gorey');
REPLACE INTO city(region_id, name) values (553, 'New Ross');
REPLACE INTO city(region_id, name) values (553, 'Wexford');
REPLACE INTO city(region_id, name) values (588, 'Aljaraque');
REPLACE INTO city(region_id, name) values (588, 'Almonte');
REPLACE INTO city(region_id, name) values (588, 'Alto de la mesa');
REPLACE INTO city(region_id, name) values (588, 'Bollullos Par del Condado');
REPLACE INTO city(region_id, name) values (588, 'Cartaya');
REPLACE INTO city(region_id, name) values (588, 'Huelva');
REPLACE INTO city(region_id, name) values (588, 'Lepe');
REPLACE INTO city(region_id, name) values (588, 'Palos de la Frontera');
REPLACE INTO city(region_id, name) values (588, 'Punta Umbra');
REPLACE INTO city(region_id, name) values (639, 'Alseno');
REPLACE INTO city(region_id, name) values (639, 'Besenzone');
REPLACE INTO city(region_id, name) values (639, 'Farini');
REPLACE INTO city(region_id, name) values (639, 'Lugagnano Val d''''Arda');
REPLACE INTO city(region_id, name) values (639, 'Piacenza');
REPLACE INTO city(region_id, name) values (639, 'Sarmato');
REPLACE INTO city(region_id, name) values (738, 'Арысь');
REPLACE INTO city(region_id, name) values (738, 'Байжансай');
REPLACE INTO city(region_id, name) values (738, 'Белые Воды');
REPLACE INTO city(region_id, name) values (738, 'Ванновка');
REPLACE INTO city(region_id, name) values (738, 'Джетысай');
REPLACE INTO city(region_id, name) values (738, 'Кентау');
REPLACE INTO city(region_id, name) values (738, 'Ленгер');
REPLACE INTO city(region_id, name) values (738, 'Мырзакент');
REPLACE INTO city(region_id, name) values (738, 'Сарыагач');
REPLACE INTO city(region_id, name) values (738, 'Темирлановка');
REPLACE INTO city(region_id, name) values (738, 'Туркестан');
REPLACE INTO city(region_id, name) values (738, 'Чардара');
REPLACE INTO city(region_id, name) values (738, 'Чаян');
REPLACE INTO city(region_id, name) values (738, 'Чулаккурган');
REPLACE INTO city(region_id, name) values (738, 'Шаульдер');
REPLACE INTO city(region_id, name) values (738, 'Шымкент (Чимкент)');
REPLACE INTO city(region_id, name) values (776, 'Amuerkhechzhan');
REPLACE INTO city(region_id, name) values (776, 'Daqing');
REPLACE INTO city(region_id, name) values (776, 'Dongning');
REPLACE INTO city(region_id, name) values (776, 'Fuhai');
REPLACE INTO city(region_id, name) values (776, 'Haerhpin');
REPLACE INTO city(region_id, name) values (776, 'Harbin');
REPLACE INTO city(region_id, name) values (776, 'Harbin Shi');
REPLACE INTO city(region_id, name) values (776, 'Heihe');
REPLACE INTO city(region_id, name) values (776, 'Jiamusi');
REPLACE INTO city(region_id, name) values (776, 'Jixi');
REPLACE INTO city(region_id, name) values (776, 'Mudanjiang');
REPLACE INTO city(region_id, name) values (776, 'Mutanchiangshih');
REPLACE INTO city(region_id, name) values (776, 'Qiqihar');
REPLACE INTO city(region_id, name) values (776, 'Suifenhe');
REPLACE INTO city(region_id, name) values (776, 'Tongjiang');
REPLACE INTO city(region_id, name) values (776, 'Tsitsihar');
REPLACE INTO city(region_id, name) values (805, 'Barrio Boyac');
REPLACE INTO city(region_id, name) values (805, 'Bravo Pez');
REPLACE INTO city(region_id, name) values (823, 'Aro');
REPLACE INTO city(region_id, name) values (823, 'Baja Moras');
REPLACE INTO city(region_id, name) values (823, 'Jac');
REPLACE INTO city(region_id, name) values (829, 'Arroz');
REPLACE INTO city(region_id, name) values (829, 'Manzanillo');
REPLACE INTO city(region_id, name) values (844, 'Ак-Шыйрак');
REPLACE INTO city(region_id, name) values (844, 'Ананьево');
REPLACE INTO city(region_id, name) values (844, 'Боконбаевское');
REPLACE INTO city(region_id, name) values (844, 'Бостери');
REPLACE INTO city(region_id, name) values (844, 'Каджи-Сай');
REPLACE INTO city(region_id, name) values (844, 'Кызыл Туу');
REPLACE INTO city(region_id, name) values (844, 'Покровка');
REPLACE INTO city(region_id, name) values (844, 'Пржевальск');
REPLACE INTO city(region_id, name) values (844, 'Рыбачье');
REPLACE INTO city(region_id, name) values (844, 'Тюп');
REPLACE INTO city(region_id, name) values (844, 'Чолпон-Ата');
REPLACE INTO region(id, country_id, name) values (849, 100, 'Лаос');
REPLACE INTO city(region_id, name) values (440, 'Prama');
REPLACE INTO city(region_id, name) values (440, 'Rthimnon');
REPLACE INTO city(region_id, name) values (440, 'Rthymno');
REPLACE INTO city(region_id, name) values (440, 'Rthymnon');
REPLACE INTO city(region_id, name) values (554, 'Arklow');
REPLACE INTO city(region_id, name) values (554, 'Blessington');
REPLACE INTO city(region_id, name) values (554, 'Bray');
REPLACE INTO city(region_id, name) values (554, 'Enniskerry');
REPLACE INTO city(region_id, name) values (554, 'Wicklow');
REPLACE INTO city(region_id, name) values (589, 'Fraga');
REPLACE INTO city(region_id, name) values (589, 'Huesca');
REPLACE INTO city(region_id, name) values (589, 'Jaca');
REPLACE INTO city(region_id, name) values (589, 'Monzn');
REPLACE INTO city(region_id, name) values (589, 'Zaidin');
REPLACE INTO city(region_id, name) values (640, 'Alfonsine');
REPLACE INTO city(region_id, name) values (640, 'Cervia');
REPLACE INTO city(region_id, name) values (640, 'Conselice');
REPLACE INTO city(region_id, name) values (640, 'Faenza');
REPLACE INTO city(region_id, name) values (640, 'Lugo');
REPLACE INTO city(region_id, name) values (640, 'Massa Lombarda');
REPLACE INTO city(region_id, name) values (640, 'Ravenna');
REPLACE INTO city(region_id, name) values (640, 'Russi');
REPLACE INTO city(region_id, name) values (777, 'Caicao');
REPLACE INTO city(region_id, name) values (777, 'Jiaozuo');
REPLACE INTO city(region_id, name) values (777, 'Luoyang');
REPLACE INTO city(region_id, name) values (777, 'Zhengzhou');
REPLACE INTO city(region_id, name) values (806, 'Arabia');
REPLACE INTO city(region_id, name) values (806, 'Bogot');
REPLACE INTO city(region_id, name) values (806, 'Isnos');
REPLACE INTO city(region_id, name) values (806, 'Mxico');
REPLACE INTO city(region_id, name) values (806, 'Neiva');
REPLACE INTO city(region_id, name) values (824, 'Alto');
REPLACE INTO city(region_id, name) values (824, 'Barrio Escalante');
REPLACE INTO city(region_id, name) values (824, 'Barrio Urea');
REPLACE INTO city(region_id, name) values (824, 'Calle Blancos');
REPLACE INTO city(region_id, name) values (824, 'Curridabat');
REPLACE INTO city(region_id, name) values (824, 'Escaz');
REPLACE INTO city(region_id, name) values (824, 'Morado');
REPLACE INTO city(region_id, name) values (824, 'San Jos');
REPLACE INTO city(region_id, name) values (824, 'San Pedro');
REPLACE INTO city(region_id, name) values (830, 'Arena');
REPLACE INTO city(region_id, name) values (830, 'Cabana');
REPLACE INTO city(region_id, name) values (830, 'Guantnamo');
REPLACE INTO city(region_id, name) values (830, 'Guatanamo');
REPLACE INTO city(region_id, name) values (830, 'Santa Mara');
REPLACE INTO city(region_id, name) values (845, 'Ак-Суу');
REPLACE INTO city(region_id, name) values (845, 'Араван');
REPLACE INTO city(region_id, name) values (845, 'Балыкчи');
REPLACE INTO city(region_id, name) values (845, 'Беловодское');
REPLACE INTO city(region_id, name) values (845, 'Бишкек');
REPLACE INTO city(region_id, name) values (845, 'Боконбаевское');
REPLACE INTO city(region_id, name) values (845, 'Быстровка');
REPLACE INTO city(region_id, name) values (845, 'Жалал Абад');
REPLACE INTO city(region_id, name) values (845, 'Ивановка');
REPLACE INTO city(region_id, name) values (845, 'Каинды');
REPLACE INTO city(region_id, name) values (845, 'Кант');
REPLACE INTO city(region_id, name) values (845, 'Кара-Балта');
REPLACE INTO city(region_id, name) values (845, 'Караван');
REPLACE INTO city(region_id, name) values (845, 'Каракол');
REPLACE INTO city(region_id, name) values (845, 'Кемин');
REPLACE INTO city(region_id, name) values (845, 'Кербен');
REPLACE INTO city(region_id, name) values (845, 'Лебединовка');
REPLACE INTO city(region_id, name) values (845, 'Майлуу-Суу');
REPLACE INTO city(region_id, name) values (845, 'Нарын');
REPLACE INTO city(region_id, name) values (845, 'Ош');
REPLACE INTO city(region_id, name) values (845, 'Пульгон');
REPLACE INTO city(region_id, name) values (845, 'Соколук');
REPLACE INTO city(region_id, name) values (845, 'Талас');
REPLACE INTO city(region_id, name) values (845, 'Таш-Кумыр');
REPLACE INTO city(region_id, name) values (845, 'Токмак');
REPLACE INTO city(region_id, name) values (845, 'Чолпон-Ата');
REPLACE INTO city(region_id, name) values (845, 'Чуй');
REPLACE INTO city(region_id, name) values (845, 'Эски-Ноокат');
REPLACE INTO city(region_id, name) values (849, 'Вьентьян');
REPLACE INTO region(id, country_id, name) values (850, 101, 'Латвия');
REPLACE INTO city(region_id, name) values (441, 'Gmlcine');
REPLACE INTO city(region_id, name) values (441, 'Komotine');
REPLACE INTO city(region_id, name) values (441, 'Komotin');
REPLACE INTO city(region_id, name) values (441, 'Spes');
REPLACE INTO city(region_id, name) values (590, 'Arenal s''''');
REPLACE INTO city(region_id, name) values (590, 'Art');
REPLACE INTO city(region_id, name) values (590, 'Binissalem');
REPLACE INTO city(region_id, name) values (590, 'Can pastilla');
REPLACE INTO city(region_id, name) values (590, 'Ciutadella de Menorca');
REPLACE INTO city(region_id, name) values (590, 'Eivissa');
REPLACE INTO city(region_id, name) values (590, 'Inca');
REPLACE INTO city(region_id, name) values (590, 'Mahon');
REPLACE INTO city(region_id, name) values (590, 'Muro');
REPLACE INTO city(region_id, name) values (590, 'Palma de Mallorca');
REPLACE INTO city(region_id, name) values (590, 'Palma nova');
REPLACE INTO city(region_id, name) values (590, 'Sant antoni abat');
REPLACE INTO city(region_id, name) values (590, 'Santa Eulalia des Riu');
REPLACE INTO city(region_id, name) values (590, 'Santa pona');
REPLACE INTO city(region_id, name) values (590, 'Talamanca');
REPLACE INTO city(region_id, name) values (641, 'Albinea');
REPLACE INTO city(region_id, name) values (641, 'Brescello');
REPLACE INTO city(region_id, name) values (641, 'Cavriago');
REPLACE INTO city(region_id, name) values (641, 'Correggio');
REPLACE INTO city(region_id, name) values (641, 'Fabbrico');
REPLACE INTO city(region_id, name) values (641, 'Guastalla');
REPLACE INTO city(region_id, name) values (641, 'Reggio nell''''Emilia');
REPLACE INTO city(region_id, name) values (641, 'San Martino in Rio');
REPLACE INTO city(region_id, name) values (641, 'Viano');
REPLACE INTO city(region_id, name) values (778, 'Bingying');
REPLACE INTO city(region_id, name) values (778, 'Huiwan');
REPLACE INTO city(region_id, name) values (778, 'Wuchang');
REPLACE INTO city(region_id, name) values (778, 'Wuhan');
REPLACE INTO city(region_id, name) values (778, 'Wuxue');
REPLACE INTO city(region_id, name) values (807, 'Maicao');
REPLACE INTO city(region_id, name) values (807, 'Rohacha');
REPLACE INTO city(region_id, name) values (831, 'Cacocn');
REPLACE INTO city(region_id, name) values (831, 'Holgun');
REPLACE INTO city(region_id, name) values (846, 'Ат-Баши');
REPLACE INTO city(region_id, name) values (846, 'Дюрбельджин');
REPLACE INTO city(region_id, name) values (846, 'Казарман');
REPLACE INTO city(region_id, name) values (846, 'Кочкорка');
REPLACE INTO city(region_id, name) values (846, 'Нарын');
REPLACE INTO city(region_id, name) values (846, 'Чаек');
REPLACE INTO city(region_id, name) values (850, 'Айзпуте');
REPLACE INTO city(region_id, name) values (850, 'Айнажи');
REPLACE INTO city(region_id, name) values (850, 'Алоя');
REPLACE INTO city(region_id, name) values (850, 'Алсунга');
REPLACE INTO city(region_id, name) values (850, 'Алуксне');
REPLACE INTO city(region_id, name) values (850, 'Апе');
REPLACE INTO city(region_id, name) values (850, 'Ауце');
REPLACE INTO city(region_id, name) values (850, 'Балви');
REPLACE INTO city(region_id, name) values (850, 'Балдоне');
REPLACE INTO city(region_id, name) values (850, 'Баложи');
REPLACE INTO city(region_id, name) values (850, 'Бауска');
REPLACE INTO city(region_id, name) values (850, 'Бене');
REPLACE INTO city(region_id, name) values (850, 'Броцены');
REPLACE INTO city(region_id, name) values (850, 'Валка');
REPLACE INTO city(region_id, name) values (850, 'Валмиера');
REPLACE INTO city(region_id, name) values (850, 'Варакляны');
REPLACE INTO city(region_id, name) values (850, 'Вентспилс');
REPLACE INTO city(region_id, name) values (850, 'Виляка');
REPLACE INTO city(region_id, name) values (850, 'Виляны');
REPLACE INTO city(region_id, name) values (850, 'Гробиня');
REPLACE INTO city(region_id, name) values (850, 'Гулбене');
REPLACE INTO city(region_id, name) values (850, 'Гульбене');
REPLACE INTO city(region_id, name) values (850, 'Даугавпилс');
REPLACE INTO city(region_id, name) values (850, 'Добеле');
REPLACE INTO city(region_id, name) values (850, 'Дундага');
REPLACE INTO city(region_id, name) values (850, 'Дурбе');
REPLACE INTO city(region_id, name) values (850, 'Екабпилс');
REPLACE INTO city(region_id, name) values (850, 'Елгава');
REPLACE INTO city(region_id, name) values (850, 'Зилупе');
REPLACE INTO city(region_id, name) values (850, 'Иецава');
REPLACE INTO city(region_id, name) values (850, 'Илуксте');
REPLACE INTO city(region_id, name) values (850, 'Калнциемс');
REPLACE INTO city(region_id, name) values (850, 'Кандава');
REPLACE INTO city(region_id, name) values (850, 'Карсава');
REPLACE INTO city(region_id, name) values (850, 'Кегумс');
REPLACE INTO city(region_id, name) values (850, 'Кокнесе');
REPLACE INTO city(region_id, name) values (850, 'Колка');
REPLACE INTO city(region_id, name) values (850, 'Краслава');
REPLACE INTO city(region_id, name) values (850, 'Кулдига');
REPLACE INTO city(region_id, name) values (850, 'Ливаны');
REPLACE INTO city(region_id, name) values (850, 'Лиепая');
REPLACE INTO city(region_id, name) values (850, 'Лимбажи');
REPLACE INTO city(region_id, name) values (850, 'Лудза');
REPLACE INTO city(region_id, name) values (850, 'Мадона');
REPLACE INTO city(region_id, name) values (850, 'Огре');
REPLACE INTO city(region_id, name) values (850, 'Плявиняс');
REPLACE INTO city(region_id, name) values (850, 'Прейли');
REPLACE INTO city(region_id, name) values (850, 'Резекне');
REPLACE INTO city(region_id, name) values (850, 'Рига');
REPLACE INTO city(region_id, name) values (850, 'Салдус');
REPLACE INTO city(region_id, name) values (850, 'Сигулда');
REPLACE INTO city(region_id, name) values (850, 'Стучка');
REPLACE INTO city(region_id, name) values (850, 'Талси');
REPLACE INTO city(region_id, name) values (850, 'Тукумс');
REPLACE INTO city(region_id, name) values (850, 'Цесис');
REPLACE INTO city(region_id, name) values (850, 'Элея');
REPLACE INTO city(region_id, name) values (850, 'Юрмала');
REPLACE INTO region(id, country_id, name) values (851, 102, 'Лесото');
REPLACE INTO city(region_id, name) values (442, 'Aga Kyriak');
REPLACE INTO city(region_id, name) values (442, 'Rva');
REPLACE INTO city(region_id, name) values (442, 'Smos');
REPLACE INTO city(region_id, name) values (442, 'Vath');
REPLACE INTO city(region_id, name) values (591, 'Arroyo del Ojanco');
REPLACE INTO city(region_id, name) values (591, 'Aulabar');
REPLACE INTO city(region_id, name) values (591, 'Baeza');
REPLACE INTO city(region_id, name) values (591, 'Coto rios');
REPLACE INTO city(region_id, name) values (591, 'Jan');
REPLACE INTO city(region_id, name) values (591, 'Linares');
REPLACE INTO city(region_id, name) values (591, 'Mengbar');
REPLACE INTO city(region_id, name) values (591, 'Torres');
REPLACE INTO city(region_id, name) values (591, 'beda');
REPLACE INTO city(region_id, name) values (642, 'Bellaria-Igea Marina');
REPLACE INTO city(region_id, name) values (642, 'Cattolica');
REPLACE INTO city(region_id, name) values (642, 'Mondaino');
REPLACE INTO city(region_id, name) values (642, 'Morciano di Romagna');
REPLACE INTO city(region_id, name) values (642, 'Riccione');
REPLACE INTO city(region_id, name) values (642, 'Rimini');
REPLACE INTO city(region_id, name) values (642, 'Santarcangelo di Romagna');
REPLACE INTO city(region_id, name) values (779, 'Anle');
REPLACE INTO city(region_id, name) values (779, 'Changsha');
REPLACE INTO city(region_id, name) values (779, 'Hengnan');
REPLACE INTO city(region_id, name) values (779, 'Huaihua');
REPLACE INTO city(region_id, name) values (779, 'Sanyi');
REPLACE INTO city(region_id, name) values (808, 'Berln');
REPLACE INTO city(region_id, name) values (808, 'Villavicencio');
REPLACE INTO city(region_id, name) values (832, 'La Palma');
REPLACE INTO city(region_id, name) values (832, 'Santa Brbara');
REPLACE INTO city(region_id, name) values (847, 'Ак-Там');
REPLACE INTO city(region_id, name) values (847, 'Ала-Бука');
REPLACE INTO city(region_id, name) values (847, 'Араван');
REPLACE INTO city(region_id, name) values (847, 'Базар-Курган');
REPLACE INTO city(region_id, name) values (847, 'Баткен');
REPLACE INTO city(region_id, name) values (847, 'Гульча');
REPLACE INTO city(region_id, name) values (847, 'Джалал-Абад');
REPLACE INTO city(region_id, name) values (847, 'Исфана');
REPLACE INTO city(region_id, name) values (847, 'Кара-Кульджа');
REPLACE INTO city(region_id, name) values (847, 'Кара-Суу');
REPLACE INTO city(region_id, name) values (847, 'Караван');
REPLACE INTO city(region_id, name) values (847, 'Кок-Янгак');
REPLACE INTO city(region_id, name) values (847, 'Кызыл-Кия');
REPLACE INTO city(region_id, name) values (847, 'Майли-Сай');
REPLACE INTO city(region_id, name) values (847, 'Ош');
REPLACE INTO city(region_id, name) values (847, 'Сары-Таш');
REPLACE INTO city(region_id, name) values (847, 'Сулюкта');
REPLACE INTO city(region_id, name) values (847, 'Таш-Кумыр');
REPLACE INTO city(region_id, name) values (847, 'Узген');
REPLACE INTO city(region_id, name) values (847, 'Фрунзе');
REPLACE INTO city(region_id, name) values (847, 'Хайдаркен');
REPLACE INTO city(region_id, name) values (851, 'Масеру');
REPLACE INTO region(id, country_id, name) values (852, 103, 'Либерия');
REPLACE INTO city(region_id, name) values (443, 'Rodpoli');
REPLACE INTO city(region_id, name) values (443, 'Seres');
REPLACE INTO city(region_id, name) values (443, 'Srres');
REPLACE INTO city(region_id, name) values (443, 'Sidhirkastron');
REPLACE INTO city(region_id, name) values (443, 'Sidirkastro');
REPLACE INTO city(region_id, name) values (592, 'Arnedo');
REPLACE INTO city(region_id, name) values (592, 'Calahorra');
REPLACE INTO city(region_id, name) values (592, 'Logroo');
REPLACE INTO city(region_id, name) values (643, 'Farra d''''Isonzo');
REPLACE INTO city(region_id, name) values (643, 'Gorizia');
REPLACE INTO city(region_id, name) values (643, 'Gradisca d''''Isonzo');
REPLACE INTO city(region_id, name) values (643, 'Grado');
REPLACE INTO city(region_id, name) values (643, 'Monfalcone');
REPLACE INTO city(region_id, name) values (643, 'Ronchi dei Legionari');
REPLACE INTO city(region_id, name) values (643, 'San Lorenzo Isontino');
REPLACE INTO city(region_id, name) values (780, 'Changzhou');
REPLACE INTO city(region_id, name) values (780, 'Dinggang');
REPLACE INTO city(region_id, name) values (780, 'Jinzhuang');
REPLACE INTO city(region_id, name) values (780, 'Nanjing');
REPLACE INTO city(region_id, name) values (780, 'Nantong');
REPLACE INTO city(region_id, name) values (780, 'Suzhou');
REPLACE INTO city(region_id, name) values (780, 'Tai');
REPLACE INTO city(region_id, name) values (780, 'Taizhou');
REPLACE INTO city(region_id, name) values (780, 'Wuxi');
REPLACE INTO city(region_id, name) values (780, 'Xuzhou');
REPLACE INTO city(region_id, name) values (780, 'Yangzhou');
REPLACE INTO city(region_id, name) values (780, 'Zhangjiagang');
REPLACE INTO city(region_id, name) values (780, 'Zhangjiagang Shi');
REPLACE INTO city(region_id, name) values (809, 'Bolvar');
REPLACE INTO city(region_id, name) values (809, 'Tumaco');
REPLACE INTO city(region_id, name) values (833, 'Abajo');
REPLACE INTO city(region_id, name) values (833, 'Amistad');
REPLACE INTO city(region_id, name) values (833, 'Andres');
REPLACE INTO city(region_id, name) values (833, 'Antiguo Central de Santa Luca');
REPLACE INTO city(region_id, name) values (833, 'Ave Mara');
REPLACE INTO city(region_id, name) values (833, 'Buenos Aires');
REPLACE INTO city(region_id, name) values (833, 'Cardona');
REPLACE INTO city(region_id, name) values (833, 'Carmen');
REPLACE INTO city(region_id, name) values (833, 'Casa Blanca');
REPLACE INTO city(region_id, name) values (833, 'Cervantes');
REPLACE INTO city(region_id, name) values (833, 'Coca');
REPLACE INTO city(region_id, name) values (833, 'Habana Libre');
REPLACE INTO city(region_id, name) values (833, 'La Molina');
REPLACE INTO city(region_id, name) values (833, 'La Rosa');
REPLACE INTO city(region_id, name) values (833, 'Los Cocos');
REPLACE INTO city(region_id, name) values (833, 'Zorrilla');
REPLACE INTO city(region_id, name) values (848, 'Кара-Куль');
REPLACE INTO city(region_id, name) values (848, 'Кировское');
REPLACE INTO city(region_id, name) values (848, 'Ленинполь');
REPLACE INTO city(region_id, name) values (848, 'Покровка');
REPLACE INTO city(region_id, name) values (848, 'Талас');
REPLACE INTO city(region_id, name) values (848, 'Токтогул');
REPLACE INTO city(region_id, name) values (848, 'Толук');
REPLACE INTO city(region_id, name) values (852, 'Монровия');
REPLACE INTO region(id, country_id, name) values (853, 104, 'Бейрут');
REPLACE INTO city(region_id, name) values (444, 'gios Dimtrios');
REPLACE INTO city(region_id, name) values (444, 'Trikrifon');
REPLACE INTO city(region_id, name) values (593, 'Agaete');
REPLACE INTO city(region_id, name) values (593, 'Arrecife');
REPLACE INTO city(region_id, name) values (593, 'Arucas');
REPLACE INTO city(region_id, name) values (593, 'Casillas del angel');
REPLACE INTO city(region_id, name) values (593, 'Corralejo');
REPLACE INTO city(region_id, name) values (593, 'Jinamar');
REPLACE INTO city(region_id, name) values (593, 'Las Palmas');
REPLACE INTO city(region_id, name) values (593, 'Maspalomas');
REPLACE INTO city(region_id, name) values (593, 'Mogn');
REPLACE INTO city(region_id, name) values (593, 'Puerto del Rosario');
REPLACE INTO city(region_id, name) values (593, 'San Bartolom');
REPLACE INTO city(region_id, name) values (593, 'San Bartolom de Tirajana');
REPLACE INTO city(region_id, name) values (593, 'Santa Luca');
REPLACE INTO city(region_id, name) values (593, 'Tafira alta');
REPLACE INTO city(region_id, name) values (593, 'Yaiza');
REPLACE INTO city(region_id, name) values (644, 'Aviano');
REPLACE INTO city(region_id, name) values (644, 'Azzano Decimo');
REPLACE INTO city(region_id, name) values (644, 'Montereale Valcellina');
REPLACE INTO city(region_id, name) values (644, 'Porcia');
REPLACE INTO city(region_id, name) values (644, 'Pordenone');
REPLACE INTO city(region_id, name) values (644, 'Pravisdomini');
REPLACE INTO city(region_id, name) values (644, 'Sacile');
REPLACE INTO city(region_id, name) values (644, 'San Vito al Tagliamento');
REPLACE INTO city(region_id, name) values (644, 'Spilimbergo');
REPLACE INTO city(region_id, name) values (644, 'Travesio');
REPLACE INTO city(region_id, name) values (644, 'Zoppola');
REPLACE INTO city(region_id, name) values (781, '.Wanjialing');
REPLACE INTO city(region_id, name) values (781, 'Fuzhou');
REPLACE INTO city(region_id, name) values (781, 'Nanchang');
REPLACE INTO city(region_id, name) values (810, 'Apartadero');
REPLACE INTO city(region_id, name) values (810, 'Ccuta');
REPLACE INTO city(region_id, name) values (834, 'La Rosa');
REPLACE INTO city(region_id, name) values (853, 'Бейрут');
REPLACE INTO city(region_id, name) values (853, 'Бейрут');
REPLACE INTO region(id, country_id, name) values (854, 105, 'Tarabulus');
REPLACE INTO region(id, country_id, name) values (855, 105, 'Бенгази');
REPLACE INTO city(region_id, name) values (445, 'dendro');
REPLACE INTO city(region_id, name) values (445, 'dendron');
REPLACE INTO city(region_id, name) values (445, 'Aga Trida');
REPLACE INTO city(region_id, name) values (445, 'gios Athansios');
REPLACE INTO city(region_id, name) values (445, 'gios Pvlos');
REPLACE INTO city(region_id, name) values (445, 'Avtion');
REPLACE INTO city(region_id, name) values (445, 'Ampeln');
REPLACE INTO city(region_id, name) values (445, 'Anatolik');
REPLACE INTO city(region_id, name) values (445, 'Angelokhri');
REPLACE INTO city(region_id, name) values (445, 'Angelokhrion');
REPLACE INTO city(region_id, name) values (445, 'Ankhalos');
REPLACE INTO city(region_id, name) values (445, 'Arapl');
REPLACE INTO city(region_id, name) values (445, 'Asprvrysi');
REPLACE INTO city(region_id, name) values (445, 'Bal');
REPLACE INTO city(region_id, name) values (445, 'Dhiavat');
REPLACE INTO city(region_id, name) values (445, 'Diavat');
REPLACE INTO city(region_id, name) values (445, 'Efkarpa');
REPLACE INTO city(region_id, name) values (445, 'Evkarpa');
REPLACE INTO city(region_id, name) values (445, 'vosmo');
REPLACE INTO city(region_id, name) values (445, 'vosmon');
REPLACE INTO city(region_id, name) values (445, 'Galni');
REPLACE INTO city(region_id, name) values (445, 'Gfyra');
REPLACE INTO city(region_id, name) values (445, 'Kalamari');
REPLACE INTO city(region_id, name) values (445, 'Kalochri');
REPLACE INTO city(region_id, name) values (445, 'Kamra');
REPLACE INTO city(region_id, name) values (445, 'Kardi');
REPLACE INTO city(region_id, name) values (445, 'Kastani');
REPLACE INTO city(region_id, name) values (445, 'Kerasi');
REPLACE INTO city(region_id, name) values (445, 'Kordhelin');
REPLACE INTO city(region_id, name) values (445, 'Lagkads');
REPLACE INTO city(region_id, name) values (445, 'Lagyn');
REPLACE INTO city(region_id, name) values (445, 'Menemni');
REPLACE INTO city(region_id, name) values (445, 'Na Ioni');
REPLACE INTO city(region_id, name) values (445, 'Na Michanina');
REPLACE INTO city(region_id, name) values (445, 'Na Mikhanina');
REPLACE INTO city(region_id, name) values (445, 'Na Zo');
REPLACE INTO city(region_id, name) values (445, 'Non Kordelin');
REPLACE INTO city(region_id, name) values (445, 'Non Kordhelin');
REPLACE INTO city(region_id, name) values (445, 'Oraikastro');
REPLACE INTO city(region_id, name) values (445, 'Palikastro');
REPLACE INTO city(region_id, name) values (445, 'Palikastron');
REPLACE INTO city(region_id, name) values (445, 'Peraa');
REPLACE INTO city(region_id, name) values (445, 'Polchni');
REPLACE INTO city(region_id, name) values (445, 'Salonica');
REPLACE INTO city(region_id, name) values (445, 'Salonika');
REPLACE INTO city(region_id, name) values (445, 'Salonki');
REPLACE INTO city(region_id, name) values (445, 'Selanik');
REPLACE INTO city(region_id, name) values (445, 'Sikai');
REPLACE INTO city(region_id, name) values (445, 'Sndos');
REPLACE INTO city(region_id, name) values (445, 'Stavropoli');
REPLACE INTO city(region_id, name) values (445, 'Sykai');
REPLACE INTO city(region_id, name) values (445, 'Thessalonike');
REPLACE INTO city(region_id, name) values (445, 'Thessalonki');
REPLACE INTO city(region_id, name) values (445, 'Xirokhrion');
REPLACE INTO city(region_id, name) values (594, 'Cubillos del sil');
REPLACE INTO city(region_id, name) values (594, 'Len');
REPLACE INTO city(region_id, name) values (645, 'Duino-Aurisina');
REPLACE INTO city(region_id, name) values (645, 'Trieste');
REPLACE INTO city(region_id, name) values (782, 'Anguan');
REPLACE INTO city(region_id, name) values (782, 'Antuzhan');
REPLACE INTO city(region_id, name) values (782, 'Changanpu');
REPLACE INTO city(region_id, name) values (782, 'Changchuan');
REPLACE INTO city(region_id, name) values (782, 'Changchun');
REPLACE INTO city(region_id, name) values (782, 'Changchun Shi');
REPLACE INTO city(region_id, name) values (782, 'Changchunshih');
REPLACE INTO city(region_id, name) values (782, 'Huichun');
REPLACE INTO city(region_id, name) values (782, 'Hunchun');
REPLACE INTO city(region_id, name) values (782, 'Jilin');
REPLACE INTO city(region_id, name) values (782, 'Siping');
REPLACE INTO city(region_id, name) values (782, 'Xukedi');
REPLACE INTO city(region_id, name) values (782, 'Yanji');
REPLACE INTO city(region_id, name) values (811, 'Armenia');
REPLACE INTO city(region_id, name) values (811, 'Crdoba');
REPLACE INTO city(region_id, name) values (835, 'Amador');
REPLACE INTO city(region_id, name) values (835, 'Perico');
REPLACE INTO city(region_id, name) values (835, 'Varadero');
REPLACE INTO city(region_id, name) values (854, 'Триполи');
REPLACE INTO region(id, country_id, name) values (856, 106, 'Литва');
REPLACE INTO city(region_id, name) values (446, 'Achladi');
REPLACE INTO city(region_id, name) values (446, 'Apostolaka');
REPLACE INTO city(region_id, name) values (446, 'Borovkos');
REPLACE INTO city(region_id, name) values (446, 'Kalampka');
REPLACE INTO city(region_id, name) values (446, 'Trkala');
REPLACE INTO city(region_id, name) values (595, 'Balaguer');
REPLACE INTO city(region_id, name) values (595, 'Castellas');
REPLACE INTO city(region_id, name) values (595, 'Cervera');
REPLACE INTO city(region_id, name) values (595, 'El Pont de Suert');
REPLACE INTO city(region_id, name) values (595, 'Guissona');
REPLACE INTO city(region_id, name) values (595, 'La Seu d''''Urgell');
REPLACE INTO city(region_id, name) values (595, 'Lleida');
REPLACE INTO city(region_id, name) values (595, 'Poal el');
REPLACE INTO city(region_id, name) values (595, 'Sidamon');
REPLACE INTO city(region_id, name) values (595, 'Trrega');
REPLACE INTO city(region_id, name) values (646, 'Aquileia');
REPLACE INTO city(region_id, name) values (646, 'Latisana');
REPLACE INTO city(region_id, name) values (646, 'Paularo');
REPLACE INTO city(region_id, name) values (646, 'Pavia di Udine');
REPLACE INTO city(region_id, name) values (646, 'Pozzuolo del Friuli');
REPLACE INTO city(region_id, name) values (646, 'San Daniele del Friuli');
REPLACE INTO city(region_id, name) values (646, 'San Giovanni al Natisone');
REPLACE INTO city(region_id, name) values (646, 'Tolmezzo');
REPLACE INTO city(region_id, name) values (646, 'Treppo Grande');
REPLACE INTO city(region_id, name) values (646, 'Udine');
REPLACE INTO city(region_id, name) values (783, 'Anshan');
REPLACE INTO city(region_id, name) values (783, 'Beijing');
REPLACE INTO city(region_id, name) values (783, 'Dalian');
REPLACE INTO city(region_id, name) values (783, 'Dandong');
REPLACE INTO city(region_id, name) values (783, 'Jinzhou');
REPLACE INTO city(region_id, name) values (783, 'Langtou');
REPLACE INTO city(region_id, name) values (783, 'Lshun');
REPLACE INTO city(region_id, name) values (783, 'Panshan');
REPLACE INTO city(region_id, name) values (783, 'Shenyang');
REPLACE INTO city(region_id, name) values (783, 'Shenyang Shi');
REPLACE INTO city(region_id, name) values (812, 'Belmonte');
REPLACE INTO city(region_id, name) values (812, 'Boquern');
REPLACE INTO city(region_id, name) values (812, 'Cartago Viejo');
REPLACE INTO city(region_id, name) values (812, 'Pereira');
REPLACE INTO city(region_id, name) values (836, 'Brisas del Mar');
REPLACE INTO city(region_id, name) values (836, 'Monicas Mora');
REPLACE INTO city(region_id, name) values (855, 'Бенгази');
REPLACE INTO city(region_id, name) values (856, 'Адутишкис');
REPLACE INTO city(region_id, name) values (856, 'Алитус');
REPLACE INTO city(region_id, name) values (856, 'Аникщчяй');
REPLACE INTO city(region_id, name) values (856, 'Ариогала');
REPLACE INTO city(region_id, name) values (856, 'Балтойи-Воке');
REPLACE INTO city(region_id, name) values (856, 'Бальберишкис');
REPLACE INTO city(region_id, name) values (856, 'Биржай');
REPLACE INTO city(region_id, name) values (856, 'Бирштонас');
REPLACE INTO city(region_id, name) values (856, 'Вабальнинкас');
REPLACE INTO city(region_id, name) values (856, 'Ванджиогала');
REPLACE INTO city(region_id, name) values (856, 'Варена');
REPLACE INTO city(region_id, name) values (856, 'Виевис');
REPLACE INTO city(region_id, name) values (856, 'Вилкавишкис');
REPLACE INTO city(region_id, name) values (856, 'Вилькия');
REPLACE INTO city(region_id, name) values (856, 'Вильно');
REPLACE INTO city(region_id, name) values (856, 'Вильнюс');
REPLACE INTO city(region_id, name) values (856, 'Вирбалис');
REPLACE INTO city(region_id, name) values (856, 'Висагинас');
REPLACE INTO city(region_id, name) values (856, 'Гаргждай');
REPLACE INTO city(region_id, name) values (856, 'Гарлява');
REPLACE INTO city(region_id, name) values (856, 'Даугай');
REPLACE INTO city(region_id, name) values (856, 'Друскининкай');
REPLACE INTO city(region_id, name) values (856, 'Дукштас');
REPLACE INTO city(region_id, name) values (856, 'Дусетос');
REPLACE INTO city(region_id, name) values (856, 'Ейшишес');
REPLACE INTO city(region_id, name) values (856, 'Жагаре');
REPLACE INTO city(region_id, name) values (856, 'Зарасай');
REPLACE INTO city(region_id, name) values (856, 'Игналина');
REPLACE INTO city(region_id, name) values (856, 'Ионишкис');
REPLACE INTO city(region_id, name) values (856, 'Йонава');
REPLACE INTO city(region_id, name) values (856, 'Казлу-Руда');
REPLACE INTO city(region_id, name) values (856, 'Кайшядорис');
REPLACE INTO city(region_id, name) values (856, 'Каунас');
REPLACE INTO city(region_id, name) values (856, 'Качергине');
REPLACE INTO city(region_id, name) values (856, 'Кедайняй');
REPLACE INTO city(region_id, name) values (856, 'Кельме');
REPLACE INTO city(region_id, name) values (856, 'Кибартай');
REPLACE INTO city(region_id, name) values (856, 'Клайпеда');
REPLACE INTO city(region_id, name) values (856, 'Ковно');
REPLACE INTO city(region_id, name) values (856, 'Кретинга');
REPLACE INTO city(region_id, name) values (856, 'Кулаутува');
REPLACE INTO city(region_id, name) values (856, 'куодас');
REPLACE INTO city(region_id, name) values (856, 'Куршенай');
REPLACE INTO city(region_id, name) values (856, 'Лаздияй');
REPLACE INTO city(region_id, name) values (856, 'Лентварис');
REPLACE INTO city(region_id, name) values (856, 'Мажейкяй');
REPLACE INTO city(region_id, name) values (856, 'Марьямполе (Капсукас)');
REPLACE INTO city(region_id, name) values (856, 'Меркине');
REPLACE INTO city(region_id, name) values (856, 'Молетай');
REPLACE INTO city(region_id, name) values (856, 'Науйойи-Акмяне');
REPLACE INTO city(region_id, name) values (856, 'Нида');
REPLACE INTO city(region_id, name) values (856, 'Пабраде');
REPLACE INTO city(region_id, name) values (856, 'Пагегяй');
REPLACE INTO city(region_id, name) values (856, 'Пакруоис');
REPLACE INTO city(region_id, name) values (856, 'Паланга');
REPLACE INTO city(region_id, name) values (856, 'Паневежис');
REPLACE INTO city(region_id, name) values (856, 'Пасвалис');
REPLACE INTO city(region_id, name) values (856, 'Плунге');
REPLACE INTO city(region_id, name) values (856, 'Приенай');
REPLACE INTO city(region_id, name) values (856, 'Радвилишкис');
REPLACE INTO city(region_id, name) values (856, 'Расейняй');
REPLACE INTO city(region_id, name) values (856, 'Риетавас');
REPLACE INTO city(region_id, name) values (856, 'Рокишкис');
REPLACE INTO city(region_id, name) values (856, 'Симнас');
REPLACE INTO city(region_id, name) values (856, 'Скаудвиле');
REPLACE INTO city(region_id, name) values (856, 'Таураге');
REPLACE INTO city(region_id, name) values (856, 'Тельшяй');
REPLACE INTO city(region_id, name) values (856, 'Тракай');
REPLACE INTO city(region_id, name) values (856, 'Укмерге');
REPLACE INTO city(region_id, name) values (856, 'Утена');
REPLACE INTO city(region_id, name) values (856, 'Шакяй');
REPLACE INTO city(region_id, name) values (856, 'Шальчининкай');
REPLACE INTO city(region_id, name) values (856, 'Швенченеляй');
REPLACE INTO city(region_id, name) values (856, 'Швенчионис');
REPLACE INTO city(region_id, name) values (856, 'Шета');
REPLACE INTO city(region_id, name) values (856, 'Шилале');
REPLACE INTO city(region_id, name) values (856, 'Шилуте');
REPLACE INTO city(region_id, name) values (856, 'Ширвинтос');
REPLACE INTO city(region_id, name) values (856, 'Шяуляй');
REPLACE INTO city(region_id, name) values (856, 'Эжярелис');
REPLACE INTO city(region_id, name) values (856, 'Юрбаркас');
REPLACE INTO region(id, country_id, name) values (857, 107, 'Balzers');
REPLACE INTO region(id, country_id, name) values (858, 107, 'Eschen');
REPLACE INTO region(id, country_id, name) values (859, 107, 'Ruggell');
REPLACE INTO region(id, country_id, name) values (860, 107, 'Schellenberg');
REPLACE INTO region(id, country_id, name) values (861, 107, 'Triesen');
REPLACE INTO region(id, country_id, name) values (862, 107, 'Vaduz');
REPLACE INTO city(region_id, name) values (447, 'Levdeia');
REPLACE INTO city(region_id, name) values (447, 'Livadei');
REPLACE INTO city(region_id, name) values (447, 'Thva');
REPLACE INTO city(region_id, name) values (596, 'A Pobra do Brolln');
REPLACE INTO city(region_id, name) values (596, 'Lugo');
REPLACE INTO city(region_id, name) values (596, 'Rabade');
REPLACE INTO city(region_id, name) values (596, 'Ribadeo');
REPLACE INTO city(region_id, name) values (647, 'Cassino');
REPLACE INTO city(region_id, name) values (647, 'Frosinone');
REPLACE INTO city(region_id, name) values (647, 'Sant''''Elia Fiumerapido');
REPLACE INTO city(region_id, name) values (647, 'Sora');
REPLACE INTO city(region_id, name) values (784, 'Abag Qi');
REPLACE INTO city(region_id, name) values (784, 'Ayulhai');
REPLACE INTO city(region_id, name) values (784, 'Baotou');
REPLACE INTO city(region_id, name) values (784, 'Hailar');
REPLACE INTO city(region_id, name) values (784, 'Hohhot');
REPLACE INTO city(region_id, name) values (784, 'Huhe Hoter');
REPLACE INTO city(region_id, name) values (784, 'Huhehot');
REPLACE INTO city(region_id, name) values (784, 'Huhohaote');
REPLACE INTO city(region_id, name) values (784, 'Manchouli');
REPLACE INTO city(region_id, name) values (784, 'Manchuria');
REPLACE INTO city(region_id, name) values (784, 'Manchzhuriya');
REPLACE INTO city(region_id, name) values (784, 'Manzhouli');
REPLACE INTO city(region_id, name) values (784, 'Mongol Us');
REPLACE INTO city(region_id, name) values (784, 'Wuhai');
REPLACE INTO city(region_id, name) values (813, 'Aguas Claras');
REPLACE INTO city(region_id, name) values (813, 'Bucaramanga');
REPLACE INTO city(region_id, name) values (813, 'Floridablanca');
REPLACE INTO city(region_id, name) values (813, 'San Gil');
REPLACE INTO city(region_id, name) values (837, 'Aida');
REPLACE INTO city(region_id, name) values (837, 'Antunes');
REPLACE INTO city(region_id, name) values (837, 'Bardallo');
REPLACE INTO city(region_id, name) values (837, 'Buena Vista');
REPLACE INTO city(region_id, name) values (837, 'Santa Mara');
REPLACE INTO city(region_id, name) values (857, 'Balzers');
REPLACE INTO region(id, country_id, name) values (863, 108, 'Diekirch');
REPLACE INTO region(id, country_id, name) values (864, 108, 'Grevenmacher');
REPLACE INTO region(id, country_id, name) values (865, 108, 'Luxembourg');
REPLACE INTO region(id, country_id, name) values (866, 108, 'None');
REPLACE INTO city(region_id, name) values (448, 'Номос Ксанти');
REPLACE INTO city(region_id, name) values (448, 'Xanthe');
REPLACE INTO city(region_id, name) values (448, 'Xnthi');
REPLACE INTO city(region_id, name) values (597, 'Ajalvir');
REPLACE INTO city(region_id, name) values (597, 'Alcal de Henares');
REPLACE INTO city(region_id, name) values (597, 'Alcobendas');
REPLACE INTO city(region_id, name) values (597, 'Alcorcn');
REPLACE INTO city(region_id, name) values (597, 'Anchuelo');
REPLACE INTO city(region_id, name) values (597, 'Barajas');
REPLACE INTO city(region_id, name) values (597, 'Berzosa del Lozoya');
REPLACE INTO city(region_id, name) values (597, 'Carabaa');
REPLACE INTO city(region_id, name) values (597, 'Collado Villalba');
REPLACE INTO city(region_id, name) values (597, 'Colmenar Viejo');
REPLACE INTO city(region_id, name) values (597, 'El Escorial');
REPLACE INTO city(region_id, name) values (597, 'El Molar');
REPLACE INTO city(region_id, name) values (597, 'Fuenlabrada');
REPLACE INTO city(region_id, name) values (597, 'Galapagar');
REPLACE INTO city(region_id, name) values (597, 'Getafe');
REPLACE INTO city(region_id, name) values (597, 'Humanes de Madrid');
REPLACE INTO city(region_id, name) values (597, 'Las Rozas');
REPLACE INTO city(region_id, name) values (597, 'Legans');
REPLACE INTO city(region_id, name) values (597, 'Madarcos');
REPLACE INTO city(region_id, name) values (597, 'Madrid');
REPLACE INTO city(region_id, name) values (597, 'Manjiron');
REPLACE INTO city(region_id, name) values (597, 'Mejorada del Campo');
REPLACE INTO city(region_id, name) values (597, 'Mstoles');
REPLACE INTO city(region_id, name) values (597, 'Navacerrada');
REPLACE INTO city(region_id, name) values (597, 'Perales del Ro');
REPLACE INTO city(region_id, name) values (597, 'Rozas de Puerto Real');
REPLACE INTO city(region_id, name) values (597, 'San Agustn de Guadalix');
REPLACE INTO city(region_id, name) values (597, 'Torrejn de Ardoz');
REPLACE INTO city(region_id, name) values (597, 'Torrejn de la Calzada');
REPLACE INTO city(region_id, name) values (597, 'Valdemoro');
REPLACE INTO city(region_id, name) values (597, 'Vallecas');
REPLACE INTO city(region_id, name) values (597, 'Villa del Prado');
REPLACE INTO city(region_id, name) values (597, 'Villanueva de la Caada');
REPLACE INTO city(region_id, name) values (597, 'Villaviciosa de Odn');
REPLACE INTO city(region_id, name) values (597, 'Zarzalejo');
REPLACE INTO city(region_id, name) values (648, 'Cisterna di Latina');
REPLACE INTO city(region_id, name) values (648, 'Fondi');
REPLACE INTO city(region_id, name) values (648, 'Formia');
REPLACE INTO city(region_id, name) values (648, 'Gaeta');
REPLACE INTO city(region_id, name) values (648, 'Latina');
REPLACE INTO city(region_id, name) values (648, 'Maenza');
REPLACE INTO city(region_id, name) values (648, 'Minturno');
REPLACE INTO city(region_id, name) values (648, 'Ponza');
REPLACE INTO city(region_id, name) values (785, 'Yinchuan');
REPLACE INTO city(region_id, name) values (814, 'Ibagu');
REPLACE INTO city(region_id, name) values (838, 'Campana');
REPLACE INTO city(region_id, name) values (838, 'Sancti Spritus');
REPLACE INTO city(region_id, name) values (858, 'Eschen');
REPLACE INTO city(region_id, name) values (863, 'Allerborn');
REPLACE INTO city(region_id, name) values (863, 'Baraques de Troine');
REPLACE INTO city(region_id, name) values (863, 'Diekirch');
REPLACE INTO city(region_id, name) values (863, 'Esch');
REPLACE INTO region(id, country_id, name) values (867, 109, 'Маврикий');
REPLACE INTO city(region_id, name) values (449, 'yios Niklaos');
REPLACE INTO city(region_id, name) values (449, 'Zkinthos');
REPLACE INTO city(region_id, name) values (449, 'Zkynthos');
REPLACE INTO city(region_id, name) values (449, 'Zante');
REPLACE INTO city(region_id, name) values (598, 'Alameda');
REPLACE INTO city(region_id, name) values (598, 'Alhaurn de la Torre');
REPLACE INTO city(region_id, name) values (598, 'Arenas');
REPLACE INTO city(region_id, name) values (598, 'Benalmdena');
REPLACE INTO city(region_id, name) values (598, 'Con');
REPLACE INTO city(region_id, name) values (598, 'Estepona');
REPLACE INTO city(region_id, name) values (598, 'Fuengirola');
REPLACE INTO city(region_id, name) values (598, 'Mlaga');
REPLACE INTO city(region_id, name) values (598, 'Manilva');
REPLACE INTO city(region_id, name) values (598, 'Marbella');
REPLACE INTO city(region_id, name) values (598, 'Mijas');
REPLACE INTO city(region_id, name) values (598, 'Nerja');
REPLACE INTO city(region_id, name) values (598, 'Nueva andalucia');
REPLACE INTO city(region_id, name) values (598, 'Rincn de la Victoria');
REPLACE INTO city(region_id, name) values (598, 'Riogordo');
REPLACE INTO city(region_id, name) values (598, 'San pedro de alcantara');
REPLACE INTO city(region_id, name) values (598, 'Torre del mar');
REPLACE INTO city(region_id, name) values (598, 'Torremolinos');
REPLACE INTO city(region_id, name) values (598, 'Vlez-Mlaga');
REPLACE INTO city(region_id, name) values (649, 'Frasso Sabino');
REPLACE INTO city(region_id, name) values (649, 'Rieti');
REPLACE INTO city(region_id, name) values (786, 'Adoi');
REPLACE INTO city(region_id, name) values (786, 'Jangsib');
REPLACE INTO city(region_id, name) values (786, 'Qinghaihu');
REPLACE INTO city(region_id, name) values (839, 'Alto del Villaln');
REPLACE INTO city(region_id, name) values (839, 'Amelia');
REPLACE INTO city(region_id, name) values (839, 'Campana');
REPLACE INTO city(region_id, name) values (839, 'Colonia Nmero 7');
REPLACE INTO city(region_id, name) values (839, 'Cristo');
REPLACE INTO city(region_id, name) values (839, 'Dulce Nombre');
REPLACE INTO city(region_id, name) values (839, 'Guaninao');
REPLACE INTO city(region_id, name) values (839, 'Quintero');
REPLACE INTO city(region_id, name) values (839, 'Santiago de Cuba');
REPLACE INTO city(region_id, name) values (859, 'Ruggell');
REPLACE INTO city(region_id, name) values (864, 'Assel');
REPLACE INTO city(region_id, name) values (864, 'Berg-sur-Syre');
REPLACE INTO city(region_id, name) values (864, 'Lenningen');
REPLACE INTO city(region_id, name) values (864, 'Remich');
REPLACE INTO city(region_id, name) values (864, 'Wormeldange');
REPLACE INTO city(region_id, name) values (867, 'Порт-Луи');
REPLACE INTO region(id, country_id, name) values (868, 110, 'Мавритания');
REPLACE INTO city(region_id, name) values (599, 'Melilla');
REPLACE INTO city(region_id, name) values (650, 'Affile');
REPLACE INTO city(region_id, name) values (650, 'Allumiere');
REPLACE INTO city(region_id, name) values (650, 'Anzio');
REPLACE INTO city(region_id, name) values (650, 'Ardea');
REPLACE INTO city(region_id, name) values (650, 'Ariccia');
REPLACE INTO city(region_id, name) values (650, 'Arsoli');
REPLACE INTO city(region_id, name) values (650, 'Bracciano');
REPLACE INTO city(region_id, name) values (650, 'Casape');
REPLACE INTO city(region_id, name) values (650, 'Castel Gandolfo');
REPLACE INTO city(region_id, name) values (650, 'Castel San Pietro Romano');
REPLACE INTO city(region_id, name) values (650, 'Cervara di Roma');
REPLACE INTO city(region_id, name) values (650, 'Ciampino');
REPLACE INTO city(region_id, name) values (650, 'Cineto Romano');
REPLACE INTO city(region_id, name) values (650, 'Civitavecchia');
REPLACE INTO city(region_id, name) values (650, 'Colleferro');
REPLACE INTO city(region_id, name) values (650, 'Colonna');
REPLACE INTO city(region_id, name) values (650, 'Fiumicino');
REPLACE INTO city(region_id, name) values (650, 'Gallicano nel Lazio');
REPLACE INTO city(region_id, name) values (650, 'Genzano di Roma');
REPLACE INTO city(region_id, name) values (650, 'Grottaferrata');
REPLACE INTO city(region_id, name) values (650, 'Licenza');
REPLACE INTO city(region_id, name) values (650, 'Marino');
REPLACE INTO city(region_id, name) values (650, 'Monte Porzio Catone');
REPLACE INTO city(region_id, name) values (650, 'Poli');
REPLACE INTO city(region_id, name) values (650, 'Pomezia');
REPLACE INTO city(region_id, name) values (650, 'Ponzano Romano');
REPLACE INTO city(region_id, name) values (650, 'Roma');
REPLACE INTO city(region_id, name) values (650, 'Roviano');
REPLACE INTO city(region_id, name) values (650, 'Santa Marinella');
REPLACE INTO city(region_id, name) values (650, 'Tivoli');
REPLACE INTO city(region_id, name) values (650, 'Velletri');
REPLACE INTO city(region_id, name) values (650, 'Zagarolo');
REPLACE INTO city(region_id, name) values (787, 'Andin');
REPLACE INTO city(region_id, name) values (787, 'Xian');
REPLACE INTO city(region_id, name) values (787, 'Xian Shi');
REPLACE INTO city(region_id, name) values (840, 'Aguada de Carillo');
REPLACE INTO city(region_id, name) values (840, 'Anita');
REPLACE INTO city(region_id, name) values (840, 'Antonia Rosa');
REPLACE INTO city(region_id, name) values (840, 'Buena Vista');
REPLACE INTO city(region_id, name) values (840, 'Calabazar de Sagua');
REPLACE INTO city(region_id, name) values (840, 'La Fortuna');
REPLACE INTO city(region_id, name) values (840, 'Santa Clara');
REPLACE INTO city(region_id, name) values (860, 'Schellenberg');
REPLACE INTO city(region_id, name) values (865, 'Airsain');
REPLACE INTO city(region_id, name) values (865, 'Angelsberg');
REPLACE INTO city(region_id, name) values (865, 'Ansembourg');
REPLACE INTO city(region_id, name) values (865, 'Beggen');
REPLACE INTO city(region_id, name) values (865, 'Belval');
REPLACE INTO city(region_id, name) values (865, 'Breldange');
REPLACE INTO city(region_id, name) values (865, 'Berg');
REPLACE INTO city(region_id, name) values (865, 'Bertrange');
REPLACE INTO city(region_id, name) values (865, 'Bettembourg');
REPLACE INTO city(region_id, name) values (865, 'Bihl');
REPLACE INTO city(region_id, name) values (865, 'Bivange');
REPLACE INTO city(region_id, name) values (865, 'Dudelange');
REPLACE INTO city(region_id, name) values (865, 'Esch');
REPLACE INTO city(region_id, name) values (865, 'Gaichel');
REPLACE INTO city(region_id, name) values (865, 'Gras');
REPLACE INTO city(region_id, name) values (865, 'Italie');
REPLACE INTO city(region_id, name) values (865, 'Lampertsberg');
REPLACE INTO city(region_id, name) values (865, 'Limpertsberg');
REPLACE INTO city(region_id, name) values (865, 'Luxembourg');
REPLACE INTO city(region_id, name) values (865, 'Luxemburg');
REPLACE INTO city(region_id, name) values (865, 'Mersch');
REPLACE INTO city(region_id, name) values (865, 'Neudorf');
REPLACE INTO city(region_id, name) values (865, 'Schifflange');
REPLACE INTO city(region_id, name) values (865, 'Schouweiler');
REPLACE INTO city(region_id, name) values (865, 'Walferdange');
REPLACE INTO city(region_id, name) values (868, 'Нуакшот');
REPLACE INTO region(id, country_id, name) values (869, 111, 'Мадагаскар');
REPLACE INTO city(region_id, name) values (600, 'Abarn');
REPLACE INTO city(region_id, name) values (600, 'guilas');
REPLACE INTO city(region_id, name) values (600, 'Alberca la');
REPLACE INTO city(region_id, name) values (600, 'Alcantarilla');
REPLACE INTO city(region_id, name) values (600, 'Aledo');
REPLACE INTO city(region_id, name) values (600, 'Archena');
REPLACE INTO city(region_id, name) values (600, 'Beniel');
REPLACE INTO city(region_id, name) values (600, 'Cabo de palos');
REPLACE INTO city(region_id, name) values (600, 'Caravaca de la Cruz');
REPLACE INTO city(region_id, name) values (600, 'Cartagena');
REPLACE INTO city(region_id, name) values (600, 'Cehegn');
REPLACE INTO city(region_id, name) values (600, 'Cieza');
REPLACE INTO city(region_id, name) values (600, 'El Palmar');
REPLACE INTO city(region_id, name) values (600, 'Esparragal');
REPLACE INTO city(region_id, name) values (600, 'Espinardo');
REPLACE INTO city(region_id, name) values (600, 'Lorca');
REPLACE INTO city(region_id, name) values (600, 'Lorqu');
REPLACE INTO city(region_id, name) values (600, 'Los Alczares');
REPLACE INTO city(region_id, name) values (600, 'Molina de Segura');
REPLACE INTO city(region_id, name) values (600, 'Mula');
REPLACE INTO city(region_id, name) values (600, 'Murcia');
REPLACE INTO city(region_id, name) values (600, 'Puerto de mazarron');
REPLACE INTO city(region_id, name) values (600, 'San Pedro del Pinatar');
REPLACE INTO city(region_id, name) values (600, 'Santiago de la ribera');
REPLACE INTO city(region_id, name) values (600, 'Torreaguera');
REPLACE INTO city(region_id, name) values (600, 'Totana');
REPLACE INTO city(region_id, name) values (651, 'Acquapendente');
REPLACE INTO city(region_id, name) values (651, 'Bagnoregio');
REPLACE INTO city(region_id, name) values (651, 'Montefiascone');
REPLACE INTO city(region_id, name) values (651, 'Soriano nel Cimino');
REPLACE INTO city(region_id, name) values (651, 'Vetralla');
REPLACE INTO city(region_id, name) values (651, 'Viterbo');
REPLACE INTO city(region_id, name) values (788, 'Baijiadian');
REPLACE INTO city(region_id, name) values (788, 'Dongying');
REPLACE INTO city(region_id, name) values (788, 'Jiaoqiao');
REPLACE INTO city(region_id, name) values (788, 'Jinan');
REPLACE INTO city(region_id, name) values (788, 'Linyi');
REPLACE INTO city(region_id, name) values (788, 'Longkou');
REPLACE INTO city(region_id, name) values (788, 'Qiandao');
REPLACE INTO city(region_id, name) values (788, 'Qingdao');
REPLACE INTO city(region_id, name) values (788, 'Qingdao Shi');
REPLACE INTO city(region_id, name) values (788, 'Shidao');
REPLACE INTO city(region_id, name) values (788, 'Shouguang');
REPLACE INTO city(region_id, name) values (788, 'Taian');
REPLACE INTO city(region_id, name) values (788, 'Weifang');
REPLACE INTO city(region_id, name) values (788, 'Weihai');
REPLACE INTO city(region_id, name) values (788, 'Yantai');
REPLACE INTO city(region_id, name) values (788, 'Zibo');
REPLACE INTO city(region_id, name) values (861, 'Triesen');
REPLACE INTO city(region_id, name) values (866, 'Acirie');
REPLACE INTO city(region_id, name) values (866, 'Berg');
REPLACE INTO city(region_id, name) values (866, 'Birel');
REPLACE INTO city(region_id, name) values (866, 'Bischenrech');
REPLACE INTO city(region_id, name) values (869, 'Антананариву');
REPLACE INTO city(region_id, name) values (869, 'Анцеранана');
REPLACE INTO city(region_id, name) values (869, 'Анцирабе');
REPLACE INTO city(region_id, name) values (869, 'Манакара');
REPLACE INTO city(region_id, name) values (869, 'Туамасина');
REPLACE INTO city(region_id, name) values (869, 'Фианаранцура');
REPLACE INTO region(id, country_id, name) values (870, 112, 'Aracinovo');
REPLACE INTO region(id, country_id, name) values (871, 112, 'Berovo');
REPLACE INTO region(id, country_id, name) values (872, 112, 'Bitola');
REPLACE INTO region(id, country_id, name) values (873, 112, 'Bosilovo');
REPLACE INTO region(id, country_id, name) values (874, 112, 'Dolna Banjica');
REPLACE INTO region(id, country_id, name) values (875, 112, 'Drugovo');
REPLACE INTO region(id, country_id, name) values (876, 112, 'Gevgelija');
REPLACE INTO region(id, country_id, name) values (877, 112, 'Gostivar');
REPLACE INTO region(id, country_id, name) values (878, 112, 'Karpos');
REPLACE INTO region(id, country_id, name) values (879, 112, 'Kavadarci');
REPLACE INTO region(id, country_id, name) values (880, 112, 'Kisela Voda');
REPLACE INTO region(id, country_id, name) values (881, 112, 'Kumanovo');
REPLACE INTO region(id, country_id, name) values (882, 112, 'Makedonska Kamenica');
REPLACE INTO region(id, country_id, name) values (883, 112, 'Negotino');
REPLACE INTO region(id, country_id, name) values (884, 112, 'Ohrid');
REPLACE INTO region(id, country_id, name) values (885, 112, 'Prilep');
REPLACE INTO region(id, country_id, name) values (886, 112, 'Radovis');
REPLACE INTO region(id, country_id, name) values (887, 112, 'Saraj');
REPLACE INTO region(id, country_id, name) values (888, 112, 'Star Dojran');
REPLACE INTO region(id, country_id, name) values (889, 112, 'Struga');
REPLACE INTO region(id, country_id, name) values (890, 112, 'Strumica');
REPLACE INTO region(id, country_id, name) values (891, 112, 'Sveti Nikole');
REPLACE INTO region(id, country_id, name) values (892, 112, 'Tetovo');
REPLACE INTO region(id, country_id, name) values (893, 112, 'Veles');
REPLACE INTO city(region_id, name) values (601, 'Ansoin');
REPLACE INTO city(region_id, name) values (601, 'Aurizberri espinal');
REPLACE INTO city(region_id, name) values (601, 'Baraain');
REPLACE INTO city(region_id, name) values (601, 'Buuel');
REPLACE INTO city(region_id, name) values (601, 'Burlada/Burlata');
REPLACE INTO city(region_id, name) values (601, 'Corella');
REPLACE INTO city(region_id, name) values (601, 'Elizondo');
REPLACE INTO city(region_id, name) values (601, 'Estella/Lizarra');
REPLACE INTO city(region_id, name) values (601, 'Goizueta');
REPLACE INTO city(region_id, name) values (601, 'Olite');
REPLACE INTO city(region_id, name) values (601, 'Pamplona/Irua');
REPLACE INTO city(region_id, name) values (601, 'Ribaforada');
REPLACE INTO city(region_id, name) values (601, 'San Adrin');
REPLACE INTO city(region_id, name) values (601, 'Tafalla');
REPLACE INTO city(region_id, name) values (601, 'Tudela');
REPLACE INTO city(region_id, name) values (652, 'Arenzano');
REPLACE INTO city(region_id, name) values (652, 'Casella');
REPLACE INTO city(region_id, name) values (652, 'Chiavari');
REPLACE INTO city(region_id, name) values (652, 'Genova');
REPLACE INTO city(region_id, name) values (652, 'Portofino');
REPLACE INTO city(region_id, name) values (652, 'Rapallo');
REPLACE INTO city(region_id, name) values (652, 'Santa Margherita Ligure');
REPLACE INTO city(region_id, name) values (652, 'Sori');
REPLACE INTO city(region_id, name) values (789, 'Anchuang');
REPLACE INTO city(region_id, name) values (789, 'Changchai');
REPLACE INTO city(region_id, name) values (789, 'Hexingzhen');
REPLACE INTO city(region_id, name) values (789, 'Pudong');
REPLACE INTO city(region_id, name) values (789, 'Puto');
REPLACE INTO city(region_id, name) values (789, 'Putung');
REPLACE INTO city(region_id, name) values (789, 'Qianqiao');
REPLACE INTO city(region_id, name) values (789, 'Shanghai');
REPLACE INTO city(region_id, name) values (789, 'Shenjiazhen');
REPLACE INTO city(region_id, name) values (789, 'Songjiang');
REPLACE INTO city(region_id, name) values (789, 'Wusi');
REPLACE INTO city(region_id, name) values (789, 'Xuhui');
REPLACE INTO city(region_id, name) values (789, 'Zhuzhai');
REPLACE INTO city(region_id, name) values (862, 'Vaduz');
REPLACE INTO city(region_id, name) values (870, 'Aracinovo');
REPLACE INTO region(id, country_id, name) values (894, 113, 'Малави');
REPLACE INTO city(region_id, name) values (602, 'A Merca');
REPLACE INTO city(region_id, name) values (602, 'Nogueira');
REPLACE INTO city(region_id, name) values (602, 'Orense');
REPLACE INTO city(region_id, name) values (602, 'San amaro');
REPLACE INTO city(region_id, name) values (653, 'Bordighera');
REPLACE INTO city(region_id, name) values (653, 'Ceriana');
REPLACE INTO city(region_id, name) values (653, 'Diano Marina');
REPLACE INTO city(region_id, name) values (653, 'Imperia');
REPLACE INTO city(region_id, name) values (653, 'Pieve di Teco');
REPLACE INTO city(region_id, name) values (653, 'San Remo');
REPLACE INTO city(region_id, name) values (653, 'Vallecrosia');
REPLACE INTO city(region_id, name) values (653, 'Ventimiglia');
REPLACE INTO city(region_id, name) values (790, 'Ani');
REPLACE INTO city(region_id, name) values (790, 'Changhang');
REPLACE INTO city(region_id, name) values (790, 'Taiyangcun');
REPLACE INTO city(region_id, name) values (790, 'Taiyan');
REPLACE INTO city(region_id, name) values (790, 'Taiyuan');
REPLACE INTO city(region_id, name) values (790, 'Xiaan');
REPLACE INTO city(region_id, name) values (790, 'Xianren Xiang');
REPLACE INTO city(region_id, name) values (790, 'Xiyan');
REPLACE INTO city(region_id, name) values (871, 'Berovo');
REPLACE INTO city(region_id, name) values (894, 'Лилонгве');
REPLACE INTO region(id, country_id, name) values (895, 114, 'Малайзия');
REPLACE INTO city(region_id, name) values (603, 'Palencia');
REPLACE INTO city(region_id, name) values (603, 'Villamuriel de Cerrato');
REPLACE INTO city(region_id, name) values (654, 'Bolano');
REPLACE INTO city(region_id, name) values (654, 'La Spezia');
REPLACE INTO city(region_id, name) values (654, 'Sarzana');
REPLACE INTO city(region_id, name) values (791, 'Chengdu');
REPLACE INTO city(region_id, name) values (872, 'Bitola');
REPLACE INTO city(region_id, name) values (872, 'Manastir');
REPLACE INTO city(region_id, name) values (895, 'Куала-Лумпур');
REPLACE INTO region(id, country_id, name) values (896, 115, 'Мали');
REPLACE INTO city(region_id, name) values (604, 'Marn');
REPLACE INTO city(region_id, name) values (604, 'Ponteareas');
REPLACE INTO city(region_id, name) values (604, 'Pontevedra');
REPLACE INTO city(region_id, name) values (604, 'Vigo');
REPLACE INTO city(region_id, name) values (655, 'Alassio');
REPLACE INTO city(region_id, name) values (655, 'Albenga');
REPLACE INTO city(region_id, name) values (655, 'Cairo Montenotte');
REPLACE INTO city(region_id, name) values (655, 'Cengio');
REPLACE INTO city(region_id, name) values (655, 'Finale Ligure');
REPLACE INTO city(region_id, name) values (655, 'Loano');
REPLACE INTO city(region_id, name) values (655, 'Savona');
REPLACE INTO city(region_id, name) values (792, 'Balitai');
REPLACE INTO city(region_id, name) values (792, 'Tanggu');
REPLACE INTO city(region_id, name) values (792, 'Tangku');
REPLACE INTO city(region_id, name) values (792, 'Tianjin');
REPLACE INTO city(region_id, name) values (792, 'Tianjin Shi');
REPLACE INTO city(region_id, name) values (792, 'Tianjing');
REPLACE INTO city(region_id, name) values (792, 'Xianshuigu');
REPLACE INTO city(region_id, name) values (873, 'Bosilevo');
REPLACE INTO city(region_id, name) values (896, 'Бамако');
REPLACE INTO city(region_id, name) values (896, 'Гао');
REPLACE INTO city(region_id, name) values (896, 'Мопти');
REPLACE INTO region(id, country_id, name) values (897, 116, 'Мальдивские о-ва');
REPLACE INTO city(region_id, name) values (605, 'Morasverdes');
REPLACE INTO city(region_id, name) values (605, 'Salamanca');
REPLACE INTO city(region_id, name) values (605, 'Santa Marta de Tormes');
REPLACE INTO city(region_id, name) values (656, 'Albino');
REPLACE INTO city(region_id, name) values (656, 'Arcene');
REPLACE INTO city(region_id, name) values (656, 'Bergamo');
REPLACE INTO city(region_id, name) values (656, 'Calcinate');
REPLACE INTO city(region_id, name) values (656, 'Caravaggio');
REPLACE INTO city(region_id, name) values (656, 'Carona');
REPLACE INTO city(region_id, name) values (656, 'Chignolo d''''Isola');
REPLACE INTO city(region_id, name) values (656, 'Clusone');
REPLACE INTO city(region_id, name) values (656, 'Lovere');
REPLACE INTO city(region_id, name) values (656, 'Treviglio');
REPLACE INTO city(region_id, name) values (656, 'Villongo');
REPLACE INTO city(region_id, name) values (793, 'Abad');
REPLACE INTO city(region_id, name) values (793, 'Akto');
REPLACE INTO city(region_id, name) values (793, 'Aletai');
REPLACE INTO city(region_id, name) values (793, 'Altai');
REPLACE INTO city(region_id, name) values (793, 'Beishanyanchi');
REPLACE INTO city(region_id, name) values (793, 'Burqin');
REPLACE INTO city(region_id, name) values (793, 'Chantszi');
REPLACE INTO city(region_id, name) values (793, 'Hami');
REPLACE INTO city(region_id, name) values (793, 'Ining');
REPLACE INTO city(region_id, name) values (793, 'Kashgar');
REPLACE INTO city(region_id, name) values (793, 'Kashi Shi');
REPLACE INTO city(region_id, name) values (793, 'Kulja');
REPLACE INTO city(region_id, name) values (793, 'Knes');
REPLACE INTO city(region_id, name) values (793, 'Urumchi');
REPLACE INTO city(region_id, name) values (793, 'rmqi');
REPLACE INTO city(region_id, name) values (793, 'rmqi Shi');
REPLACE INTO city(region_id, name) values (793, 'Urumtschi');
REPLACE INTO city(region_id, name) values (793, 'Urumutsi');
REPLACE INTO city(region_id, name) values (793, 'Wulumuchi');
REPLACE INTO city(region_id, name) values (793, 'Wulumuchishih');
REPLACE INTO city(region_id, name) values (793, 'Wurumchih');
REPLACE INTO city(region_id, name) values (793, 'Xortang');
REPLACE INTO city(region_id, name) values (793, 'Yaiko');
REPLACE INTO city(region_id, name) values (793, 'Yining');
REPLACE INTO city(region_id, name) values (793, 'Yiwu');
REPLACE INTO city(region_id, name) values (793, 'Zhaosu');
REPLACE INTO city(region_id, name) values (874, 'Dolna Banjica');
REPLACE INTO city(region_id, name) values (897, 'Мале');
REPLACE INTO region(id, country_id, name) values (898, 117, 'Malta');
REPLACE INTO city(region_id, name) values (606, 'Adeje');
REPLACE INTO city(region_id, name) values (606, 'Arico el Nuevo');
REPLACE INTO city(region_id, name) values (606, 'Arona');
REPLACE INTO city(region_id, name) values (606, 'Buenavista del Norte');
REPLACE INTO city(region_id, name) values (606, 'Cabo Blanco');
REPLACE INTO city(region_id, name) values (606, 'Chio');
REPLACE INTO city(region_id, name) values (606, 'Cruz Santa');
REPLACE INTO city(region_id, name) values (606, 'El Mdano');
REPLACE INTO city(region_id, name) values (606, 'El Sauzal');
REPLACE INTO city(region_id, name) values (606, 'Frontera');
REPLACE INTO city(region_id, name) values (606, 'Granadilla de Abona');
REPLACE INTO city(region_id, name) values (606, 'Guaza');
REPLACE INTO city(region_id, name) values (606, 'Gua de Isora');
REPLACE INTO city(region_id, name) values (606, 'Icod de los Vinos');
REPLACE INTO city(region_id, name) values (606, 'La Caleta');
REPLACE INTO city(region_id, name) values (606, 'La Laguna');
REPLACE INTO city(region_id, name) values (606, 'Las Galletas');
REPLACE INTO city(region_id, name) values (606, 'Llanos los');
REPLACE INTO city(region_id, name) values (606, 'Los Cristianos');
REPLACE INTO city(region_id, name) values (606, 'Puerto de la Cruz');
REPLACE INTO city(region_id, name) values (606, 'San Isidro');
REPLACE INTO city(region_id, name) values (606, 'San juan');
REPLACE INTO city(region_id, name) values (606, 'San Juan de la Rambla');
REPLACE INTO city(region_id, name) values (606, 'Santa Cruz de la Palma');
REPLACE INTO city(region_id, name) values (606, 'Santa Cruz de Tenerife');
REPLACE INTO city(region_id, name) values (606, 'Santa maria del mar');
REPLACE INTO city(region_id, name) values (606, 'Urbanizacion playa de las amer');
REPLACE INTO city(region_id, name) values (657, 'Berlingo');
REPLACE INTO city(region_id, name) values (657, 'Brescia');
REPLACE INTO city(region_id, name) values (657, 'Darfo Boario Terme');
REPLACE INTO city(region_id, name) values (657, 'Desenzano del Garda');
REPLACE INTO city(region_id, name) values (657, 'Gargnano');
REPLACE INTO city(region_id, name) values (657, 'Gavardo');
REPLACE INTO city(region_id, name) values (657, 'Gussago');
REPLACE INTO city(region_id, name) values (657, 'Iseo');
REPLACE INTO city(region_id, name) values (657, 'Limone sul Garda');
REPLACE INTO city(region_id, name) values (657, 'Lonato');
REPLACE INTO city(region_id, name) values (657, 'Lumezzane');
REPLACE INTO city(region_id, name) values (657, 'Manerbio');
REPLACE INTO city(region_id, name) values (657, 'Moniga del Garda');
REPLACE INTO city(region_id, name) values (657, 'Montichiari');
REPLACE INTO city(region_id, name) values (657, 'Orzinuovi');
REPLACE INTO city(region_id, name) values (657, 'Orzivecchi');
REPLACE INTO city(region_id, name) values (657, 'Padenghe sul Garda');
REPLACE INTO city(region_id, name) values (657, 'Palazzolo sull''''Oglio');
REPLACE INTO city(region_id, name) values (657, 'Piancogno');
REPLACE INTO city(region_id, name) values (657, 'Ro Volciano');
REPLACE INTO city(region_id, name) values (657, 'Rovato');
REPLACE INTO city(region_id, name) values (657, 'Sal');
REPLACE INTO city(region_id, name) values (657, 'Sarezzo');
REPLACE INTO city(region_id, name) values (657, 'Sirmione');
REPLACE INTO city(region_id, name) values (657, 'Toscolano-Maderno');
REPLACE INTO city(region_id, name) values (794, 'Kunming');
REPLACE INTO city(region_id, name) values (794, 'Yiwu');
REPLACE INTO city(region_id, name) values (875, 'Drugovo');
REPLACE INTO city(region_id, name) values (898, '''''Emieri');
REPLACE INTO city(region_id, name) values (898, '¦''''Attard');
REPLACE INTO city(region_id, name) values (898, '¦al Balzan');
REPLACE INTO city(region_id, name) values (898, 'B''''Kara');
REPLACE INTO city(region_id, name) values (898, 'Balzan');
REPLACE INTO city(region_id, name) values (898, 'Bighi');
REPLACE INTO city(region_id, name) values (898, 'Birzebbuga');
REPLACE INTO city(region_id, name) values (898, 'Biskra');
REPLACE INTO city(region_id, name) values (898, 'Bugibba');
REPLACE INTO city(region_id, name) values (898, 'Casal Paolo');
REPLACE INTO city(region_id, name) values (898, 'Cospicua');
REPLACE INTO city(region_id, name) values (898, 'Delimara');
REPLACE INTO city(region_id, name) values (898, 'Gzira');
REPLACE INTO city(region_id, name) values (898, 'Hal Baijada');
REPLACE INTO city(region_id, name) values (898, 'Il-Hamrun');
REPLACE INTO city(region_id, name) values (898, 'Is-Swieqi');
REPLACE INTO city(region_id, name) values (898, 'Isla');
REPLACE INTO city(region_id, name) values (898, 'La Valette');
REPLACE INTO city(region_id, name) values (898, 'Madliena');
REPLACE INTO city(region_id, name) values (898, 'Marsa');
REPLACE INTO city(region_id, name) values (898, 'Marsalforn');
REPLACE INTO city(region_id, name) values (898, 'Marsaskala');
REPLACE INTO city(region_id, name) values (898, 'Marsaxlokk');
REPLACE INTO city(region_id, name) values (898, 'Melita');
REPLACE INTO city(region_id, name) values (898, 'Mellie§a');
REPLACE INTO city(region_id, name) values (898, 'Mosta');
REPLACE INTO city(region_id, name) values (898, 'Msida');
REPLACE INTO city(region_id, name) values (898, 'Paola');
REPLACE INTO city(region_id, name) values (898, 'Piet');
REPLACE INTO city(region_id, name) values (898, 'Qormi');
REPLACE INTO city(region_id, name) values (898, 'Saint Julian');
REPLACE INTO city(region_id, name) values (898, 'Saint Julian''''s');
REPLACE INTO city(region_id, name) values (898, 'Saint Paul''''s Bay');
REPLACE INTO city(region_id, name) values (898, 'San Giljan');
REPLACE INTO city(region_id, name) values (898, 'San Gwann');
REPLACE INTO city(region_id, name) values (898, 'Santa Lucia');
REPLACE INTO city(region_id, name) values (898, 'Sliema');
REPLACE INTO city(region_id, name) values (898, 'Valetta');
REPLACE INTO city(region_id, name) values (898, 'Valletta');
REPLACE INTO city(region_id, name) values (898, 'Victoria');
REPLACE INTO region(id, country_id, name) values (899, 118, 'Фор-де-Франс');
REPLACE INTO city(region_id, name) values (607, 'San rafael');
REPLACE INTO city(region_id, name) values (607, 'Segovia');
REPLACE INTO city(region_id, name) values (607, 'Sepulveda');
REPLACE INTO city(region_id, name) values (658, 'Casnate con Bernate');
REPLACE INTO city(region_id, name) values (658, 'Como');
REPLACE INTO city(region_id, name) values (658, 'Consiglio di Rumo');
REPLACE INTO city(region_id, name) values (658, 'Lomazzo');
REPLACE INTO city(region_id, name) values (658, 'Magreglio');
REPLACE INTO city(region_id, name) values (658, 'Nesso');
REPLACE INTO city(region_id, name) values (795, 'Daitou');
REPLACE INTO city(region_id, name) values (795, 'Daniwan');
REPLACE INTO city(region_id, name) values (795, 'Hangzhou');
REPLACE INTO city(region_id, name) values (795, 'Jinhua');
REPLACE INTO city(region_id, name) values (795, 'Lanxi');
REPLACE INTO city(region_id, name) values (795, 'Ningbo');
REPLACE INTO city(region_id, name) values (795, 'Ningpo');
REPLACE INTO city(region_id, name) values (795, 'Shangyu');
REPLACE INTO city(region_id, name) values (795, 'Shaoxing');
REPLACE INTO city(region_id, name) values (795, 'Shenze');
REPLACE INTO city(region_id, name) values (795, 'Shenzhen');
REPLACE INTO city(region_id, name) values (795, 'Wenzhou');
REPLACE INTO city(region_id, name) values (795, 'Xiangshan');
REPLACE INTO city(region_id, name) values (795, 'Yiwu');
REPLACE INTO city(region_id, name) values (795, 'Yongkang');
REPLACE INTO city(region_id, name) values (795, 'Zhoushan');
REPLACE INTO city(region_id, name) values (876, 'Gevegeli');
REPLACE INTO city(region_id, name) values (876, 'Gevgelia');
REPLACE INTO city(region_id, name) values (899, 'Фор-де-Франс');
REPLACE INTO region(id, country_id, name) values (900, 119, 'Aguascalientes');
REPLACE INTO region(id, country_id, name) values (901, 119, 'Baja California');
REPLACE INTO region(id, country_id, name) values (902, 119, 'Baja California Sur');
REPLACE INTO region(id, country_id, name) values (903, 119, 'Campeche');
REPLACE INTO region(id, country_id, name) values (904, 119, 'Chiapas');
REPLACE INTO region(id, country_id, name) values (905, 119, 'Chihuahua');
REPLACE INTO region(id, country_id, name) values (906, 119, 'Coahuila de Zaragoza');
REPLACE INTO region(id, country_id, name) values (907, 119, 'Colima');
REPLACE INTO region(id, country_id, name) values (908, 119, 'Distrito Federal');
REPLACE INTO region(id, country_id, name) values (909, 119, 'Durango');
REPLACE INTO region(id, country_id, name) values (910, 119, 'Guanajuato');
REPLACE INTO region(id, country_id, name) values (911, 119, 'Guerrero');
REPLACE INTO region(id, country_id, name) values (912, 119, 'Hidalgo');
REPLACE INTO region(id, country_id, name) values (913, 119, 'Jalisco');
REPLACE INTO region(id, country_id, name) values (914, 119, 'Mxico');
REPLACE INTO region(id, country_id, name) values (915, 119, 'Michoacn de Ocampo');
REPLACE INTO region(id, country_id, name) values (916, 119, 'Morelos');
REPLACE INTO region(id, country_id, name) values (917, 119, 'Nayarit');
REPLACE INTO region(id, country_id, name) values (918, 119, 'None');
REPLACE INTO region(id, country_id, name) values (919, 119, 'Nuevo Len');
REPLACE INTO region(id, country_id, name) values (920, 119, 'Oaxaca');
REPLACE INTO region(id, country_id, name) values (921, 119, 'Puebla');
REPLACE INTO region(id, country_id, name) values (922, 119, 'Quertaro de Arteaga');
REPLACE INTO region(id, country_id, name) values (923, 119, 'Quintana Roo');
REPLACE INTO region(id, country_id, name) values (924, 119, 'San Luis Potos');
REPLACE INTO region(id, country_id, name) values (925, 119, 'Sinaloa');
REPLACE INTO region(id, country_id, name) values (926, 119, 'Sonora');
REPLACE INTO region(id, country_id, name) values (927, 119, 'Tabasco');
REPLACE INTO region(id, country_id, name) values (928, 119, 'Tamaulipas');
REPLACE INTO region(id, country_id, name) values (929, 119, 'Tlaxcala');
REPLACE INTO region(id, country_id, name) values (930, 119, 'Veracruz-Llave');
REPLACE INTO region(id, country_id, name) values (931, 119, 'Yucatn');
REPLACE INTO city(region_id, name) values (608, 'Alcal de Guadara');
REPLACE INTO city(region_id, name) values (608, 'Bellavista');
REPLACE INTO city(region_id, name) values (608, 'Brenes');
REPLACE INTO city(region_id, name) values (608, 'Castilleja de la Cuesta');
REPLACE INTO city(region_id, name) values (608, 'Dos Hermanas');
REPLACE INTO city(region_id, name) values (608, 'Marchena');
REPLACE INTO city(region_id, name) values (608, 'Palmar de troya');
REPLACE INTO city(region_id, name) values (608, 'Peroamigo');
REPLACE INTO city(region_id, name) values (608, 'Sevilla');
REPLACE INTO city(region_id, name) values (659, 'Casalmaggiore');
REPLACE INTO city(region_id, name) values (659, 'Crema');
REPLACE INTO city(region_id, name) values (659, 'Cremona');
REPLACE INTO city(region_id, name) values (877, 'Gostivar');
REPLACE INTO city(region_id, name) values (900, 'Adolfo Lpez Mateos');
REPLACE INTO city(region_id, name) values (900, 'Aguascalientes');
REPLACE INTO region(id, country_id, name) values (932, 120, 'Мозамбик');
REPLACE INTO city(region_id, name) values (609, 'Soria');
REPLACE INTO city(region_id, name) values (660, 'Calolziocorte');
REPLACE INTO city(region_id, name) values (660, 'Lecco');
REPLACE INTO city(region_id, name) values (660, 'Valmadrera');
REPLACE INTO city(region_id, name) values (878, 'Karpos');
REPLACE INTO city(region_id, name) values (878, 'Karpos Dva');
REPLACE INTO city(region_id, name) values (901, 'Acapulco');
REPLACE INTO city(region_id, name) values (901, 'Ensenada');
REPLACE INTO city(region_id, name) values (901, 'Mexicali');
REPLACE INTO city(region_id, name) values (901, 'Tijuana');
REPLACE INTO city(region_id, name) values (932, 'Бейра');
REPLACE INTO city(region_id, name) values (932, 'Мапуто');
REPLACE INTO city(region_id, name) values (932, 'Нампула');
REPLACE INTO city(region_id, name) values (932, 'Пемба');
REPLACE INTO region(id, country_id, name) values (933, 121, 'Молдова');
REPLACE INTO city(region_id, name) values (610, 'Alcanar');
REPLACE INTO city(region_id, name) values (610, 'Amposta');
REPLACE INTO city(region_id, name) values (610, 'Calafell');
REPLACE INTO city(region_id, name) values (610, 'Cambrils');
REPLACE INTO city(region_id, name) values (610, 'El Perell');
REPLACE INTO city(region_id, name) values (610, 'El Vendrell');
REPLACE INTO city(region_id, name) values (610, 'Jesus i maria');
REPLACE INTO city(region_id, name) values (610, 'L''''Aldea');
REPLACE INTO city(region_id, name) values (610, 'L''''Ametlla de Mar');
REPLACE INTO city(region_id, name) values (610, 'L''''Ampolla');
REPLACE INTO city(region_id, name) values (610, 'Les Cases d''''Alcanar');
REPLACE INTO city(region_id, name) values (610, 'Montblanc');
REPLACE INTO city(region_id, name) values (610, 'Pobla de montornes la');
REPLACE INTO city(region_id, name) values (610, 'Reus');
REPLACE INTO city(region_id, name) values (610, 'Riba-roja d''''Ebre');
REPLACE INTO city(region_id, name) values (610, 'Roquetes');
REPLACE INTO city(region_id, name) values (610, 'Salou');
REPLACE INTO city(region_id, name) values (610, 'Sant Carles de la Rpita');
REPLACE INTO city(region_id, name) values (610, 'Tarragona');
REPLACE INTO city(region_id, name) values (610, 'Tivissa');
REPLACE INTO city(region_id, name) values (610, 'Torredembarra');
REPLACE INTO city(region_id, name) values (610, 'Torreforta');
REPLACE INTO city(region_id, name) values (610, 'Tortosa');
REPLACE INTO city(region_id, name) values (610, 'Ulldecona');
REPLACE INTO city(region_id, name) values (610, 'Valls');
REPLACE INTO city(region_id, name) values (610, 'Vilaseca');
REPLACE INTO city(region_id, name) values (661, 'Castiraga Vidardo');
REPLACE INTO city(region_id, name) values (661, 'Graffignana');
REPLACE INTO city(region_id, name) values (661, 'Lodi');
REPLACE INTO city(region_id, name) values (879, 'Kavadarci');
REPLACE INTO city(region_id, name) values (902, 'La Paz');
REPLACE INTO city(region_id, name) values (902, 'Loreto');
REPLACE INTO city(region_id, name) values (933, 'Атаки');
REPLACE INTO city(region_id, name) values (933, 'Бельцы');
REPLACE INTO city(region_id, name) values (933, 'Бендеры');
REPLACE INTO city(region_id, name) values (933, 'Бессарабка');
REPLACE INTO city(region_id, name) values (933, 'Бируинца');
REPLACE INTO city(region_id, name) values (933, 'Бричаны');
REPLACE INTO city(region_id, name) values (933, 'Быковец');
REPLACE INTO city(region_id, name) values (933, 'Вадул-луй-Водэ');
REPLACE INTO city(region_id, name) values (933, 'Ватра');
REPLACE INTO city(region_id, name) values (933, 'Вишневка');
REPLACE INTO city(region_id, name) values (933, 'Вулканешты');
REPLACE INTO city(region_id, name) values (933, 'Глодяны');
REPLACE INTO city(region_id, name) values (933, 'Григориополь');
REPLACE INTO city(region_id, name) values (933, 'Днестровск');
REPLACE INTO city(region_id, name) values (933, 'Дондюшаны');
REPLACE INTO city(region_id, name) values (933, 'Дрокия');
REPLACE INTO city(region_id, name) values (933, 'Дубоссары');
REPLACE INTO city(region_id, name) values (933, 'Дурлешты');
REPLACE INTO city(region_id, name) values (933, 'Единцы');
REPLACE INTO city(region_id, name) values (933, 'Кагул');
REPLACE INTO city(region_id, name) values (933, 'Каинары');
REPLACE INTO city(region_id, name) values (933, 'Калараш');
REPLACE INTO city(region_id, name) values (933, 'Каменка');
REPLACE INTO city(region_id, name) values (933, 'Кантемир');
REPLACE INTO city(region_id, name) values (933, 'Каушаны');
REPLACE INTO city(region_id, name) values (933, 'Кишинев');
REPLACE INTO city(region_id, name) values (933, 'Кодру');
REPLACE INTO city(region_id, name) values (933, 'Комрат');
REPLACE INTO city(region_id, name) values (933, 'Корнешты');
REPLACE INTO city(region_id, name) values (933, 'Костешты');
REPLACE INTO city(region_id, name) values (933, 'Красное');
REPLACE INTO city(region_id, name) values (933, 'Криково');
REPLACE INTO city(region_id, name) values (933, 'Криуляны');
REPLACE INTO city(region_id, name) values (933, 'Купчинь');
REPLACE INTO city(region_id, name) values (933, 'Леово');
REPLACE INTO city(region_id, name) values (933, 'Липканы');
REPLACE INTO city(region_id, name) values (933, 'Маяк');
REPLACE INTO city(region_id, name) values (933, 'Ниспорены');
REPLACE INTO city(region_id, name) values (933, 'Новые Анены');
REPLACE INTO city(region_id, name) values (933, 'Окница');
REPLACE INTO city(region_id, name) values (933, 'Оргеев');
REPLACE INTO city(region_id, name) values (933, 'Резина');
REPLACE INTO city(region_id, name) values (933, 'Рыбница');
REPLACE INTO city(region_id, name) values (933, 'Рышканы');
REPLACE INTO city(region_id, name) values (933, 'Слободзея');
REPLACE INTO city(region_id, name) values (933, 'Сороки');
REPLACE INTO city(region_id, name) values (933, 'Страшены');
REPLACE INTO city(region_id, name) values (933, 'Сынжера');
REPLACE INTO city(region_id, name) values (933, 'Тараклия');
REPLACE INTO city(region_id, name) values (933, 'Теленешты');
REPLACE INTO city(region_id, name) values (933, 'Тирасполь');
REPLACE INTO city(region_id, name) values (933, 'Унгены');
REPLACE INTO city(region_id, name) values (933, 'Фалешты');
REPLACE INTO city(region_id, name) values (933, 'Флорешты');
REPLACE INTO city(region_id, name) values (933, 'Хынчешты');
REPLACE INTO city(region_id, name) values (933, 'Чадыр-Лунга');
REPLACE INTO city(region_id, name) values (933, 'Чимишлия');
REPLACE INTO city(region_id, name) values (933, 'Шолданешты');
REPLACE INTO city(region_id, name) values (933, 'Штефан-Водэ');
REPLACE INTO city(region_id, name) values (933, 'Яловены');
REPLACE INTO city(region_id, name) values (933, 'Яргара');
REPLACE INTO region(id, country_id, name) values (934, 122, 'Monaco');
REPLACE INTO city(region_id, name) values (611, 'Alba');
REPLACE INTO city(region_id, name) values (611, 'Alcaiz');
REPLACE INTO city(region_id, name) values (611, 'Teruel');
REPLACE INTO city(region_id, name) values (662, 'Asola');
REPLACE INTO city(region_id, name) values (662, 'Borgoforte');
REPLACE INTO city(region_id, name) values (662, 'Canneto sull''''Oglio');
REPLACE INTO city(region_id, name) values (662, 'Castiglione delle Stiviere');
REPLACE INTO city(region_id, name) values (662, 'Goito');
REPLACE INTO city(region_id, name) values (662, 'Mantova');
REPLACE INTO city(region_id, name) values (662, 'Marmirolo');
REPLACE INTO city(region_id, name) values (662, 'Poggio Rusco');
REPLACE INTO city(region_id, name) values (662, 'Quistello');
REPLACE INTO city(region_id, name) values (880, 'Kisela Voda');
REPLACE INTO city(region_id, name) values (903, 'Campeche');
REPLACE INTO city(region_id, name) values (903, 'Carmen');
REPLACE INTO city(region_id, name) values (903, 'Escrcega');
REPLACE INTO city(region_id, name) values (934, 'Condamine');
REPLACE INTO city(region_id, name) values (934, 'Fontvieille');
REPLACE INTO city(region_id, name) values (934, 'La Condamine');
REPLACE INTO city(region_id, name) values (934, 'Monaco');
REPLACE INTO city(region_id, name) values (934, 'Monaco-Ville');
REPLACE INTO city(region_id, name) values (934, 'Moneghetti');
REPLACE INTO city(region_id, name) values (934, 'Monte-Carlo');
REPLACE INTO region(id, country_id, name) values (935, 123, 'Улан-Батор');
REPLACE INTO city(region_id, name) values (612, 'Alcaudete de la jara');
REPLACE INTO city(region_id, name) values (612, 'Chozas de canales');
REPLACE INTO city(region_id, name) values (612, 'Cobeja');
REPLACE INTO city(region_id, name) values (612, 'Tembleque');
REPLACE INTO city(region_id, name) values (612, 'Toledo');
REPLACE INTO city(region_id, name) values (612, 'Urda');
REPLACE INTO city(region_id, name) values (663, 'Arcore');
REPLACE INTO city(region_id, name) values (663, 'Arese');
REPLACE INTO city(region_id, name) values (663, 'Assago');
REPLACE INTO city(region_id, name) values (663, 'Bareggio');
REPLACE INTO city(region_id, name) values (663, 'Biassono');
REPLACE INTO city(region_id, name) values (663, 'Bresso');
REPLACE INTO city(region_id, name) values (663, 'Briosco');
REPLACE INTO city(region_id, name) values (663, 'Cesano Maderno');
REPLACE INTO city(region_id, name) values (663, 'Cinisello Balsamo');
REPLACE INTO city(region_id, name) values (663, 'Cologno Monzese');
REPLACE INTO city(region_id, name) values (663, 'Corbetta');
REPLACE INTO city(region_id, name) values (663, 'Corsico');
REPLACE INTO city(region_id, name) values (663, 'Cusano Milanino');
REPLACE INTO city(region_id, name) values (663, 'Desio');
REPLACE INTO city(region_id, name) values (663, 'Lainate');
REPLACE INTO city(region_id, name) values (663, 'Legnano');
REPLACE INTO city(region_id, name) values (663, 'Lissone');
REPLACE INTO city(region_id, name) values (663, 'Locate di Triulzi');
REPLACE INTO city(region_id, name) values (663, 'Macherio');
REPLACE INTO city(region_id, name) values (663, 'Melzo');
REPLACE INTO city(region_id, name) values (663, 'Milano');
REPLACE INTO city(region_id, name) values (663, 'Monza');
REPLACE INTO city(region_id, name) values (663, 'Parabiago');
REPLACE INTO city(region_id, name) values (663, 'Paullo');
REPLACE INTO city(region_id, name) values (663, 'Pero');
REPLACE INTO city(region_id, name) values (663, 'Pessano con Bornago');
REPLACE INTO city(region_id, name) values (663, 'Pioltello');
REPLACE INTO city(region_id, name) values (663, 'Pregnana Milanese');
REPLACE INTO city(region_id, name) values (663, 'Rho');
REPLACE INTO city(region_id, name) values (663, 'San Donato Milanese');
REPLACE INTO city(region_id, name) values (663, 'San Giuliano Milanese');
REPLACE INTO city(region_id, name) values (663, 'Sesto San Giovanni');
REPLACE INTO city(region_id, name) values (663, 'Verano Brianza');
REPLACE INTO city(region_id, name) values (663, 'Vizzolo Predabissi');
REPLACE INTO city(region_id, name) values (881, 'Kumanovo');
REPLACE INTO city(region_id, name) values (904, 'Al Fin');
REPLACE INTO city(region_id, name) values (904, 'Comitan');
REPLACE INTO city(region_id, name) values (904, 'Comitn de Domnguez');
REPLACE INTO city(region_id, name) values (904, 'Jiquipilas');
REPLACE INTO city(region_id, name) values (904, 'Tuxtla Gutirrez');
REPLACE INTO city(region_id, name) values (935, 'Сайн-Шанд');
REPLACE INTO city(region_id, name) values (935, 'Улан-Батор');
REPLACE INTO city(region_id, name) values (935, 'Эрдэнэт');
REPLACE INTO region(id, country_id, name) values (936, 124, 'Марокко');
REPLACE INTO region(id, country_id, name) values (937, 124, 'Танжер');
REPLACE INTO city(region_id, name) values (613, 'Alaqus');
REPLACE INTO city(region_id, name) values (613, 'Albaida');
REPLACE INTO city(region_id, name) values (613, 'Alboraya');
REPLACE INTO city(region_id, name) values (613, 'Alcsser');
REPLACE INTO city(region_id, name) values (613, 'Algemes');
REPLACE INTO city(region_id, name) values (613, 'Alginet');
REPLACE INTO city(region_id, name) values (613, 'Alzira');
REPLACE INTO city(region_id, name) values (613, 'Anna');
REPLACE INTO city(region_id, name) values (613, 'Canals');
REPLACE INTO city(region_id, name) values (613, 'Casas del rio');
REPLACE INTO city(region_id, name) values (613, 'Catarroja');
REPLACE INTO city(region_id, name) values (613, 'Cullera');
REPLACE INTO city(region_id, name) values (613, 'Gandia');
REPLACE INTO city(region_id, name) values (613, 'Guardamar');
REPLACE INTO city(region_id, name) values (613, 'L''''Eliana');
REPLACE INTO city(region_id, name) values (613, 'Mislata');
REPLACE INTO city(region_id, name) values (613, 'Moncada');
REPLACE INTO city(region_id, name) values (613, 'Ontinyent');
REPLACE INTO city(region_id, name) values (613, 'Poliny de Xquer');
REPLACE INTO city(region_id, name) values (613, 'Puol');
REPLACE INTO city(region_id, name) values (613, 'Sagunto');
REPLACE INTO city(region_id, name) values (613, 'Sueca');
REPLACE INTO city(region_id, name) values (613, 'Tavernes de la Valldigna');
REPLACE INTO city(region_id, name) values (613, 'Torrebaja');
REPLACE INTO city(region_id, name) values (613, 'Torrent');
REPLACE INTO city(region_id, name) values (613, 'Valencia');
REPLACE INTO city(region_id, name) values (613, 'Xtiva');
REPLACE INTO city(region_id, name) values (664, 'Alagna');
REPLACE INTO city(region_id, name) values (664, 'Certosa di Pavia');
REPLACE INTO city(region_id, name) values (664, 'Dorno');
REPLACE INTO city(region_id, name) values (664, 'Garlasco');
REPLACE INTO city(region_id, name) values (664, 'Mortara');
REPLACE INTO city(region_id, name) values (664, 'Pavia');
REPLACE INTO city(region_id, name) values (664, 'Pietra de'''' Giorgi');
REPLACE INTO city(region_id, name) values (664, 'Portalbera');
REPLACE INTO city(region_id, name) values (664, 'San Martino Siccomario');
REPLACE INTO city(region_id, name) values (664, 'Trivolzio');
REPLACE INTO city(region_id, name) values (664, 'Voghera');
REPLACE INTO city(region_id, name) values (882, 'Makedonska Kamenica');
REPLACE INTO city(region_id, name) values (905, 'Chihuahua');
REPLACE INTO city(region_id, name) values (905, 'Delicias');
REPLACE INTO city(region_id, name) values (905, 'Jurez');
REPLACE INTO city(region_id, name) values (936, 'Морокко');
REPLACE INTO region(id, country_id, name) values (938, 125, 'Мьянма (Бирма)');
REPLACE INTO city(region_id, name) values (614, 'Laguna de Duero');
REPLACE INTO city(region_id, name) values (614, 'Medina del Campo');
REPLACE INTO city(region_id, name) values (614, 'Olmedo');
REPLACE INTO city(region_id, name) values (614, 'Santa eufemia del arroyo');
REPLACE INTO city(region_id, name) values (614, 'Valladolid');
REPLACE INTO city(region_id, name) values (614, 'Wamba');
REPLACE INTO city(region_id, name) values (665, 'Morbegno');
REPLACE INTO city(region_id, name) values (665, 'Sondrio');
REPLACE INTO city(region_id, name) values (883, 'Negotino');
REPLACE INTO city(region_id, name) values (906, 'Allende');
REPLACE INTO city(region_id, name) values (906, 'Monclova');
REPLACE INTO city(region_id, name) values (906, 'Saltillo');
REPLACE INTO city(region_id, name) values (906, 'Torren');
REPLACE INTO city(region_id, name) values (937, 'Танжер');
REPLACE INTO city(region_id, name) values (938, 'Мьичина');
REPLACE INTO city(region_id, name) values (938, 'Янгон');
REPLACE INTO region(id, country_id, name) values (939, 126, 'Остров Мэн');
REPLACE INTO city(region_id, name) values (615, 'Amorebieta-Etxano');
REPLACE INTO city(region_id, name) values (615, 'Arenas las');
REPLACE INTO city(region_id, name) values (615, 'Barakaldo');
REPLACE INTO city(region_id, name) values (615, 'Basauri');
REPLACE INTO city(region_id, name) values (615, 'Bilbao');
REPLACE INTO city(region_id, name) values (615, 'Durango');
REPLACE INTO city(region_id, name) values (615, 'Ermua');
REPLACE INTO city(region_id, name) values (615, 'Gernika-Lumo');
REPLACE INTO city(region_id, name) values (615, 'Markina-Xemein');
REPLACE INTO city(region_id, name) values (615, 'Portugalete');
REPLACE INTO city(region_id, name) values (615, 'Santurtzi');
REPLACE INTO city(region_id, name) values (615, 'Sopelana');
REPLACE INTO city(region_id, name) values (666, 'Brissago-Valtravaglia');
REPLACE INTO city(region_id, name) values (666, 'Brusimpiano');
REPLACE INTO city(region_id, name) values (666, 'Busto Arsizio');
REPLACE INTO city(region_id, name) values (666, 'Cislago');
REPLACE INTO city(region_id, name) values (666, 'Gallarate');
REPLACE INTO city(region_id, name) values (666, 'Lavena Ponte Tresa');
REPLACE INTO city(region_id, name) values (666, 'Saronno');
REPLACE INTO city(region_id, name) values (666, 'Varese');
REPLACE INTO city(region_id, name) values (666, 'Vedano Olona');
REPLACE INTO city(region_id, name) values (884, 'Ohrid');
REPLACE INTO city(region_id, name) values (907, 'Acatitn');
REPLACE INTO city(region_id, name) values (907, 'Amoles');
REPLACE INTO city(region_id, name) values (907, 'Armera');
REPLACE INTO city(region_id, name) values (907, 'Colima');
REPLACE INTO city(region_id, name) values (907, 'Manzanillo');
REPLACE INTO city(region_id, name) values (939, 'Дуглас');
REPLACE INTO city(region_id, name) values (939, 'Каслтаун');
REPLACE INTO city(region_id, name) values (939, 'Пил');
REPLACE INTO city(region_id, name) values (939, 'Порт-Сент-Мэри');
REPLACE INTO city(region_id, name) values (939, 'Порт-Эрин');
REPLACE INTO city(region_id, name) values (939, 'Рамси');
REPLACE INTO region(id, country_id, name) values (940, 127, 'Намибия');
REPLACE INTO city(region_id, name) values (616, 'Zamora');
REPLACE INTO city(region_id, name) values (667, 'Ancona');
REPLACE INTO city(region_id, name) values (667, 'Castelfidardo');
REPLACE INTO city(region_id, name) values (667, 'Fabriano');
REPLACE INTO city(region_id, name) values (667, 'Jesi');
REPLACE INTO city(region_id, name) values (667, 'Loreto');
REPLACE INTO city(region_id, name) values (667, 'Monte Roberto');
REPLACE INTO city(region_id, name) values (667, 'Monterado');
REPLACE INTO city(region_id, name) values (667, 'Osimo');
REPLACE INTO city(region_id, name) values (667, 'Ostra');
REPLACE INTO city(region_id, name) values (667, 'Senigallia');
REPLACE INTO city(region_id, name) values (885, 'Prilep');
REPLACE INTO city(region_id, name) values (908, 'Ajusco');
REPLACE INTO city(region_id, name) values (908, 'Alvaro Obregn');
REPLACE INTO city(region_id, name) values (908, 'Azcapotzalco');
REPLACE INTO city(region_id, name) values (908, 'Benito Juarez');
REPLACE INTO city(region_id, name) values (908, 'Cerro Prieto');
REPLACE INTO city(region_id, name) values (908, 'Ciudad de Mxico');
REPLACE INTO city(region_id, name) values (908, 'Colonia Ramos Milln');
REPLACE INTO city(region_id, name) values (908, 'Coyoacn');
REPLACE INTO city(region_id, name) values (908, 'Cuauhtmoc');
REPLACE INTO city(region_id, name) values (908, 'Iztapalapa');
REPLACE INTO city(region_id, name) values (908, 'Lomas de Chapultepec');
REPLACE INTO city(region_id, name) values (908, 'Mxico Distrito Federal');
REPLACE INTO city(region_id, name) values (908, 'Polanco');
REPLACE INTO city(region_id, name) values (908, 'San Andrs Totoltepec');
REPLACE INTO city(region_id, name) values (908, 'San Angel');
REPLACE INTO city(region_id, name) values (908, 'San Bartolo Atepehuacn');
REPLACE INTO city(region_id, name) values (908, 'San Pedro');
REPLACE INTO city(region_id, name) values (908, 'Tlalpan');
REPLACE INTO city(region_id, name) values (908, 'Zona Urbana');
REPLACE INTO city(region_id, name) values (940, 'Виндук');
REPLACE INTO city(region_id, name) values (940, 'Людериц');
REPLACE INTO city(region_id, name) values (940, 'Уолфиш-Бей');
REPLACE INTO region(id, country_id, name) values (941, 128, 'Науру');
REPLACE INTO city(region_id, name) values (617, 'Abanto');
REPLACE INTO city(region_id, name) values (617, 'Alagn');
REPLACE INTO city(region_id, name) values (617, 'Alera');
REPLACE INTO city(region_id, name) values (617, 'Alfamn');
REPLACE INTO city(region_id, name) values (617, 'Calatayud');
REPLACE INTO city(region_id, name) values (617, 'Ejea de los Caballeros');
REPLACE INTO city(region_id, name) values (617, 'El Burgo de Ebro');
REPLACE INTO city(region_id, name) values (617, 'Figueruelas');
REPLACE INTO city(region_id, name) values (617, 'Pedrola (1)');
REPLACE INTO city(region_id, name) values (617, 'San Mateo de Gllego');
REPLACE INTO city(region_id, name) values (617, 'Tarazona');
REPLACE INTO city(region_id, name) values (617, 'Zaragoza');
REPLACE INTO city(region_id, name) values (668, 'Ascoli Piceno');
REPLACE INTO city(region_id, name) values (668, 'Falerone');
REPLACE INTO city(region_id, name) values (668, 'Fermo');
REPLACE INTO city(region_id, name) values (668, 'Montappone');
REPLACE INTO city(region_id, name) values (668, 'Pedaso');
REPLACE INTO city(region_id, name) values (668, 'Porto San Giorgio');
REPLACE INTO city(region_id, name) values (668, 'Porto Sant''''Elpidio');
REPLACE INTO city(region_id, name) values (668, 'San Benedetto del Tronto');
REPLACE INTO city(region_id, name) values (668, 'Sant''''Elpidio a Mare');
REPLACE INTO city(region_id, name) values (886, 'Radovis');
REPLACE INTO city(region_id, name) values (909, 'Aedo');
REPLACE INTO city(region_id, name) values (909, 'Antonio');
REPLACE INTO city(region_id, name) values (909, 'Durango');
REPLACE INTO city(region_id, name) values (909, 'Gmez Palacio');
REPLACE INTO city(region_id, name) values (941, 'Баирики');
REPLACE INTO city(region_id, name) values (941, 'Маджуро');
REPLACE INTO city(region_id, name) values (941, 'Ярен');
REPLACE INTO region(id, country_id, name) values (942, 129, 'Непал');
REPLACE INTO city(region_id, name) values (669, 'Castelraimondo');
REPLACE INTO city(region_id, name) values (669, 'Civitanova Marche');
REPLACE INTO city(region_id, name) values (669, 'Macerata');
REPLACE INTO city(region_id, name) values (669, 'Montecosaro');
REPLACE INTO city(region_id, name) values (669, 'Petriolo');
REPLACE INTO city(region_id, name) values (669, 'San Severino Marche');
REPLACE INTO city(region_id, name) values (887, 'Saraj');
REPLACE INTO city(region_id, name) values (910, 'Abasolo');
REPLACE INTO city(region_id, name) values (910, 'Acatlan');
REPLACE INTO city(region_id, name) values (910, 'Charapuato');
REPLACE INTO city(region_id, name) values (910, 'Guanajuato');
REPLACE INTO city(region_id, name) values (910, 'Irapuato');
REPLACE INTO city(region_id, name) values (910, 'Len');
REPLACE INTO city(region_id, name) values (910, 'Len de los Aldamas');
REPLACE INTO city(region_id, name) values (910, 'Ocampo');
REPLACE INTO city(region_id, name) values (910, 'Salamanca');
REPLACE INTO city(region_id, name) values (910, 'San Miguel Allende');
REPLACE INTO city(region_id, name) values (942, 'Катманду');
REPLACE INTO region(id, country_id, name) values (943, 130, 'Нигер');
REPLACE INTO city(region_id, name) values (670, 'Fano');
REPLACE INTO city(region_id, name) values (670, 'Fermignano');
REPLACE INTO city(region_id, name) values (670, 'Pesaro');
REPLACE INTO city(region_id, name) values (670, 'Tavoleto');
REPLACE INTO city(region_id, name) values (670, 'Urbino');
REPLACE INTO city(region_id, name) values (888, 'Dojran');
REPLACE INTO city(region_id, name) values (911, 'Acapulco');
REPLACE INTO city(region_id, name) values (911, 'Chilpancingo de los Bravos');
REPLACE INTO city(region_id, name) values (911, 'Zihuatanejo');
REPLACE INTO city(region_id, name) values (943, 'Агадес');
REPLACE INTO city(region_id, name) values (943, 'Бильма');
REPLACE INTO city(region_id, name) values (943, 'Джадо');
REPLACE INTO city(region_id, name) values (943, 'Зиндер');
REPLACE INTO city(region_id, name) values (943, 'Ниамей');
REPLACE INTO region(id, country_id, name) values (944, 131, 'Нигерия');
REPLACE INTO city(region_id, name) values (671, 'Campobasso');
REPLACE INTO city(region_id, name) values (671, 'Riccia');
REPLACE INTO city(region_id, name) values (671, 'San Massimo');
REPLACE INTO city(region_id, name) values (671, 'Termoli');
REPLACE INTO city(region_id, name) values (889, 'Struga');
REPLACE INTO city(region_id, name) values (912, 'Actopan');
REPLACE INTO city(region_id, name) values (912, 'Mixquiahuala');
REPLACE INTO city(region_id, name) values (912, 'Molango');
REPLACE INTO city(region_id, name) values (912, 'Pachuca');
REPLACE INTO city(region_id, name) values (912, 'Pachuca de Soto');
REPLACE INTO city(region_id, name) values (912, 'Santiago Tulantepec');
REPLACE INTO city(region_id, name) values (912, 'Zimapn');
REPLACE INTO city(region_id, name) values (944, 'Абуджа');
REPLACE INTO city(region_id, name) values (944, 'Лагос');
REPLACE INTO region(id, country_id, name) values (945, 132, 'Drenthe');
REPLACE INTO region(id, country_id, name) values (946, 132, 'Flevoland');
REPLACE INTO region(id, country_id, name) values (947, 132, 'Friesland');
REPLACE INTO region(id, country_id, name) values (948, 132, 'Gelderland');
REPLACE INTO region(id, country_id, name) values (949, 132, 'Groningen');
REPLACE INTO region(id, country_id, name) values (950, 132, 'Limburg');
REPLACE INTO region(id, country_id, name) values (951, 132, 'Noord-Brabant');
REPLACE INTO region(id, country_id, name) values (952, 132, 'Noord-Holland');
REPLACE INTO region(id, country_id, name) values (953, 132, 'Overijssel');
REPLACE INTO region(id, country_id, name) values (954, 132, 'Utrecht');
REPLACE INTO region(id, country_id, name) values (955, 132, 'Zeeland');
REPLACE INTO region(id, country_id, name) values (956, 132, 'Zuid-Holland');
REPLACE INTO city(region_id, name) values (672, 'Civitanova del Sannio');
REPLACE INTO city(region_id, name) values (672, 'Isernia');
REPLACE INTO city(region_id, name) values (890, 'Strumica');
REPLACE INTO city(region_id, name) values (913, 'Ameca');
REPLACE INTO city(region_id, name) values (913, 'Guadalajara');
REPLACE INTO city(region_id, name) values (913, 'Puerto Vallarta');
REPLACE INTO city(region_id, name) values (913, 'Tamazula de Gordiano');
REPLACE INTO city(region_id, name) values (913, 'Zapotlanejo');
REPLACE INTO city(region_id, name) values (945, '''''t Haantje');
REPLACE INTO city(region_id, name) values (945, '''''t Noorden');
REPLACE INTO city(region_id, name) values (945, 'Aalden');
REPLACE INTO city(region_id, name) values (945, 'Amen');
REPLACE INTO city(region_id, name) values (945, 'Amerika');
REPLACE INTO city(region_id, name) values (945, 'Amsterdamsche Veld I');
REPLACE INTO city(region_id, name) values (945, 'Amsterdamscheveld');
REPLACE INTO city(region_id, name) values (945, 'Amsterdamseveld');
REPLACE INTO city(region_id, name) values (945, 'Angelslo');
REPLACE INTO city(region_id, name) values (945, 'Anlo');
REPLACE INTO city(region_id, name) values (945, 'Anreep');
REPLACE INTO city(region_id, name) values (945, 'Armweide');
REPLACE INTO city(region_id, name) values (945, 'Assen');
REPLACE INTO city(region_id, name) values (945, 'Beilen');
REPLACE INTO city(region_id, name) values (945, 'Bonnen');
REPLACE INTO city(region_id, name) values (945, 'Coevorden');
REPLACE INTO city(region_id, name) values (945, 'Emmen');
REPLACE INTO city(region_id, name) values (945, 'Hoogeveen');
REPLACE INTO city(region_id, name) values (945, 'Meppel');
REPLACE INTO city(region_id, name) values (945, 'Roden');
REPLACE INTO city(region_id, name) values (945, 'Zwinderen');
REPLACE INTO region(id, country_id, name) values (957, 133, 'Granada');
REPLACE INTO region(id, country_id, name) values (958, 133, 'Len');
REPLACE INTO region(id, country_id, name) values (959, 133, 'Managua');
REPLACE INTO region(id, country_id, name) values (960, 133, 'Rio San Juan');
REPLACE INTO city(region_id, name) values (673, 'Acqui Terme');
REPLACE INTO city(region_id, name) values (673, 'Alessandria');
REPLACE INTO city(region_id, name) values (673, 'Balzola');
REPLACE INTO city(region_id, name) values (673, 'Novi Ligure');
REPLACE INTO city(region_id, name) values (673, 'Strevi');
REPLACE INTO city(region_id, name) values (673, 'Tortona');
REPLACE INTO city(region_id, name) values (891, 'Sveti Nikole');
REPLACE INTO city(region_id, name) values (914, 'Acahualco');
REPLACE INTO city(region_id, name) values (914, 'Acatln');
REPLACE INTO city(region_id, name) values (914, 'Acaxuchitlan');
REPLACE INTO city(region_id, name) values (914, 'Acazulco');
REPLACE INTO city(region_id, name) values (914, 'Acozac');
REPLACE INTO city(region_id, name) values (914, 'Aculco');
REPLACE INTO city(region_id, name) values (914, 'Altavista');
REPLACE INTO city(region_id, name) values (914, 'Benitez');
REPLACE INTO city(region_id, name) values (914, 'Ecatepec');
REPLACE INTO city(region_id, name) values (914, 'El Grande');
REPLACE INTO city(region_id, name) values (914, 'El Tecun');
REPLACE INTO city(region_id, name) values (914, 'Guadalupe');
REPLACE INTO city(region_id, name) values (914, 'Ixtapaluca');
REPLACE INTO city(region_id, name) values (914, 'Maxtleca');
REPLACE INTO city(region_id, name) values (914, 'Mxico');
REPLACE INTO city(region_id, name) values (914, 'Minita Cedro');
REPLACE INTO city(region_id, name) values (914, 'Naucalpan de Jurez');
REPLACE INTO city(region_id, name) values (914, 'Netzahualcyotl');
REPLACE INTO city(region_id, name) values (914, 'Santa Clara');
REPLACE INTO city(region_id, name) values (914, 'Toluca');
REPLACE INTO city(region_id, name) values (914, 'Xico');
REPLACE INTO city(region_id, name) values (946, 'Almere-Buiten');
REPLACE INTO city(region_id, name) values (946, 'Almere-Haven');
REPLACE INTO city(region_id, name) values (946, 'Almere-Stad');
REPLACE INTO city(region_id, name) values (946, 'Bant');
REPLACE INTO city(region_id, name) values (946, 'Dronten');
REPLACE INTO city(region_id, name) values (946, 'Emmeloord');
REPLACE INTO city(region_id, name) values (946, 'Espel');
REPLACE INTO city(region_id, name) values (946, 'Haven van Lelystad');
REPLACE INTO city(region_id, name) values (946, 'Lelystad');
REPLACE INTO city(region_id, name) values (946, 'Top');
REPLACE INTO city(region_id, name) values (957, 'Agua Agria');
REPLACE INTO city(region_id, name) values (957, 'Caa de Castilla');
REPLACE INTO region(id, country_id, name) values (961, 134, 'Auckland');
REPLACE INTO region(id, country_id, name) values (962, 134, 'Bay of Plenty');
REPLACE INTO region(id, country_id, name) values (963, 134, 'Canterbury');
REPLACE INTO region(id, country_id, name) values (964, 134, 'Gisborne');
REPLACE INTO region(id, country_id, name) values (965, 134, 'Manawatu-Wanganui');
REPLACE INTO region(id, country_id, name) values (966, 134, 'Marlborough');
REPLACE INTO region(id, country_id, name) values (967, 134, 'Nelson');
REPLACE INTO region(id, country_id, name) values (968, 134, 'Northland');
REPLACE INTO region(id, country_id, name) values (969, 134, 'Otago');
REPLACE INTO region(id, country_id, name) values (970, 134, 'Southland');
REPLACE INTO region(id, country_id, name) values (971, 134, 'Taranaki');
REPLACE INTO region(id, country_id, name) values (972, 134, 'Tasman');
REPLACE INTO region(id, country_id, name) values (973, 134, 'Wellington');
REPLACE INTO region(id, country_id, name) values (974, 134, 'West Coast');
REPLACE INTO city(region_id, name) values (674, 'Biella');
REPLACE INTO city(region_id, name) values (674, 'Mosso');
REPLACE INTO city(region_id, name) values (892, 'Tetov');
REPLACE INTO city(region_id, name) values (892, 'Tetovo');
REPLACE INTO city(region_id, name) values (915, 'La Piedad Cabadas');
REPLACE INTO city(region_id, name) values (915, 'Lzaro Crdenas');
REPLACE INTO city(region_id, name) values (915, 'Morelia');
REPLACE INTO city(region_id, name) values (915, 'Uruapan del Progreso');
REPLACE INTO city(region_id, name) values (947, 'Aalsum');
REPLACE INTO city(region_id, name) values (947, 'Aalzum');
REPLACE INTO city(region_id, name) values (947, 'Aasterein');
REPLACE INTO city(region_id, name) values (947, 'Allingawier');
REPLACE INTO city(region_id, name) values (947, 'Appelscha');
REPLACE INTO city(region_id, name) values (947, 'Baard');
REPLACE INTO city(region_id, name) values (947, 'Bolsward');
REPLACE INTO city(region_id, name) values (947, 'De Knipe');
REPLACE INTO city(region_id, name) values (947, 'Dokkum');
REPLACE INTO city(region_id, name) values (947, 'Drachten');
REPLACE INTO city(region_id, name) values (947, 'Franeker');
REPLACE INTO city(region_id, name) values (947, 'Harlingen');
REPLACE INTO city(region_id, name) values (947, 'Heerenveen');
REPLACE INTO city(region_id, name) values (947, 'Joure');
REPLACE INTO city(region_id, name) values (947, 'Kollum');
REPLACE INTO city(region_id, name) values (947, 'Leeuwarden');
REPLACE INTO city(region_id, name) values (947, 'Lieuwarden');
REPLACE INTO city(region_id, name) values (947, 'Midsln Noard');
REPLACE INTO city(region_id, name) values (947, 'Rijsberkampen');
REPLACE INTO city(region_id, name) values (947, 'Sneek');
REPLACE INTO city(region_id, name) values (947, 'Tilburen');
REPLACE INTO city(region_id, name) values (958, 'Abra Vieja');
REPLACE INTO city(region_id, name) values (958, 'Valle Las Zapatas');
REPLACE INTO city(region_id, name) values (961, 'Манукау');
REPLACE INTO city(region_id, name) values (961, 'Окленд');
REPLACE INTO region(id, country_id, name) values (975, 135, 'Нумеа');
REPLACE INTO city(region_id, name) values (675, 'Alba');
REPLACE INTO city(region_id, name) values (675, 'Bossolasco');
REPLACE INTO city(region_id, name) values (675, 'Bra');
REPLACE INTO city(region_id, name) values (675, 'Cuneo');
REPLACE INTO city(region_id, name) values (675, 'Fossano');
REPLACE INTO city(region_id, name) values (675, 'Prazzo');
REPLACE INTO city(region_id, name) values (675, 'Villanova Mondov');
REPLACE INTO city(region_id, name) values (893, 'Veles');
REPLACE INTO city(region_id, name) values (916, 'Amatln');
REPLACE INTO city(region_id, name) values (916, 'Cuautla');
REPLACE INTO city(region_id, name) values (916, 'Cuernavaca');
REPLACE INTO city(region_id, name) values (916, 'Jiutepec');
REPLACE INTO city(region_id, name) values (948, '''''s-Heerenberg');
REPLACE INTO city(region_id, name) values (948, '''''t Loo');
REPLACE INTO city(region_id, name) values (948, 'Aalten');
REPLACE INTO city(region_id, name) values (948, 'Apeldoorn');
REPLACE INTO city(region_id, name) values (948, 'Arnheim');
REPLACE INTO city(region_id, name) values (948, 'Arnhem');
REPLACE INTO city(region_id, name) values (948, 'Barneveld');
REPLACE INTO city(region_id, name) values (948, 'Bennekom');
REPLACE INTO city(region_id, name) values (948, 'Brummen');
REPLACE INTO city(region_id, name) values (948, 'Didam');
REPLACE INTO city(region_id, name) values (948, 'Dieren');
REPLACE INTO city(region_id, name) values (948, 'Dinxperlo');
REPLACE INTO city(region_id, name) values (948, 'Doetinchem');
REPLACE INTO city(region_id, name) values (948, 'Ede');
REPLACE INTO city(region_id, name) values (948, 'Epe');
REPLACE INTO city(region_id, name) values (948, 'Geldermalsen');
REPLACE INTO city(region_id, name) values (948, 'Gendringen');
REPLACE INTO city(region_id, name) values (948, 'Haarlo');
REPLACE INTO city(region_id, name) values (948, 'Harderwijk');
REPLACE INTO city(region_id, name) values (948, 'Lochem');
REPLACE INTO city(region_id, name) values (948, 'Millingen aan de Rijn');
REPLACE INTO city(region_id, name) values (948, 'Nijkerk');
REPLACE INTO city(region_id, name) values (948, 'Nijmegen');
REPLACE INTO city(region_id, name) values (948, 'Nymegen');
REPLACE INTO city(region_id, name) values (948, 'Otterlo');
REPLACE INTO city(region_id, name) values (948, 'Rheden');
REPLACE INTO city(region_id, name) values (948, 'Terwolde');
REPLACE INTO city(region_id, name) values (948, 'Tiel');
REPLACE INTO city(region_id, name) values (948, 'Wageningen');
REPLACE INTO city(region_id, name) values (948, 'Wehl');
REPLACE INTO city(region_id, name) values (948, 'Wijchen');
REPLACE INTO city(region_id, name) values (948, 'Winterswijk');
REPLACE INTO city(region_id, name) values (948, 'Zevenaar');
REPLACE INTO city(region_id, name) values (948, 'Zutphen');
REPLACE INTO city(region_id, name) values (948, 'Zwolle');
REPLACE INTO city(region_id, name) values (959, 'Aduana');
REPLACE INTO city(region_id, name) values (959, 'Managua');
REPLACE INTO city(region_id, name) values (962, 'Роторуа');
REPLACE INTO city(region_id, name) values (962, 'Тауранга');
REPLACE INTO city(region_id, name) values (975, 'Нумеа');
REPLACE INTO region(id, country_id, name) values (976, 136, 'Akershus');
REPLACE INTO region(id, country_id, name) values (977, 136, 'Aust-Agder');
REPLACE INTO region(id, country_id, name) values (978, 136, 'Buskerud');
REPLACE INTO region(id, country_id, name) values (979, 136, 'Finnmark');
REPLACE INTO region(id, country_id, name) values (980, 136, 'Hedmark');
REPLACE INTO region(id, country_id, name) values (981, 136, 'Hordaland');
REPLACE INTO region(id, country_id, name) values (982, 136, 'More og Romsdal');
REPLACE INTO region(id, country_id, name) values (983, 136, 'None');
REPLACE INTO region(id, country_id, name) values (984, 136, 'Nord-Trondelag');
REPLACE INTO region(id, country_id, name) values (985, 136, 'Nordland');
REPLACE INTO region(id, country_id, name) values (986, 136, 'Oppland');
REPLACE INTO region(id, country_id, name) values (987, 136, 'Oslo');
REPLACE INTO region(id, country_id, name) values (988, 136, 'Ostfold');
REPLACE INTO region(id, country_id, name) values (989, 136, 'Rogaland');
REPLACE INTO region(id, country_id, name) values (990, 136, 'Sogn og Fjordane');
REPLACE INTO region(id, country_id, name) values (991, 136, 'Sor-Trondelag');
REPLACE INTO region(id, country_id, name) values (992, 136, 'Telemark');
REPLACE INTO region(id, country_id, name) values (993, 136, 'Troms');
REPLACE INTO region(id, country_id, name) values (994, 136, 'Vest-Agder');
REPLACE INTO region(id, country_id, name) values (995, 136, 'Vestfold');
REPLACE INTO city(region_id, name) values (676, 'Arona');
REPLACE INTO city(region_id, name) values (676, 'Borgomanero');
REPLACE INTO city(region_id, name) values (676, 'Invorio');
REPLACE INTO city(region_id, name) values (676, 'Nibbiola');
REPLACE INTO city(region_id, name) values (676, 'Novara');
REPLACE INTO city(region_id, name) values (676, 'Oleggio');
REPLACE INTO city(region_id, name) values (917, 'Tepic');
REPLACE INTO city(region_id, name) values (949, 'Aalsum');
REPLACE INTO city(region_id, name) values (949, 'Amsweer');
REPLACE INTO city(region_id, name) values (949, 'Beerta');
REPLACE INTO city(region_id, name) values (949, 'Delfzijl');
REPLACE INTO city(region_id, name) values (949, 'Enum');
REPLACE INTO city(region_id, name) values (949, 'Groningen');
REPLACE INTO city(region_id, name) values (949, 'Winschoten');
REPLACE INTO city(region_id, name) values (960, 'La Fe');
REPLACE INTO city(region_id, name) values (963, 'Крайстчерч');
REPLACE INTO city(region_id, name) values (963, 'Тимару');
REPLACE INTO city(region_id, name) values (976, 'Aamot');
REPLACE INTO city(region_id, name) values (976, 's');
REPLACE INTO city(region_id, name) values (976, 'Asker');
REPLACE INTO city(region_id, name) values (976, 'Brums Verk');
REPLACE INTO city(region_id, name) values (976, 'Berger');
REPLACE INTO city(region_id, name) values (976, 'Braate');
REPLACE INTO city(region_id, name) values (976, 'Dokke');
REPLACE INTO city(region_id, name) values (976, 'Drbak');
REPLACE INTO city(region_id, name) values (976, 'Eidsvoll');
REPLACE INTO city(region_id, name) values (976, 'Eidsvoll Verk');
REPLACE INTO city(region_id, name) values (976, 'Fagernes');
REPLACE INTO city(region_id, name) values (976, 'Fetsund');
REPLACE INTO city(region_id, name) values (976, 'Fosser');
REPLACE INTO city(region_id, name) values (976, 'Gardermoen');
REPLACE INTO city(region_id, name) values (976, 'Hvik');
REPLACE INTO city(region_id, name) values (976, 'Jessheim');
REPLACE INTO city(region_id, name) values (976, 'Klofta');
REPLACE INTO city(region_id, name) values (976, 'Lillestrm');
REPLACE INTO city(region_id, name) values (976, 'Mo');
REPLACE INTO city(region_id, name) values (976, 'Sandvika');
REPLACE INTO city(region_id, name) values (976, 'Sandviken');
REPLACE INTO city(region_id, name) values (976, 'Ski');
REPLACE INTO city(region_id, name) values (976, 'Son');
REPLACE INTO city(region_id, name) values (976, 'Stabekk');
REPLACE INTO city(region_id, name) values (976, 'Strmmen');
REPLACE INTO city(region_id, name) values (976, 'Vormsund');
REPLACE INTO region(id, country_id, name) values (996, 137, 'Кингстон');
REPLACE INTO city(region_id, name) values (677, 'Albiano d''''Ivrea');
REPLACE INTO city(region_id, name) values (677, 'Bollengo');
REPLACE INTO city(region_id, name) values (677, 'Carmagnola');
REPLACE INTO city(region_id, name) values (677, 'Castellamonte');
REPLACE INTO city(region_id, name) values (677, 'Chivasso');
REPLACE INTO city(region_id, name) values (677, 'Ivrea');
REPLACE INTO city(region_id, name) values (677, 'La Loggia');
REPLACE INTO city(region_id, name) values (677, 'Macello');
REPLACE INTO city(region_id, name) values (677, 'Pianezza');
REPLACE INTO city(region_id, name) values (677, 'Pinerolo');
REPLACE INTO city(region_id, name) values (677, 'Rivalta di Torino');
REPLACE INTO city(region_id, name) values (677, 'Settimo Torinese');
REPLACE INTO city(region_id, name) values (677, 'Torino');
REPLACE INTO city(region_id, name) values (918, 'Ro Verde');
REPLACE INTO city(region_id, name) values (950, 'Aan de School');
REPLACE INTO city(region_id, name) values (950, 'Aasterberg');
REPLACE INTO city(region_id, name) values (950, 'Afhang');
REPLACE INTO city(region_id, name) values (950, 'Amstenrade');
REPLACE INTO city(region_id, name) values (950, 'Baexem');
REPLACE INTO city(region_id, name) values (950, 'Beesel');
REPLACE INTO city(region_id, name) values (950, 'Broekhoven');
REPLACE INTO city(region_id, name) values (950, 'Echt');
REPLACE INTO city(region_id, name) values (950, 'Eisden');
REPLACE INTO city(region_id, name) values (950, 'Geleen');
REPLACE INTO city(region_id, name) values (950, 'Haag');
REPLACE INTO city(region_id, name) values (950, 'Heerlen');
REPLACE INTO city(region_id, name) values (950, 'Hees');
REPLACE INTO city(region_id, name) values (950, 'Heythuysen');
REPLACE INTO city(region_id, name) values (950, 'Kelmond');
REPLACE INTO city(region_id, name) values (950, 'Kerkrade');
REPLACE INTO city(region_id, name) values (950, 'Limbricht');
REPLACE INTO city(region_id, name) values (950, 'Maasbracht');
REPLACE INTO city(region_id, name) values (950, 'Maastricht');
REPLACE INTO city(region_id, name) values (950, 'Maestricht');
REPLACE INTO city(region_id, name) values (950, 'Roermond');
REPLACE INTO city(region_id, name) values (950, 'Scheide');
REPLACE INTO city(region_id, name) values (950, 'Sittard');
REPLACE INTO city(region_id, name) values (950, 'Swalmen');
REPLACE INTO city(region_id, name) values (950, 'Vaals');
REPLACE INTO city(region_id, name) values (950, 'Valkenburg');
REPLACE INTO city(region_id, name) values (950, 'Venlo');
REPLACE INTO city(region_id, name) values (950, 'Venray');
REPLACE INTO city(region_id, name) values (950, 'Weert');
REPLACE INTO city(region_id, name) values (950, 'Wyck');
REPLACE INTO city(region_id, name) values (964, 'Гисборн');
REPLACE INTO city(region_id, name) values (977, 'Aapaasdal');
REPLACE INTO city(region_id, name) values (977, 'Arendal');
REPLACE INTO city(region_id, name) values (977, 'Arnevik');
REPLACE INTO city(region_id, name) values (977, 'Froland');
REPLACE INTO city(region_id, name) values (977, 'Grimstad');
REPLACE INTO city(region_id, name) values (977, 'Tvedestrand');
REPLACE INTO city(region_id, name) values (996, 'Кингстон');
REPLACE INTO region(id, country_id, name) values (997, 138, 'Абу Даби');
REPLACE INTO region(id, country_id, name) values (998, 138, 'Дубаи');
REPLACE INTO city(region_id, name) values (678, 'Domodossola');
REPLACE INTO city(region_id, name) values (678, 'Gravellona Toce');
REPLACE INTO city(region_id, name) values (678, 'Stresa');
REPLACE INTO city(region_id, name) values (678, 'Verbania');
REPLACE INTO city(region_id, name) values (919, 'Cadereyta');
REPLACE INTO city(region_id, name) values (919, 'Apodaca');
REPLACE INTO city(region_id, name) values (919, 'Monterrey');
REPLACE INTO city(region_id, name) values (919, 'Nogales');
REPLACE INTO city(region_id, name) values (919, 'San Nicols de los Garza');
REPLACE INTO city(region_id, name) values (919, 'Santa Catarina');
REPLACE INTO city(region_id, name) values (951, '''''s Bosch');
REPLACE INTO city(region_id, name) values (951, '''''s-Hertogenbosch');
REPLACE INTO city(region_id, name) values (951, '''''t Hout');
REPLACE INTO city(region_id, name) values (951, 'Aalst');
REPLACE INTO city(region_id, name) values (951, 'Amsteleind');
REPLACE INTO city(region_id, name) values (951, 'Bakel');
REPLACE INTO city(region_id, name) values (951, 'Bergen op Zoom');
REPLACE INTO city(region_id, name) values (951, 'Best');
REPLACE INTO city(region_id, name) values (951, 'Boxmeer');
REPLACE INTO city(region_id, name) values (951, 'Breda');
REPLACE INTO city(region_id, name) values (951, 'Den Bosch');
REPLACE INTO city(region_id, name) values (951, 'Dongen');
REPLACE INTO city(region_id, name) values (951, 'Duizel');
REPLACE INTO city(region_id, name) values (951, 'Eiland');
REPLACE INTO city(region_id, name) values (951, 'Eindhoven');
REPLACE INTO city(region_id, name) values (951, 'Etten');
REPLACE INTO city(region_id, name) values (951, 'Gement');
REPLACE INTO city(region_id, name) values (951, 'Helmond');
REPLACE INTO city(region_id, name) values (951, 'Hertogenbosch');
REPLACE INTO city(region_id, name) values (951, 'Katwijk');
REPLACE INTO city(region_id, name) values (951, 'Mierlo');
REPLACE INTO city(region_id, name) values (951, 'Oss');
REPLACE INTO city(region_id, name) values (951, 'Oudenbosch');
REPLACE INTO city(region_id, name) values (951, 'Overloon');
REPLACE INTO city(region_id, name) values (951, 'Rijen');
REPLACE INTO city(region_id, name) values (951, 'Roosendaal');
REPLACE INTO city(region_id, name) values (951, 'Tilburg');
REPLACE INTO city(region_id, name) values (951, 'Trent');
REPLACE INTO city(region_id, name) values (951, 'Uden');
REPLACE INTO city(region_id, name) values (951, 'Veghel');
REPLACE INTO city(region_id, name) values (965, 'Вангануи');
REPLACE INTO city(region_id, name) values (965, 'Палмерстон-Норт');
REPLACE INTO city(region_id, name) values (978, 'Aamot');
REPLACE INTO city(region_id, name) values (978, 'Amot-Modum');
REPLACE INTO city(region_id, name) values (978, 'Austvoll');
REPLACE INTO city(region_id, name) values (978, 'Drammen');
REPLACE INTO city(region_id, name) values (978, 'Geilo');
REPLACE INTO city(region_id, name) values (978, 'Gol');
REPLACE INTO city(region_id, name) values (978, 'Hemsedal');
REPLACE INTO city(region_id, name) values (978, 'Holmsbu');
REPLACE INTO city(region_id, name) values (978, 'Hnefoss');
REPLACE INTO city(region_id, name) values (978, 'Kongsberg');
REPLACE INTO city(region_id, name) values (978, 'Noresund');
REPLACE INTO city(region_id, name) values (978, 'Uvdal');
REPLACE INTO city(region_id, name) values (978, 'Vestfossen');
REPLACE INTO city(region_id, name) values (978, 'Vik');
REPLACE INTO city(region_id, name) values (978, 'Vikersund');
REPLACE INTO city(region_id, name) values (997, 'Абу Даби');
REPLACE INTO region(id, country_id, name) values (999, 139, 'Оман');
REPLACE INTO city(region_id, name) values (679, 'Borgosesia');
REPLACE INTO city(region_id, name) values (679, 'Vercelli');
REPLACE INTO city(region_id, name) values (920, 'Jurez');
REPLACE INTO city(region_id, name) values (920, 'Juchitn de Zaragoza');
REPLACE INTO city(region_id, name) values (920, 'San Felipe del Agua');
REPLACE INTO city(region_id, name) values (920, 'Tezonapa');
REPLACE INTO city(region_id, name) values (920, 'Zoquiapam');
REPLACE INTO city(region_id, name) values (952, 'Aalsmeer');
REPLACE INTO city(region_id, name) values (952, 'Akersloot');
REPLACE INTO city(region_id, name) values (952, 'Alkmaar');
REPLACE INTO city(region_id, name) values (952, 'Amstelveen');
REPLACE INTO city(region_id, name) values (952, 'Amsterdam');
REPLACE INTO city(region_id, name) values (952, 'Bergen');
REPLACE INTO city(region_id, name) values (952, 'Beverwijk');
REPLACE INTO city(region_id, name) values (952, 'Bovenkerk');
REPLACE INTO city(region_id, name) values (952, 'Bussum');
REPLACE INTO city(region_id, name) values (952, 'De Haal');
REPLACE INTO city(region_id, name) values (952, 'De Strook');
REPLACE INTO city(region_id, name) values (952, 'Den Helder');
REPLACE INTO city(region_id, name) values (952, 'Der Helder');
REPLACE INTO city(region_id, name) values (952, 'Egmond aan Zee');
REPLACE INTO city(region_id, name) values (952, 'Enkhuizen');
REPLACE INTO city(region_id, name) values (952, 'Haarlem');
REPLACE INTO city(region_id, name) values (952, 'Hilversum');
REPLACE INTO city(region_id, name) values (952, 'Hoofddorp');
REPLACE INTO city(region_id, name) values (952, 'Hoorn');
REPLACE INTO city(region_id, name) values (952, 'Huizen');
REPLACE INTO city(region_id, name) values (952, 'IJmuiden');
REPLACE INTO city(region_id, name) values (952, 'Laren');
REPLACE INTO city(region_id, name) values (952, 'Medemblik');
REPLACE INTO city(region_id, name) values (952, 'Naarden');
REPLACE INTO city(region_id, name) values (952, 'Schagen');
REPLACE INTO city(region_id, name) values (952, 'Verloren Einde');
REPLACE INTO city(region_id, name) values (952, 'Weesp');
REPLACE INTO city(region_id, name) values (952, 'Zaandam');
REPLACE INTO city(region_id, name) values (952, 'Zaanstad');
REPLACE INTO city(region_id, name) values (952, 'Zandvoort');
REPLACE INTO city(region_id, name) values (952, 'Zwaagdijk');
REPLACE INTO city(region_id, name) values (966, 'Бленхейм');
REPLACE INTO city(region_id, name) values (979, 'Akkerfjorden');
REPLACE INTO city(region_id, name) values (979, 'Alta');
REPLACE INTO city(region_id, name) values (979, 'Btsfjord');
REPLACE INTO city(region_id, name) values (979, 'Hammerfest');
REPLACE INTO city(region_id, name) values (979, 'Hammernes');
REPLACE INTO city(region_id, name) values (979, 'Havysund');
REPLACE INTO city(region_id, name) values (979, 'Karasjok');
REPLACE INTO city(region_id, name) values (979, 'Kirkenes');
REPLACE INTO city(region_id, name) values (979, 'Kjs');
REPLACE INTO city(region_id, name) values (979, 'Korsnes');
REPLACE INTO city(region_id, name) values (979, 'Lakselv');
REPLACE INTO city(region_id, name) values (979, 'Langenes');
REPLACE INTO city(region_id, name) values (979, 'Masi');
REPLACE INTO city(region_id, name) values (979, 'Mehamn');
REPLACE INTO city(region_id, name) values (979, 'Seida');
REPLACE INTO city(region_id, name) values (979, 'Tmmervik');
REPLACE INTO city(region_id, name) values (979, 'Vads');
REPLACE INTO city(region_id, name) values (998, 'Дубаи');
REPLACE INTO city(region_id, name) values (999, 'Маскат');
REPLACE INTO city(region_id, name) values (999, 'Салала');
REPLACE INTO city(region_id, name) values (999, 'Сур');
REPLACE INTO region(id, country_id, name) values (1000, 140, 'Пакистан');
REPLACE INTO city(region_id, name) values (680, 'Acquaviva delle Fonti');
REPLACE INTO city(region_id, name) values (680, 'Altamura');
REPLACE INTO city(region_id, name) values (680, 'Andria');
REPLACE INTO city(region_id, name) values (680, 'Bari');
REPLACE INTO city(region_id, name) values (680, 'Casamassima');
REPLACE INTO city(region_id, name) values (680, 'Modugno');
REPLACE INTO city(region_id, name) values (680, 'Valenzano');
REPLACE INTO city(region_id, name) values (921, 'Puebla');
REPLACE INTO city(region_id, name) values (921, 'Puebla de los Angeles');
REPLACE INTO city(region_id, name) values (921, 'Xicotepec de Jurez');
REPLACE INTO city(region_id, name) values (953, '''''t Klooster');
REPLACE INTO city(region_id, name) values (953, 'Almelo');
REPLACE INTO city(region_id, name) values (953, 'Dedemsvaart');
REPLACE INTO city(region_id, name) values (953, 'Deventer');
REPLACE INTO city(region_id, name) values (953, 'Elsen');
REPLACE INTO city(region_id, name) values (953, 'Enschede');
REPLACE INTO city(region_id, name) values (953, 'Goor');
REPLACE INTO city(region_id, name) values (953, 'Hardenberg');
REPLACE INTO city(region_id, name) values (953, 'Hengelo');
REPLACE INTO city(region_id, name) values (953, 'Kampen');
REPLACE INTO city(region_id, name) values (953, 'Oldenzaal');
REPLACE INTO city(region_id, name) values (953, 'Vroomshoop');
REPLACE INTO city(region_id, name) values (953, 'Zwolle');
REPLACE INTO city(region_id, name) values (967, 'Нельсон');
REPLACE INTO city(region_id, name) values (980, 'Aakre');
REPLACE INTO city(region_id, name) values (980, 'Berger');
REPLACE INTO city(region_id, name) values (980, 'Breen');
REPLACE INTO city(region_id, name) values (980, 'Brumunddal');
REPLACE INTO city(region_id, name) values (980, 'Drevsj');
REPLACE INTO city(region_id, name) values (980, 'Elverum');
REPLACE INTO city(region_id, name) values (980, 'Hamar');
REPLACE INTO city(region_id, name) values (980, 'Rena');
REPLACE INTO city(region_id, name) values (980, 'Trysil');
REPLACE INTO city(region_id, name) values (1000, 'Исламабад');
REPLACE INTO city(region_id, name) values (1000, 'Карачи');
REPLACE INTO city(region_id, name) values (1000, 'Лахоре');
REPLACE INTO region(id, country_id, name) values (1001, 141, 'Chiriqu');
REPLACE INTO region(id, country_id, name) values (1002, 141, 'Cocl');
REPLACE INTO region(id, country_id, name) values (1003, 141, 'Herrera');
REPLACE INTO region(id, country_id, name) values (1004, 141, 'Los Santos');
REPLACE INTO region(id, country_id, name) values (1005, 141, 'Panam');
REPLACE INTO city(region_id, name) values (681, 'Brindisi');
REPLACE INTO city(region_id, name) values (681, 'Ostuni');
REPLACE INTO city(region_id, name) values (922, 'Amoles');
REPLACE INTO city(region_id, name) values (922, 'Quertaro');
REPLACE INTO city(region_id, name) values (954, '''''t Gooi');
REPLACE INTO city(region_id, name) values (954, '''''t Waal');
REPLACE INTO city(region_id, name) values (954, 'Achterbos');
REPLACE INTO city(region_id, name) values (954, 'Achthoven');
REPLACE INTO city(region_id, name) values (954, 'Achttienhoven');
REPLACE INTO city(region_id, name) values (954, 'Amerongen');
REPLACE INTO city(region_id, name) values (954, 'Amersfoort');
REPLACE INTO city(region_id, name) values (954, 'Baarn');
REPLACE INTO city(region_id, name) values (954, 'Birk');
REPLACE INTO city(region_id, name) values (954, 'Blokland');
REPLACE INTO city(region_id, name) values (954, 'De Bilt');
REPLACE INTO city(region_id, name) values (954, 'Den Bosch');
REPLACE INTO city(region_id, name) values (954, 'Lage Weide');
REPLACE INTO city(region_id, name) values (954, 'Lopik');
REPLACE INTO city(region_id, name) values (954, 'Maarssen');
REPLACE INTO city(region_id, name) values (954, 'Maarssenbroek');
REPLACE INTO city(region_id, name) values (954, 'Meern');
REPLACE INTO city(region_id, name) values (954, 'Mijdrecht');
REPLACE INTO city(region_id, name) values (954, 'Nieuwegein');
REPLACE INTO city(region_id, name) values (954, 'Nijenheim');
REPLACE INTO city(region_id, name) values (954, 'Utrecht');
REPLACE INTO city(region_id, name) values (954, 'Veenendaal');
REPLACE INTO city(region_id, name) values (954, 'Venendaal');
REPLACE INTO city(region_id, name) values (954, 'Zandvoort');
REPLACE INTO city(region_id, name) values (954, 'Zeist');
REPLACE INTO city(region_id, name) values (968, 'Вангарей');
REPLACE INTO city(region_id, name) values (981, 'Aakre');
REPLACE INTO city(region_id, name) values (981, 'Aarvik');
REPLACE INTO city(region_id, name) values (981, 'Austevoll');
REPLACE INTO city(region_id, name) values (981, 'Bergen');
REPLACE INTO city(region_id, name) values (981, 'Bogo');
REPLACE INTO city(region_id, name) values (981, 'Bmlo');
REPLACE INTO city(region_id, name) values (981, 'Bruvik');
REPLACE INTO city(region_id, name) values (981, 'Eikemofoss');
REPLACE INTO city(region_id, name) values (981, 'Etne');
REPLACE INTO city(region_id, name) values (981, 'Fedje');
REPLACE INTO city(region_id, name) values (981, 'Fitjar');
REPLACE INTO city(region_id, name) values (981, 'Haganes');
REPLACE INTO city(region_id, name) values (981, 'Hellesy');
REPLACE INTO city(region_id, name) values (981, 'Leirvik');
REPLACE INTO city(region_id, name) values (981, 'Nordheimsund');
REPLACE INTO city(region_id, name) values (981, 'len');
REPLACE INTO city(region_id, name) values (981, 'Rosendal');
REPLACE INTO city(region_id, name) values (981, 'Stord Island');
REPLACE INTO city(region_id, name) values (1001, 'David');
REPLACE INTO region(id, country_id, name) values (1006, 142, 'Папуа Новая Гвинея');
REPLACE INTO city(region_id, name) values (682, 'Apricena');
REPLACE INTO city(region_id, name) values (682, 'Cerignola');
REPLACE INTO city(region_id, name) values (682, 'Foggia');
REPLACE INTO city(region_id, name) values (682, 'Manfredonia');
REPLACE INTO city(region_id, name) values (682, 'San Severo');
REPLACE INTO city(region_id, name) values (682, 'Stornarella');
REPLACE INTO city(region_id, name) values (682, 'Vieste');
REPLACE INTO city(region_id, name) values (923, 'Cafetal');
REPLACE INTO city(region_id, name) values (923, 'Cancn');
REPLACE INTO city(region_id, name) values (955, 'Abtsdale');
REPLACE INTO city(region_id, name) values (955, 'Aksel');
REPLACE INTO city(region_id, name) values (955, 'Axel');
REPLACE INTO city(region_id, name) values (955, 'Biervliet');
REPLACE INTO city(region_id, name) values (955, 'Eede');
REPLACE INTO city(region_id, name) values (955, 'Goes');
REPLACE INTO city(region_id, name) values (955, 'Kapelle');
REPLACE INTO city(region_id, name) values (955, 'Kloosterzande');
REPLACE INTO city(region_id, name) values (955, 'Koekoek');
REPLACE INTO city(region_id, name) values (955, 'Middelburg');
REPLACE INTO city(region_id, name) values (955, 'Renesse');
REPLACE INTO city(region_id, name) values (955, 'Sas van Gent');
REPLACE INTO city(region_id, name) values (955, 'Terneuzen');
REPLACE INTO city(region_id, name) values (955, 'Vlissingen');
REPLACE INTO city(region_id, name) values (955, 'Zieriksee');
REPLACE INTO city(region_id, name) values (955, 'Zwartenhoek');
REPLACE INTO city(region_id, name) values (969, 'Дунедин');
REPLACE INTO city(region_id, name) values (982, 'Aalesund');
REPLACE INTO city(region_id, name) values (982, 'lesund');
REPLACE INTO city(region_id, name) values (982, 'Bud');
REPLACE INTO city(region_id, name) values (982, 'Farstad');
REPLACE INTO city(region_id, name) values (982, 'Hareid');
REPLACE INTO city(region_id, name) values (982, 'Kristiansund');
REPLACE INTO city(region_id, name) values (982, 'Kristiansund Nord');
REPLACE INTO city(region_id, name) values (982, 'Molde');
REPLACE INTO city(region_id, name) values (982, 'Skinnes');
REPLACE INTO city(region_id, name) values (982, 'Skodje');
REPLACE INTO city(region_id, name) values (982, 'Sunndalsra');
REPLACE INTO city(region_id, name) values (982, 'Tennfjord');
REPLACE INTO city(region_id, name) values (982, 'Tomra');
REPLACE INTO city(region_id, name) values (982, 'Ulsteinvik');
REPLACE INTO city(region_id, name) values (982, 'Vik');
REPLACE INTO city(region_id, name) values (982, 'Vikebukt');
REPLACE INTO city(region_id, name) values (1002, 'Albina');
REPLACE INTO city(region_id, name) values (1002, 'El Olivo');
REPLACE INTO city(region_id, name) values (1006, 'Порт-Морсби');
REPLACE INTO city(region_id, name) values (1006, 'Рабаул');
REPLACE INTO region(id, country_id, name) values (1007, 143, 'Alto Paran');
REPLACE INTO region(id, country_id, name) values (1008, 143, 'Central');
REPLACE INTO region(id, country_id, name) values (1009, 143, 'Cordillera');
REPLACE INTO region(id, country_id, name) values (1010, 143, 'Paraguar');
REPLACE INTO region(id, country_id, name) values (1011, 143, 'San Pedro');
REPLACE INTO city(region_id, name) values (683, 'Gallipoli');
REPLACE INTO city(region_id, name) values (683, 'Lecce');
REPLACE INTO city(region_id, name) values (683, 'Muro Leccese');
REPLACE INTO city(region_id, name) values (924, 'Ciudad Fernndez');
REPLACE INTO city(region_id, name) values (924, 'San Luis Potos');
REPLACE INTO city(region_id, name) values (924, 'San Luisito');
REPLACE INTO city(region_id, name) values (924, 'Valles');
REPLACE INTO city(region_id, name) values (956, '''''s-Gravenhage');
REPLACE INTO city(region_id, name) values (956, '''''s-Gravenzande');
REPLACE INTO city(region_id, name) values (956, 'Achterbroek');
REPLACE INTO city(region_id, name) values (956, 'Alphen aan den Rijn');
REPLACE INTO city(region_id, name) values (956, 'Bleskensgraaf');
REPLACE INTO city(region_id, name) values (956, 'Brielle');
REPLACE INTO city(region_id, name) values (956, 'Capelle-West');
REPLACE INTO city(region_id, name) values (956, 'De Hagen');
REPLACE INTO city(region_id, name) values (956, 'Delft');
REPLACE INTO city(region_id, name) values (956, 'Den Haag');
REPLACE INTO city(region_id, name) values (956, 'Den Hoorn');
REPLACE INTO city(region_id, name) values (956, 'Dordrecht');
REPLACE INTO city(region_id, name) values (956, 'Dordt');
REPLACE INTO city(region_id, name) values (956, 'Duinzigt');
REPLACE INTO city(region_id, name) values (956, 'Gorinchem');
REPLACE INTO city(region_id, name) values (956, 'Gouda');
REPLACE INTO city(region_id, name) values (956, 'Haag');
REPLACE INTO city(region_id, name) values (956, 'Hellevoetsluis');
REPLACE INTO city(region_id, name) values (956, 'Katwijk');
REPLACE INTO city(region_id, name) values (956, 'Katwijk aan den Rijn');
REPLACE INTO city(region_id, name) values (956, 'Katwijk aan Zee');
REPLACE INTO city(region_id, name) values (956, 'Leiden');
REPLACE INTO city(region_id, name) values (956, 'Leidschendam');
REPLACE INTO city(region_id, name) values (956, 'Leimuiden');
REPLACE INTO city(region_id, name) values (956, 'Leyden');
REPLACE INTO city(region_id, name) values (956, 'Lisse');
REPLACE INTO city(region_id, name) values (956, 'Middelburg');
REPLACE INTO city(region_id, name) values (956, 'Naaldwijk');
REPLACE INTO city(region_id, name) values (956, 'Noordwijk');
REPLACE INTO city(region_id, name) values (956, 'Rhoon');
REPLACE INTO city(region_id, name) values (956, 'Rijndijk');
REPLACE INTO city(region_id, name) values (956, 'Rijswijk');
REPLACE INTO city(region_id, name) values (956, 'Rokanje');
REPLACE INTO city(region_id, name) values (956, 'Rotterdam');
REPLACE INTO city(region_id, name) values (956, 'Rozendaal');
REPLACE INTO city(region_id, name) values (956, 'Sassenheim');
REPLACE INTO city(region_id, name) values (956, 'Schiedam');
REPLACE INTO city(region_id, name) values (956, 'Spijkenisse');
REPLACE INTO city(region_id, name) values (956, 'Voorschoten');
REPLACE INTO city(region_id, name) values (956, 'Warmond');
REPLACE INTO city(region_id, name) values (956, 'Zoetermeer');
REPLACE INTO city(region_id, name) values (970, 'Гор');
REPLACE INTO city(region_id, name) values (970, 'Инверкаргилл');
REPLACE INTO city(region_id, name) values (983, 'Aisaroaivve');
REPLACE INTO city(region_id, name) values (1003, 'Alto de La Cruz');
REPLACE INTO city(region_id, name) values (1007, '28 Km Paranambu');
REPLACE INTO region(id, country_id, name) values (1012, 144, 'Amazonas');
REPLACE INTO region(id, country_id, name) values (1013, 144, 'Ancash');
REPLACE INTO region(id, country_id, name) values (1014, 144, 'Arequipa');
REPLACE INTO region(id, country_id, name) values (1015, 144, 'Ayacucho');
REPLACE INTO region(id, country_id, name) values (1016, 144, 'Cajamarca');
REPLACE INTO region(id, country_id, name) values (1017, 144, 'Callao');
REPLACE INTO region(id, country_id, name) values (1018, 144, 'Cusco');
REPLACE INTO region(id, country_id, name) values (1019, 144, 'Hunuco');
REPLACE INTO region(id, country_id, name) values (1020, 144, 'Ica');
REPLACE INTO region(id, country_id, name) values (1021, 144, 'Junn');
REPLACE INTO region(id, country_id, name) values (1022, 144, 'La Libertad');
REPLACE INTO region(id, country_id, name) values (1023, 144, 'Lambayeque');
REPLACE INTO region(id, country_id, name) values (1024, 144, 'Lima');
REPLACE INTO region(id, country_id, name) values (1025, 144, 'Loreto');
REPLACE INTO region(id, country_id, name) values (1026, 144, 'Madre de Dios');
REPLACE INTO region(id, country_id, name) values (1027, 144, 'None');
REPLACE INTO region(id, country_id, name) values (1028, 144, 'Pasco');
REPLACE INTO region(id, country_id, name) values (1029, 144, 'Piura');
REPLACE INTO region(id, country_id, name) values (1030, 144, 'Puno');
REPLACE INTO region(id, country_id, name) values (1031, 144, 'San Martn');
REPLACE INTO region(id, country_id, name) values (1032, 144, 'Tacna');
REPLACE INTO region(id, country_id, name) values (1033, 144, 'Tumbes');
REPLACE INTO region(id, country_id, name) values (1034, 144, 'Ucayali');
REPLACE INTO city(region_id, name) values (684, 'Avetrana');
REPLACE INTO city(region_id, name) values (684, 'Massafra');
REPLACE INTO city(region_id, name) values (684, 'Palagiano');
REPLACE INTO city(region_id, name) values (684, 'Taranto');
REPLACE INTO city(region_id, name) values (925, 'Culiacn');
REPLACE INTO city(region_id, name) values (925, 'Mazatln');
REPLACE INTO city(region_id, name) values (971, 'Нью-Плимут');
REPLACE INTO city(region_id, name) values (984, 'sen');
REPLACE INTO city(region_id, name) values (984, 'By');
REPLACE INTO city(region_id, name) values (984, 'Grong');
REPLACE INTO city(region_id, name) values (984, 'Levanger');
REPLACE INTO city(region_id, name) values (984, 'Namsos');
REPLACE INTO city(region_id, name) values (984, 'Rosvik');
REPLACE INTO city(region_id, name) values (984, 'Rrvik');
REPLACE INTO city(region_id, name) values (984, 'Steinkjer');
REPLACE INTO city(region_id, name) values (984, 'Stenkjr');
REPLACE INTO city(region_id, name) values (1004, 'Atalayita');
REPLACE INTO city(region_id, name) values (1008, 'Asuncin');
REPLACE INTO city(region_id, name) values (1012, 'Achaguay Medio');
REPLACE INTO region(id, country_id, name) values (1035, 145, 'Адамстаун');
REPLACE INTO city(region_id, name) values (685, 'Cagliari');
REPLACE INTO city(region_id, name) values (685, 'Collinas');
REPLACE INTO city(region_id, name) values (685, 'Elmas');
REPLACE INTO city(region_id, name) values (685, 'Gonnesa');
REPLACE INTO city(region_id, name) values (685, 'Quartu Sant''''Elena');
REPLACE INTO city(region_id, name) values (926, 'Cajon');
REPLACE INTO city(region_id, name) values (926, 'El Empalme');
REPLACE INTO city(region_id, name) values (926, 'Hermosillo');
REPLACE INTO city(region_id, name) values (926, 'Obregon');
REPLACE INTO city(region_id, name) values (926, 'San Luis Ro Colorado');
REPLACE INTO city(region_id, name) values (972, 'Ричмонд');
REPLACE INTO city(region_id, name) values (985, '');
REPLACE INTO city(region_id, name) values (985, 'i Lofoten');
REPLACE INTO city(region_id, name) values (985, 's');
REPLACE INTO city(region_id, name) values (985, 'Ballset');
REPLACE INTO city(region_id, name) values (985, 'Bergsdalen');
REPLACE INTO city(region_id, name) values (985, 'Bod');
REPLACE INTO city(region_id, name) values (985, 'Bosmo');
REPLACE INTO city(region_id, name) values (985, 'B i Vesteralen');
REPLACE INTO city(region_id, name) values (985, 'Brnny');
REPLACE INTO city(region_id, name) values (985, 'Grimstad');
REPLACE INTO city(region_id, name) values (985, 'Grnning');
REPLACE INTO city(region_id, name) values (985, 'Leirvik');
REPLACE INTO city(region_id, name) values (985, 'Melbu');
REPLACE INTO city(region_id, name) values (985, 'Mo i Rana');
REPLACE INTO city(region_id, name) values (985, 'Mosjen');
REPLACE INTO city(region_id, name) values (985, 'Narvik');
REPLACE INTO city(region_id, name) values (985, 'Neverdal');
REPLACE INTO city(region_id, name) values (985, 'Nordfold');
REPLACE INTO city(region_id, name) values (985, 'rnes');
REPLACE INTO city(region_id, name) values (985, 'Sortland');
REPLACE INTO city(region_id, name) values (985, 'Stokmarknes');
REPLACE INTO city(region_id, name) values (985, 'Svolvr');
REPLACE INTO city(region_id, name) values (985, 'Vgan');
REPLACE INTO city(region_id, name) values (1005, 'Amador');
REPLACE INTO city(region_id, name) values (1005, 'Arraijn');
REPLACE INTO city(region_id, name) values (1005, 'Caledonia');
REPLACE INTO city(region_id, name) values (1005, 'Ciudad de Panam');
REPLACE INTO city(region_id, name) values (1005, 'Paitilla');
REPLACE INTO city(region_id, name) values (1005, 'Panam');
REPLACE INTO city(region_id, name) values (1005, 'Panama City');
REPLACE INTO city(region_id, name) values (1005, 'San Miguelito');
REPLACE INTO city(region_id, name) values (1009, 'Itacurub de la Cordillera');
REPLACE INTO city(region_id, name) values (1013, 'Acco');
REPLACE INTO city(region_id, name) values (1013, 'Chimbote');
REPLACE INTO city(region_id, name) values (1013, 'Huaraz');
REPLACE INTO city(region_id, name) values (1035, 'Адамстаун');
REPLACE INTO region(id, country_id, name) values (1036, 146, 'Biala Podlaska');
REPLACE INTO region(id, country_id, name) values (1037, 146, 'Bialystok');
REPLACE INTO region(id, country_id, name) values (1038, 146, 'Bielsko');
REPLACE INTO region(id, country_id, name) values (1039, 146, 'Bydgoszcz');
REPLACE INTO region(id, country_id, name) values (1040, 146, 'Chelm');
REPLACE INTO region(id, country_id, name) values (1041, 146, 'Czestochowa');
REPLACE INTO region(id, country_id, name) values (1042, 146, 'Dolnoslaskie');
REPLACE INTO region(id, country_id, name) values (1043, 146, 'Elblag');
REPLACE INTO region(id, country_id, name) values (1044, 146, 'Gdansk');
REPLACE INTO region(id, country_id, name) values (1045, 146, 'Gorzow');
REPLACE INTO region(id, country_id, name) values (1046, 146, 'Jelenia Gora');
REPLACE INTO region(id, country_id, name) values (1047, 146, 'Kalisz');
REPLACE INTO region(id, country_id, name) values (1048, 146, 'Katowice');
REPLACE INTO region(id, country_id, name) values (1049, 146, 'Kielce');
REPLACE INTO region(id, country_id, name) values (1050, 146, 'Konin');
REPLACE INTO region(id, country_id, name) values (1051, 146, 'Koszalin');
REPLACE INTO region(id, country_id, name) values (1052, 146, 'Krakow');
REPLACE INTO region(id, country_id, name) values (1053, 146, 'Kujawsko-Pomorskie');
REPLACE INTO region(id, country_id, name) values (1054, 146, 'Legnica');
REPLACE INTO region(id, country_id, name) values (1055, 146, 'Leszno');
REPLACE INTO region(id, country_id, name) values (1056, 146, 'Lodz');
REPLACE INTO region(id, country_id, name) values (1057, 146, 'Lodzkie');
REPLACE INTO region(id, country_id, name) values (1058, 146, 'Lomza');
REPLACE INTO region(id, country_id, name) values (1059, 146, 'Lublin');
REPLACE INTO region(id, country_id, name) values (1060, 146, 'Lubuskie');
REPLACE INTO region(id, country_id, name) values (1061, 146, 'Malopolskie');
REPLACE INTO region(id, country_id, name) values (1062, 146, 'Mazowieckie');
REPLACE INTO region(id, country_id, name) values (1063, 146, 'None');
REPLACE INTO region(id, country_id, name) values (1064, 146, 'Nowy Sacz');
REPLACE INTO region(id, country_id, name) values (1065, 146, 'Olsztyn');
REPLACE INTO region(id, country_id, name) values (1066, 146, 'Opole');
REPLACE INTO region(id, country_id, name) values (1067, 146, 'Ostroleka');
REPLACE INTO region(id, country_id, name) values (1068, 146, 'Pila');
REPLACE INTO region(id, country_id, name) values (1069, 146, 'Piotrkow');
REPLACE INTO region(id, country_id, name) values (1070, 146, 'Plock');
REPLACE INTO region(id, country_id, name) values (1071, 146, 'Podkarpackie');
REPLACE INTO region(id, country_id, name) values (1072, 146, 'Pomorskie');
REPLACE INTO region(id, country_id, name) values (1073, 146, 'Poznan');
REPLACE INTO region(id, country_id, name) values (1074, 146, 'Przemysl');
REPLACE INTO region(id, country_id, name) values (1075, 146, 'Radom');
REPLACE INTO region(id, country_id, name) values (1076, 146, 'Rzeszow');
REPLACE INTO region(id, country_id, name) values (1077, 146, 'Siedlce');
REPLACE INTO region(id, country_id, name) values (1078, 146, 'Sieradz');
REPLACE INTO region(id, country_id, name) values (1079, 146, 'Skierniewice');
REPLACE INTO region(id, country_id, name) values (1080, 146, 'Slaskie');
REPLACE INTO region(id, country_id, name) values (1081, 146, 'Slupsk');
REPLACE INTO region(id, country_id, name) values (1082, 146, 'Suwalki');
REPLACE INTO region(id, country_id, name) values (1083, 146, 'Swietokrzyskie');
REPLACE INTO region(id, country_id, name) values (1084, 146, 'Tarnobrzeg');
REPLACE INTO region(id, country_id, name) values (1085, 146, 'Tarnow');
REPLACE INTO region(id, country_id, name) values (1086, 146, 'Torun');
REPLACE INTO region(id, country_id, name) values (1087, 146, 'Walbrzych');
REPLACE INTO region(id, country_id, name) values (1088, 146, 'Warminsko-Mazurskie');
REPLACE INTO region(id, country_id, name) values (1089, 146, 'Warszawa');
REPLACE INTO region(id, country_id, name) values (1090, 146, 'Wielkopolskie');
REPLACE INTO region(id, country_id, name) values (1091, 146, 'Wloclawek');
REPLACE INTO region(id, country_id, name) values (1092, 146, 'Wroclaw');
REPLACE INTO region(id, country_id, name) values (1093, 146, 'Zachodniopomorskie');
REPLACE INTO region(id, country_id, name) values (1094, 146, 'Zamosc');
REPLACE INTO region(id, country_id, name) values (1095, 146, 'Zielona Gora');
REPLACE INTO city(region_id, name) values (686, 'Nuoro');
REPLACE INTO city(region_id, name) values (927, 'Buena Vista de Tamult de las Sabanas');
REPLACE INTO city(region_id, name) values (927, 'Carrizal');
REPLACE INTO city(region_id, name) values (927, 'Casa Blanca Segunda Seccin');
REPLACE INTO city(region_id, name) values (927, 'Ciudad Pemex');
REPLACE INTO city(region_id, name) values (927, 'Cuauhtmoc');
REPLACE INTO city(region_id, name) values (927, 'Dos Montes');
REPLACE INTO city(region_id, name) values (927, 'Paso Real');
REPLACE INTO city(region_id, name) values (927, 'Tenosique de Pino Surez');
REPLACE INTO city(region_id, name) values (927, 'Tierra Colorada');
REPLACE INTO city(region_id, name) values (927, 'Villa La Venta');
REPLACE INTO city(region_id, name) values (927, 'Villahermosa');
REPLACE INTO city(region_id, name) values (927, 'Zaragoza');
REPLACE INTO city(region_id, name) values (973, 'Веллингтон');
REPLACE INTO city(region_id, name) values (973, 'Ловер-Хатт');
REPLACE INTO city(region_id, name) values (973, 'Мастертон');
REPLACE INTO city(region_id, name) values (986, 'Beitostlen');
REPLACE INTO city(region_id, name) values (986, 'Gjvik');
REPLACE INTO city(region_id, name) values (986, 'Gran');
REPLACE INTO city(region_id, name) values (986, 'Kolbu');
REPLACE INTO city(region_id, name) values (986, 'Lillehammer');
REPLACE INTO city(region_id, name) values (986, 'Lom');
REPLACE INTO city(region_id, name) values (986, 'Otta');
REPLACE INTO city(region_id, name) values (986, 'Raufoss');
REPLACE INTO city(region_id, name) values (986, 'Ringebu');
REPLACE INTO city(region_id, name) values (986, 'Skreia');
REPLACE INTO city(region_id, name) values (986, 'Venaasen');
REPLACE INTO city(region_id, name) values (1010, 'Barrio Asuncin');
REPLACE INTO city(region_id, name) values (1010, 'Diarte');
REPLACE INTO city(region_id, name) values (1014, 'Arequipa');
REPLACE INTO city(region_id, name) values (1036, 'Aleksandrw');
REPLACE INTO city(region_id, name) values (1036, 'Andrzejw');
REPLACE INTO city(region_id, name) values (1036, 'Antolin');
REPLACE INTO city(region_id, name) values (1036, 'Bedlno');
REPLACE INTO city(region_id, name) values (1036, 'Bia‚a Podlaska');
REPLACE INTO city(region_id, name) values (1036, 'Horbw');
REPLACE INTO city(region_id, name) values (1036, 'Miedzyrzec');
REPLACE INTO city(region_id, name) values (1036, 'Terespol');
REPLACE INTO region(id, country_id, name) values (1096, 147, 'Aveiro');
REPLACE INTO region(id, country_id, name) values (1097, 147, 'Azores');
REPLACE INTO region(id, country_id, name) values (1098, 147, 'Beja');
REPLACE INTO region(id, country_id, name) values (1099, 147, 'Braga');
REPLACE INTO region(id, country_id, name) values (1100, 147, 'Braganca');
REPLACE INTO region(id, country_id, name) values (1101, 147, 'Castelo Branco');
REPLACE INTO region(id, country_id, name) values (1102, 147, 'Coimbra');
REPLACE INTO region(id, country_id, name) values (1103, 147, 'Evora');
REPLACE INTO region(id, country_id, name) values (1104, 147, 'Faro');
REPLACE INTO region(id, country_id, name) values (1105, 147, 'Guarda');
REPLACE INTO region(id, country_id, name) values (1106, 147, 'Leiria');
REPLACE INTO region(id, country_id, name) values (1107, 147, 'Lisboa');
REPLACE INTO region(id, country_id, name) values (1108, 147, 'Madeira');
REPLACE INTO region(id, country_id, name) values (1109, 147, 'None');
REPLACE INTO region(id, country_id, name) values (1110, 147, 'Portalegre');
REPLACE INTO region(id, country_id, name) values (1111, 147, 'Porto');
REPLACE INTO region(id, country_id, name) values (1112, 147, 'Santarem');
REPLACE INTO region(id, country_id, name) values (1113, 147, 'Setubal');
REPLACE INTO region(id, country_id, name) values (1114, 147, 'Viana do Castelo');
REPLACE INTO region(id, country_id, name) values (1115, 147, 'Vila Real');
REPLACE INTO region(id, country_id, name) values (1116, 147, 'Viseu');
REPLACE INTO city(region_id, name) values (687, 'Milis');
REPLACE INTO city(region_id, name) values (687, 'Oristano');
REPLACE INTO city(region_id, name) values (687, 'Pau');
REPLACE INTO city(region_id, name) values (928, 'Ciudad Victoria');
REPLACE INTO city(region_id, name) values (928, 'Matamoros');
REPLACE INTO city(region_id, name) values (928, 'Nuevo Laredo');
REPLACE INTO city(region_id, name) values (928, 'Reynosa');
REPLACE INTO city(region_id, name) values (928, 'Tampico');
REPLACE INTO city(region_id, name) values (974, 'Греймоут');
REPLACE INTO city(region_id, name) values (987, 'Bekkelaget');
REPLACE INTO city(region_id, name) values (987, 'Bjrnholt');
REPLACE INTO city(region_id, name) values (987, 'Bryn');
REPLACE INTO city(region_id, name) values (987, 'Bygdy');
REPLACE INTO city(region_id, name) values (987, 'Christiania');
REPLACE INTO city(region_id, name) values (987, 'Ekeberg');
REPLACE INTO city(region_id, name) values (987, 'Fiskevoll');
REPLACE INTO city(region_id, name) values (987, 'Frognerstra');
REPLACE INTO city(region_id, name) values (987, 'Grefsen');
REPLACE INTO city(region_id, name) values (987, 'Grorud');
REPLACE INTO city(region_id, name) values (987, 'Hasle');
REPLACE INTO city(region_id, name) values (987, 'Holmen');
REPLACE INTO city(region_id, name) values (987, 'Holmenkollen');
REPLACE INTO city(region_id, name) values (987, 'Hybraaten');
REPLACE INTO city(region_id, name) values (987, 'Lamberseter');
REPLACE INTO city(region_id, name) values (987, 'Oppsal');
REPLACE INTO city(region_id, name) values (987, 'Oslo');
REPLACE INTO city(region_id, name) values (987, 'Rd');
REPLACE INTO city(region_id, name) values (987, 'Sinsen');
REPLACE INTO city(region_id, name) values (987, 'Slakteren');
REPLACE INTO city(region_id, name) values (987, 'Tyen');
REPLACE INTO city(region_id, name) values (987, 'Vika');
REPLACE INTO city(region_id, name) values (1011, 'Colonia San Pedro');
REPLACE INTO city(region_id, name) values (1011, 'Mercedes');
REPLACE INTO city(region_id, name) values (1011, 'Puerto Villa del Rosario');
REPLACE INTO city(region_id, name) values (1011, 'San Pedro');
REPLACE INTO city(region_id, name) values (1015, 'Cangallo');
REPLACE INTO city(region_id, name) values (1037, 'Aleksandrowo');
REPLACE INTO city(region_id, name) values (1037, 'Antoniuk');
REPLACE INTO city(region_id, name) values (1037, 'Augustowo');
REPLACE INTO city(region_id, name) values (1037, 'Bernadzki Most');
REPLACE INTO city(region_id, name) values (1037, 'Bia‚ostoczek');
REPLACE INTO city(region_id, name) values (1037, 'Bialystok');
REPLACE INTO city(region_id, name) values (1037, 'Bielsk Podlaski');
REPLACE INTO city(region_id, name) values (1037, 'Hajnwka');
REPLACE INTO city(region_id, name) values (1037, 'Mielnik');
REPLACE INTO city(region_id, name) values (1037, 'Sokulka');
REPLACE INTO city(region_id, name) values (1096, 'A dos Ferreiros de Cima');
REPLACE INTO city(region_id, name) values (1096, 'gua Levada');
REPLACE INTO city(region_id, name) values (1096, 'gueda');
REPLACE INTO city(region_id, name) values (1096, 'Albergaria-a-Velha');
REPLACE INTO city(region_id, name) values (1096, 'Arcozelo');
REPLACE INTO city(region_id, name) values (1096, 'Arieiro');
REPLACE INTO city(region_id, name) values (1096, 'Aveiro');
REPLACE INTO city(region_id, name) values (1096, 'Borralha');
REPLACE INTO city(region_id, name) values (1096, 'Cacia');
REPLACE INTO city(region_id, name) values (1096, 'Cambra');
REPLACE INTO city(region_id, name) values (1096, 'Espinho');
REPLACE INTO city(region_id, name) values (1096, 'Feira');
REPLACE INTO city(region_id, name) values (1096, 'Gafanha da Nazar');
REPLACE INTO city(region_id, name) values (1096, 'Gio');
REPLACE INTO city(region_id, name) values (1096, 'lhavo');
REPLACE INTO city(region_id, name) values (1096, 'Oliveira de Azemeis');
REPLACE INTO city(region_id, name) values (1096, 'Ovar');
REPLACE INTO city(region_id, name) values (1096, 'Pampilhosa');
REPLACE INTO city(region_id, name) values (1096, 'Santa Maria');
REPLACE INTO city(region_id, name) values (1096, 'Santo Joo da Madeira');
REPLACE INTO city(region_id, name) values (1096, 'So Joo da Madeira');
REPLACE INTO city(region_id, name) values (1096, 'So Joo de Madeira');
REPLACE INTO city(region_id, name) values (1096, 'Vale de Cambra');
REPLACE INTO region(id, country_id, name) values (1117, 148, 'Puerto Rico');
REPLACE INTO city(region_id, name) values (688, 'Olbia');
REPLACE INTO city(region_id, name) values (688, 'Sassari');
REPLACE INTO city(region_id, name) values (688, 'Tempio Pausania');
REPLACE INTO city(region_id, name) values (929, 'Apetatitln');
REPLACE INTO city(region_id, name) values (929, 'Apizaco');
REPLACE INTO city(region_id, name) values (929, 'Chiautempan');
REPLACE INTO city(region_id, name) values (929, 'Panotla');
REPLACE INTO city(region_id, name) values (929, 'Teolocholco');
REPLACE INTO city(region_id, name) values (929, 'Tlaxcala');
REPLACE INTO city(region_id, name) values (988, 'Askim');
REPLACE INTO city(region_id, name) values (988, 'Borgen');
REPLACE INTO city(region_id, name) values (988, 'Dole Stasjon');
REPLACE INTO city(region_id, name) values (988, 'Fredrikstad');
REPLACE INTO city(region_id, name) values (988, 'Greker');
REPLACE INTO city(region_id, name) values (988, 'Halden');
REPLACE INTO city(region_id, name) values (988, 'Knapstad');
REPLACE INTO city(region_id, name) values (988, 'Moss');
REPLACE INTO city(region_id, name) values (988, 'Sarpsborg');
REPLACE INTO city(region_id, name) values (1016, 'Agua Dulce');
REPLACE INTO city(region_id, name) values (1016, 'Cajamarca');
REPLACE INTO city(region_id, name) values (1038, 'Auschwitz');
REPLACE INTO city(region_id, name) values (1038, 'Bednarze');
REPLACE INTO city(region_id, name) values (1038, 'Bielsko-Bia‚a');
REPLACE INTO city(region_id, name) values (1038, 'Czaniec');
REPLACE INTO city(region_id, name) values (1038, 'Kety');
REPLACE INTO city(region_id, name) values (1038, 'Oswiecim');
REPLACE INTO city(region_id, name) values (1097, 'Angra');
REPLACE INTO city(region_id, name) values (1097, 'Angra do Herosmo');
REPLACE INTO city(region_id, name) values (1097, 'Fayal');
REPLACE INTO city(region_id, name) values (1097, 'Madalena');
REPLACE INTO city(region_id, name) values (1097, 'Ponta Delgada');
REPLACE INTO city(region_id, name) values (1097, 'Praia da Vitria');
REPLACE INTO city(region_id, name) values (1117, 'Adjuntas');
REPLACE INTO city(region_id, name) values (1117, 'Aguada');
REPLACE INTO city(region_id, name) values (1117, 'Aguas Buenas');
REPLACE INTO city(region_id, name) values (1117, 'Angeles');
REPLACE INTO city(region_id, name) values (1117, 'Arecibo');
REPLACE INTO city(region_id, name) values (1117, 'Bayamon');
REPLACE INTO city(region_id, name) values (1117, 'Camuy');
REPLACE INTO city(region_id, name) values (1117, 'Dorado');
REPLACE INTO city(region_id, name) values (1117, 'Gurabo');
REPLACE INTO city(region_id, name) values (1117, 'Mayaguez');
REPLACE INTO city(region_id, name) values (1117, 'Puerto Real');
REPLACE INTO city(region_id, name) values (1117, 'Quebradillas');
REPLACE INTO city(region_id, name) values (1117, 'San Juan');
REPLACE INTO city(region_id, name) values (1117, 'San Lorenzo');
REPLACE INTO city(region_id, name) values (1117, 'Santa Isabel');
REPLACE INTO region(id, country_id, name) values (1118, 149, 'Saint-Denis');
REPLACE INTO city(region_id, name) values (689, 'Agrigento');
REPLACE INTO city(region_id, name) values (689, 'Licata');
REPLACE INTO city(region_id, name) values (689, 'Siculiana');
REPLACE INTO city(region_id, name) values (930, 'Acala');
REPLACE INTO city(region_id, name) values (930, 'Coatzacoalcos');
REPLACE INTO city(region_id, name) values (930, 'Orizaba');
REPLACE INTO city(region_id, name) values (930, 'Papantla de Olarte');
REPLACE INTO city(region_id, name) values (930, 'Potrero del Llano');
REPLACE INTO city(region_id, name) values (930, 'Tuxpan de Rodrguez Cano');
REPLACE INTO city(region_id, name) values (930, 'Veracruz');
REPLACE INTO city(region_id, name) values (930, 'Veracruz Llave');
REPLACE INTO city(region_id, name) values (930, 'Xalapa');
REPLACE INTO city(region_id, name) values (989, 'Aakrehamn');
REPLACE INTO city(region_id, name) values (989, 'lgrd');
REPLACE INTO city(region_id, name) values (989, 'Bryne');
REPLACE INTO city(region_id, name) values (989, 'Egersund');
REPLACE INTO city(region_id, name) values (989, 'Figgjo');
REPLACE INTO city(region_id, name) values (989, 'Haugesund');
REPLACE INTO city(region_id, name) values (989, 'Karst');
REPLACE INTO city(region_id, name) values (989, 'Leirvik');
REPLACE INTO city(region_id, name) values (989, 'Sandnes');
REPLACE INTO city(region_id, name) values (989, 'Stavanger');
REPLACE INTO city(region_id, name) values (989, 'Stavenger');
REPLACE INTO city(region_id, name) values (989, 'Tasta');
REPLACE INTO city(region_id, name) values (1017, 'La Perla');
REPLACE INTO city(region_id, name) values (1039, 'Augustowo');
REPLACE INTO city(region_id, name) values (1039, 'Cekcyn');
REPLACE INTO city(region_id, name) values (1039, 'Chojnice');
REPLACE INTO city(region_id, name) values (1039, 'Fordon');
REPLACE INTO city(region_id, name) values (1039, 'Inovrotslav');
REPLACE INTO city(region_id, name) values (1039, 'Slesin');
REPLACE INTO city(region_id, name) values (1098, 'A do Ledo');
REPLACE INTO city(region_id, name) values (1098, 'Beja');
REPLACE INTO city(region_id, name) values (1098, 'Boavista dos Pinheiros');
REPLACE INTO city(region_id, name) values (1098, 'San Teotnio');
REPLACE INTO city(region_id, name) values (1118, 'Сант-Денис');
REPLACE INTO region(id, country_id, name) values (1119, 150, 'Руанда');
REPLACE INTO city(region_id, name) values (690, 'Aci Sant''''Antonio');
REPLACE INTO city(region_id, name) values (690, 'Acireale');
REPLACE INTO city(region_id, name) values (690, 'Biancavilla');
REPLACE INTO city(region_id, name) values (690, 'Castiglione di Sicilia');
REPLACE INTO city(region_id, name) values (690, 'Catania');
REPLACE INTO city(region_id, name) values (690, 'Giarre');
REPLACE INTO city(region_id, name) values (690, 'Linguaglossa');
REPLACE INTO city(region_id, name) values (690, 'Maletto');
REPLACE INTO city(region_id, name) values (690, 'Mazzarrone');
REPLACE INTO city(region_id, name) values (690, 'Randazzo');
REPLACE INTO city(region_id, name) values (690, 'Santa Venerina');
REPLACE INTO city(region_id, name) values (931, 'Mrida');
REPLACE INTO city(region_id, name) values (931, 'Valladolid');
REPLACE INTO city(region_id, name) values (990, 'Aalen');
REPLACE INTO city(region_id, name) values (990, 'rberg');
REPLACE INTO city(region_id, name) values (990, 'Flor');
REPLACE INTO city(region_id, name) values (990, 'Frde');
REPLACE INTO city(region_id, name) values (990, 'Mly');
REPLACE INTO city(region_id, name) values (990, 'Nordfjordeid');
REPLACE INTO city(region_id, name) values (990, 'Stryn');
REPLACE INTO city(region_id, name) values (1018, 'Astana');
REPLACE INTO city(region_id, name) values (1018, 'Cusco');
REPLACE INTO city(region_id, name) values (1018, 'Machu Piccho');
REPLACE INTO city(region_id, name) values (1018, 'Pisac');
REPLACE INTO city(region_id, name) values (1040, 'Che‚m');
REPLACE INTO city(region_id, name) values (1040, 'Horodyszcze');
REPLACE INTO city(region_id, name) values (1040, 'Huta');
REPLACE INTO city(region_id, name) values (1040, 'Krasnystaw');
REPLACE INTO city(region_id, name) values (1099, 'Abao');
REPLACE INTO city(region_id, name) values (1099, 'Aboim');
REPLACE INTO city(region_id, name) values (1099, 'Aborim');
REPLACE INTO city(region_id, name) values (1099, 'Agilde');
REPLACE INTO city(region_id, name) values (1099, 'Agrelo');
REPLACE INTO city(region_id, name) values (1099, 'Barcelos');
REPLACE INTO city(region_id, name) values (1099, 'Braga');
REPLACE INTO city(region_id, name) values (1099, 'Caldas de Vizela');
REPLACE INTO city(region_id, name) values (1099, 'Esposende');
REPLACE INTO city(region_id, name) values (1099, 'Famalico');
REPLACE INTO city(region_id, name) values (1099, 'Guimares');
REPLACE INTO city(region_id, name) values (1099, 'Lobo');
REPLACE INTO city(region_id, name) values (1099, 'Vila Nova de Famalico');
REPLACE INTO city(region_id, name) values (1099, 'Vila Verde');
REPLACE INTO city(region_id, name) values (1119, 'Кигали');
REPLACE INTO region(id, country_id, name) values (1120, 151, 'Alba');
REPLACE INTO region(id, country_id, name) values (1121, 151, 'Arad');
REPLACE INTO region(id, country_id, name) values (1122, 151, 'Arges');
REPLACE INTO region(id, country_id, name) values (1123, 151, 'Bacau');
REPLACE INTO region(id, country_id, name) values (1124, 151, 'Bihor');
REPLACE INTO region(id, country_id, name) values (1125, 151, 'Bistrita-Nasaud');
REPLACE INTO region(id, country_id, name) values (1126, 151, 'Botosani');
REPLACE INTO region(id, country_id, name) values (1127, 151, 'Braila');
REPLACE INTO region(id, country_id, name) values (1128, 151, 'Brasov');
REPLACE INTO region(id, country_id, name) values (1129, 151, 'Bucuresti');
REPLACE INTO region(id, country_id, name) values (1130, 151, 'Buzau');
REPLACE INTO region(id, country_id, name) values (1131, 151, 'Calarasi');
REPLACE INTO region(id, country_id, name) values (1132, 151, 'Caras-Severin');
REPLACE INTO region(id, country_id, name) values (1133, 151, 'Cluj');
REPLACE INTO region(id, country_id, name) values (1134, 151, 'Constanta');
REPLACE INTO region(id, country_id, name) values (1135, 151, 'Covasna');
REPLACE INTO region(id, country_id, name) values (1136, 151, 'Dambovita');
REPLACE INTO region(id, country_id, name) values (1137, 151, 'Dolj');
REPLACE INTO region(id, country_id, name) values (1138, 151, 'Galati');
REPLACE INTO region(id, country_id, name) values (1139, 151, 'Giurgiu');
REPLACE INTO region(id, country_id, name) values (1140, 151, 'Gorj');
REPLACE INTO region(id, country_id, name) values (1141, 151, 'Harghita');
REPLACE INTO region(id, country_id, name) values (1142, 151, 'Hunedoara');
REPLACE INTO region(id, country_id, name) values (1143, 151, 'Ialomita');
REPLACE INTO region(id, country_id, name) values (1144, 151, 'Iasi');
REPLACE INTO region(id, country_id, name) values (1145, 151, 'Ilfov');
REPLACE INTO region(id, country_id, name) values (1146, 151, 'Maramures');
REPLACE INTO region(id, country_id, name) values (1147, 151, 'Mehedinti');
REPLACE INTO region(id, country_id, name) values (1148, 151, 'Mures');
REPLACE INTO region(id, country_id, name) values (1149, 151, 'Neamt');
REPLACE INTO region(id, country_id, name) values (1150, 151, 'Olt');
REPLACE INTO region(id, country_id, name) values (1151, 151, 'Prahova');
REPLACE INTO region(id, country_id, name) values (1152, 151, 'Salaj');
REPLACE INTO region(id, country_id, name) values (1153, 151, 'Satu Mare');
REPLACE INTO region(id, country_id, name) values (1154, 151, 'Sibiu');
REPLACE INTO region(id, country_id, name) values (1155, 151, 'Suceava');
REPLACE INTO region(id, country_id, name) values (1156, 151, 'Teleorman');
REPLACE INTO region(id, country_id, name) values (1157, 151, 'Timis');
REPLACE INTO region(id, country_id, name) values (1158, 151, 'Tulcea');
REPLACE INTO region(id, country_id, name) values (1159, 151, 'Valcea');
REPLACE INTO region(id, country_id, name) values (1160, 151, 'Vaslui');
REPLACE INTO region(id, country_id, name) values (1161, 151, 'Vrancea');
REPLACE INTO city(region_id, name) values (691, 'Capo d''''Orlando');
REPLACE INTO city(region_id, name) values (691, 'Capri Leone');
REPLACE INTO city(region_id, name) values (691, 'Giardini-Naxos');
REPLACE INTO city(region_id, name) values (691, 'Lipari');
REPLACE INTO city(region_id, name) values (691, 'Malfa');
REPLACE INTO city(region_id, name) values (691, 'Messina');
REPLACE INTO city(region_id, name) values (691, 'Milazzo');
REPLACE INTO city(region_id, name) values (691, 'Militello Rosmarino');
REPLACE INTO city(region_id, name) values (691, 'Santo Stefano di Camastra');
REPLACE INTO city(region_id, name) values (691, 'Taormina');
REPLACE INTO city(region_id, name) values (991, '');
REPLACE INTO city(region_id, name) values (991, 'Angen');
REPLACE INTO city(region_id, name) values (991, 'Bakken');
REPLACE INTO city(region_id, name) values (991, 'Hstnes');
REPLACE INTO city(region_id, name) values (991, 'Leirvik');
REPLACE INTO city(region_id, name) values (991, 'Lensvik');
REPLACE INTO city(region_id, name) values (991, 'Oppdal');
REPLACE INTO city(region_id, name) values (991, 'Orkanger');
REPLACE INTO city(region_id, name) values (991, 'Trondheim');
REPLACE INTO city(region_id, name) values (991, 'Trondhjem');
REPLACE INTO city(region_id, name) values (1019, 'Tingo Mara');
REPLACE INTO city(region_id, name) values (1041, 'Aleksandria Pierwsza');
REPLACE INTO city(region_id, name) values (1041, 'Chenstochov');
REPLACE INTO city(region_id, name) values (1041, 'Czestochowa');
REPLACE INTO city(region_id, name) values (1100, 'Belver');
REPLACE INTO city(region_id, name) values (1120, 'Abrud');
REPLACE INTO city(region_id, name) values (1120, 'Aiud');
REPLACE INTO city(region_id, name) values (1120, 'Alba Iulia');
REPLACE INTO city(region_id, name) values (1120, 'Baia de Aries');
REPLACE INTO city(region_id, name) values (1120, 'Blaj');
REPLACE INTO city(region_id, name) values (1120, 'Campeni');
REPLACE INTO city(region_id, name) values (1120, 'Cugir');
REPLACE INTO city(region_id, name) values (1120, 'Ocna Mures');
REPLACE INTO city(region_id, name) values (1120, 'Sebes');
REPLACE INTO city(region_id, name) values (1120, 'Teius');
REPLACE INTO city(region_id, name) values (1120, 'Zlatna');
REPLACE INTO region(id, country_id, name) values (1162, 152, 'Alabama');
REPLACE INTO region(id, country_id, name) values (1163, 152, 'Alaska');
REPLACE INTO region(id, country_id, name) values (1164, 152, 'American Samoa');
REPLACE INTO region(id, country_id, name) values (1165, 152, 'Arizona');
REPLACE INTO region(id, country_id, name) values (1166, 152, 'Arkansas');
REPLACE INTO region(id, country_id, name) values (1167, 152, 'California');
REPLACE INTO region(id, country_id, name) values (1168, 152, 'Colorado');
REPLACE INTO region(id, country_id, name) values (1169, 152, 'Connecticut');
REPLACE INTO region(id, country_id, name) values (1170, 152, 'Delaware');
REPLACE INTO region(id, country_id, name) values (1171, 152, 'District of Columbia');
REPLACE INTO region(id, country_id, name) values (1172, 152, 'Florida');
REPLACE INTO region(id, country_id, name) values (1173, 152, 'Georgia');
REPLACE INTO region(id, country_id, name) values (1174, 152, 'Hawaii');
REPLACE INTO region(id, country_id, name) values (1175, 152, 'Idaho');
REPLACE INTO region(id, country_id, name) values (1176, 152, 'Illinois');
REPLACE INTO region(id, country_id, name) values (1177, 152, 'Indiana');
REPLACE INTO region(id, country_id, name) values (1178, 152, 'Iowa');
REPLACE INTO region(id, country_id, name) values (1179, 152, 'Kansas');
REPLACE INTO region(id, country_id, name) values (1180, 152, 'Kentucky');
REPLACE INTO region(id, country_id, name) values (1181, 152, 'Louisiana');
REPLACE INTO region(id, country_id, name) values (1182, 152, 'Maine');
REPLACE INTO region(id, country_id, name) values (1183, 152, 'Maryland');
REPLACE INTO region(id, country_id, name) values (1184, 152, 'Massachusetts');
REPLACE INTO region(id, country_id, name) values (1185, 152, 'Michigan');
REPLACE INTO region(id, country_id, name) values (1186, 152, 'Minnesota');
REPLACE INTO region(id, country_id, name) values (1187, 152, 'Mississippi');
REPLACE INTO region(id, country_id, name) values (1188, 152, 'Missouri');
REPLACE INTO region(id, country_id, name) values (1189, 152, 'Montana');
REPLACE INTO region(id, country_id, name) values (1190, 152, 'Nebraska');
REPLACE INTO region(id, country_id, name) values (1191, 152, 'Nevada');
REPLACE INTO region(id, country_id, name) values (1192, 152, 'New Hampshire');
REPLACE INTO region(id, country_id, name) values (1193, 152, 'New Jersey');
REPLACE INTO region(id, country_id, name) values (1194, 152, 'New Mexico');
REPLACE INTO region(id, country_id, name) values (1195, 152, 'New York');
REPLACE INTO region(id, country_id, name) values (1196, 152, 'North Carolina');
REPLACE INTO region(id, country_id, name) values (1197, 152, 'North Dakota');
REPLACE INTO region(id, country_id, name) values (1198, 152, 'Ohio');
REPLACE INTO region(id, country_id, name) values (1199, 152, 'Oklahoma');
REPLACE INTO region(id, country_id, name) values (1200, 152, 'Oregon');
REPLACE INTO region(id, country_id, name) values (1201, 152, 'Pennsylvania');
REPLACE INTO region(id, country_id, name) values (1202, 152, 'Rhode Island');
REPLACE INTO region(id, country_id, name) values (1203, 152, 'South Carolina');
REPLACE INTO region(id, country_id, name) values (1204, 152, 'South Dakota');
REPLACE INTO region(id, country_id, name) values (1205, 152, 'Tennessee');
REPLACE INTO region(id, country_id, name) values (1206, 152, 'Texas');
REPLACE INTO region(id, country_id, name) values (1207, 152, 'Utah');
REPLACE INTO region(id, country_id, name) values (1208, 152, 'Vermont');
REPLACE INTO region(id, country_id, name) values (1209, 152, 'Virgin Islands');
REPLACE INTO region(id, country_id, name) values (1210, 152, 'Virginia');
REPLACE INTO region(id, country_id, name) values (1211, 152, 'Washington');
REPLACE INTO region(id, country_id, name) values (1212, 152, 'West Virginia');
REPLACE INTO region(id, country_id, name) values (1213, 152, 'Wisconsin');
REPLACE INTO region(id, country_id, name) values (1214, 152, 'Wyoming');
REPLACE INTO city(region_id, name) values (692, 'Alimena');
REPLACE INTO city(region_id, name) values (692, 'Altofonte');
REPLACE INTO city(region_id, name) values (692, 'Blufi');
REPLACE INTO city(region_id, name) values (692, 'Borgetto');
REPLACE INTO city(region_id, name) values (692, 'Capaci');
REPLACE INTO city(region_id, name) values (692, 'Corleone');
REPLACE INTO city(region_id, name) values (692, 'Palermo');
REPLACE INTO city(region_id, name) values (692, 'Santa Cristina Gela');
REPLACE INTO city(region_id, name) values (692, 'Torretta');
REPLACE INTO city(region_id, name) values (692, 'Ventimiglia di Sicilia');
REPLACE INTO city(region_id, name) values (992, 'rak');
REPLACE INTO city(region_id, name) values (992, 'rnes i Telemark');
REPLACE INTO city(region_id, name) values (992, 'Bergan');
REPLACE INTO city(region_id, name) values (992, 'B');
REPLACE INTO city(region_id, name) values (992, 'B i Telemark');
REPLACE INTO city(region_id, name) values (992, 'Drangedal');
REPLACE INTO city(region_id, name) values (992, 'Krager');
REPLACE INTO city(region_id, name) values (992, 'Notodden');
REPLACE INTO city(region_id, name) values (992, 'Porsgrunn');
REPLACE INTO city(region_id, name) values (992, 'Skien');
REPLACE INTO city(region_id, name) values (1020, 'Agua Salada');
REPLACE INTO city(region_id, name) values (1020, 'Aja');
REPLACE INTO city(region_id, name) values (1020, 'Pisco');
REPLACE INTO city(region_id, name) values (1020, 'Ullujalla Hacienda');
REPLACE INTO city(region_id, name) values (1042, 'Breslau');
REPLACE INTO city(region_id, name) values (1042, 'Breslavia');
REPLACE INTO city(region_id, name) values (1042, 'Czerniawa-Zdrj');
REPLACE INTO city(region_id, name) values (1042, 'Jelenia Gra');
REPLACE INTO city(region_id, name) values (1042, 'Liebau');
REPLACE INTO city(region_id, name) values (1042, 'Rybnica');
REPLACE INTO city(region_id, name) values (1042, 'Vrotslav');
REPLACE INTO city(region_id, name) values (1042, 'Wroc‚aw');
REPLACE INTO city(region_id, name) values (1042, 'Wros‚aw');
REPLACE INTO city(region_id, name) values (1101, 'Alvaro');
REPLACE INTO city(region_id, name) values (1101, 'Casais');
REPLACE INTO city(region_id, name) values (1101, 'Castelo Branco');
REPLACE INTO city(region_id, name) values (1101, 'Covilh');
REPLACE INTO city(region_id, name) values (1101, 'Fundo');
REPLACE INTO city(region_id, name) values (1101, 'Fundo');
REPLACE INTO city(region_id, name) values (1121, 'Arad');
REPLACE INTO city(region_id, name) values (1121, 'Chisineu-Cris');
REPLACE INTO city(region_id, name) values (1121, 'Curtici');
REPLACE INTO city(region_id, name) values (1121, 'Ineu');
REPLACE INTO city(region_id, name) values (1121, 'Lipova');
REPLACE INTO city(region_id, name) values (1121, 'Nadlac');
REPLACE INTO city(region_id, name) values (1121, 'Pancota');
REPLACE INTO city(region_id, name) values (1121, 'Sebis');
REPLACE INTO city(region_id, name) values (1162, 'Abbeville');
REPLACE INTO city(region_id, name) values (1162, 'Abernant');
REPLACE INTO city(region_id, name) values (1162, 'Addison');
REPLACE INTO city(region_id, name) values (1162, 'Adger');
REPLACE INTO city(region_id, name) values (1162, 'Akron');
REPLACE INTO city(region_id, name) values (1162, 'Alberta');
REPLACE INTO city(region_id, name) values (1162, 'Alma');
REPLACE INTO city(region_id, name) values (1162, 'Alpine');
REPLACE INTO city(region_id, name) values (1162, 'Alton');
REPLACE INTO city(region_id, name) values (1162, 'Auburn');
REPLACE INTO city(region_id, name) values (1162, 'Birmingham');
REPLACE INTO city(region_id, name) values (1162, 'Bon Air');
REPLACE INTO city(region_id, name) values (1162, 'Campbell');
REPLACE INTO city(region_id, name) values (1162, 'Cullman');
REPLACE INTO city(region_id, name) values (1162, 'Decatur');
REPLACE INTO city(region_id, name) values (1162, 'Delmar');
REPLACE INTO city(region_id, name) values (1162, 'Detroit');
REPLACE INTO city(region_id, name) values (1162, 'Fort Rucker');
REPLACE INTO city(region_id, name) values (1162, 'Gadsden');
REPLACE INTO city(region_id, name) values (1162, 'Greensboro');
REPLACE INTO city(region_id, name) values (1162, 'Gulf Shores');
REPLACE INTO city(region_id, name) values (1162, 'Hollywood');
REPLACE INTO city(region_id, name) values (1162, 'Huntsville');
REPLACE INTO city(region_id, name) values (1162, 'Jacksonville');
REPLACE INTO city(region_id, name) values (1162, 'Mobile');
REPLACE INTO city(region_id, name) values (1162, 'Montgomery');
REPLACE INTO city(region_id, name) values (1162, 'Opp');
REPLACE INTO city(region_id, name) values (1162, 'Orange Beach');
REPLACE INTO city(region_id, name) values (1162, 'Sweet Water');
REPLACE INTO city(region_id, name) values (1162, 'Troy');
REPLACE INTO city(region_id, name) values (1162, 'York');
REPLACE INTO region(id, country_id, name) values (1215, 153, 'Ahuachapan');
REPLACE INTO region(id, country_id, name) values (1216, 153, 'La Libertad');
REPLACE INTO region(id, country_id, name) values (1217, 153, 'La Paz');
REPLACE INTO region(id, country_id, name) values (1218, 153, 'La Union');
REPLACE INTO region(id, country_id, name) values (1219, 153, 'San Miguel');
REPLACE INTO region(id, country_id, name) values (1220, 153, 'San Salvador');
REPLACE INTO city(region_id, name) values (693, 'Pozzallo');
REPLACE INTO city(region_id, name) values (693, 'Ragusa');
REPLACE INTO city(region_id, name) values (693, 'Scicli');
REPLACE INTO city(region_id, name) values (693, 'Vittoria');
REPLACE INTO city(region_id, name) values (993, '');
REPLACE INTO city(region_id, name) values (993, 'Aanstad');
REPLACE INTO city(region_id, name) values (993, 'Berg');
REPLACE INTO city(region_id, name) values (993, 'Finnsnes');
REPLACE INTO city(region_id, name) values (993, 'Harstad');
REPLACE INTO city(region_id, name) values (993, 'Kirkesjord');
REPLACE INTO city(region_id, name) values (993, 'Nordlenangen');
REPLACE INTO city(region_id, name) values (993, 'Skjervy');
REPLACE INTO city(region_id, name) values (993, 'Troms');
REPLACE INTO city(region_id, name) values (993, 'Vanneried');
REPLACE INTO city(region_id, name) values (1021, 'Huancayo');
REPLACE INTO city(region_id, name) values (1021, 'Jauja');
REPLACE INTO city(region_id, name) values (1021, 'Satipo');
REPLACE INTO city(region_id, name) values (1043, 'Braniewo');
REPLACE INTO city(region_id, name) values (1043, 'Elblag');
REPLACE INTO city(region_id, name) values (1102, 'Arganil');
REPLACE INTO city(region_id, name) values (1102, 'Avelar');
REPLACE INTO city(region_id, name) values (1102, 'Brasfemes');
REPLACE INTO city(region_id, name) values (1102, 'Coimbra');
REPLACE INTO city(region_id, name) values (1102, 'Figueira da Foz');
REPLACE INTO city(region_id, name) values (1102, 'Ponte de Vilela');
REPLACE INTO city(region_id, name) values (1122, 'Campulung-Muscel');
REPLACE INTO city(region_id, name) values (1122, 'Costesti');
REPLACE INTO city(region_id, name) values (1122, 'Curtea de Arges');
REPLACE INTO city(region_id, name) values (1122, 'Mioveni');
REPLACE INTO city(region_id, name) values (1122, 'Pitesti');
REPLACE INTO city(region_id, name) values (1122, 'Topoloveni');
REPLACE INTO city(region_id, name) values (1163, 'Adak');
REPLACE INTO city(region_id, name) values (1163, 'Aleknagik');
REPLACE INTO city(region_id, name) values (1163, 'Ambler');
REPLACE INTO city(region_id, name) values (1163, 'Anchorage');
REPLACE INTO city(region_id, name) values (1163, 'Angoon');
REPLACE INTO city(region_id, name) values (1163, 'Atka');
REPLACE INTO city(region_id, name) values (1163, 'Auke Bay');
REPLACE INTO city(region_id, name) values (1163, 'Barrow');
REPLACE INTO city(region_id, name) values (1163, 'Big Lake');
REPLACE INTO city(region_id, name) values (1163, 'Cordova');
REPLACE INTO city(region_id, name) values (1163, 'Delta Junction');
REPLACE INTO city(region_id, name) values (1163, 'Douglas');
REPLACE INTO city(region_id, name) values (1163, 'Fairbanks');
REPLACE INTO city(region_id, name) values (1163, 'Funny River');
REPLACE INTO city(region_id, name) values (1163, 'Homer');
REPLACE INTO city(region_id, name) values (1163, 'Juneau');
REPLACE INTO city(region_id, name) values (1163, 'Kenai');
REPLACE INTO city(region_id, name) values (1163, 'Ketchikan');
REPLACE INTO city(region_id, name) values (1163, 'Nome');
REPLACE INTO city(region_id, name) values (1163, 'North Pole');
REPLACE INTO city(region_id, name) values (1163, 'Petersburg');
REPLACE INTO city(region_id, name) values (1163, 'Russian Mission');
REPLACE INTO city(region_id, name) values (1163, 'Wasilla');
REPLACE INTO city(region_id, name) values (1163, 'Yakutat');
REPLACE INTO city(region_id, name) values (1215, 'Ахуачапан');
REPLACE INTO region(id, country_id, name) values (1221, 154, 'Самоа');
REPLACE INTO city(region_id, name) values (694, 'Augusta');
REPLACE INTO city(region_id, name) values (694, 'Pachino');
REPLACE INTO city(region_id, name) values (694, 'Siracusa');
REPLACE INTO city(region_id, name) values (694, 'Solarino');
REPLACE INTO city(region_id, name) values (994, 'Farestad');
REPLACE INTO city(region_id, name) values (994, 'Flekkefjord');
REPLACE INTO city(region_id, name) values (994, 'Grimestad');
REPLACE INTO city(region_id, name) values (994, 'Kristiansand');
REPLACE INTO city(region_id, name) values (994, 'Lyngdal');
REPLACE INTO city(region_id, name) values (994, 'Mandal');
REPLACE INTO city(region_id, name) values (994, 'Vennesla');
REPLACE INTO city(region_id, name) values (994, 'Vike');
REPLACE INTO city(region_id, name) values (1022, 'Chocope');
REPLACE INTO city(region_id, name) values (1022, 'Trujillo');
REPLACE INTO city(region_id, name) values (1044, 'Althtte');
REPLACE INTO city(region_id, name) values (1044, 'B‚otnik');
REPLACE INTO city(region_id, name) values (1044, 'Banino');
REPLACE INTO city(region_id, name) values (1044, 'Bieszki');
REPLACE INTO city(region_id, name) values (1044, 'Choczewo');
REPLACE INTO city(region_id, name) values (1044, 'Gdingen');
REPLACE INTO city(region_id, name) values (1044, 'Gdynia');
REPLACE INTO city(region_id, name) values (1044, 'Grki Zachodnie');
REPLACE INTO city(region_id, name) values (1044, 'Huta');
REPLACE INTO city(region_id, name) values (1044, 'Lezno');
REPLACE INTO city(region_id, name) values (1044, 'Sopot');
REPLACE INTO city(region_id, name) values (1044, 'Tczew');
REPLACE INTO city(region_id, name) values (1044, 'Wrzeszcz');
REPLACE INTO city(region_id, name) values (1103, 'Barro Branco');
REPLACE INTO city(region_id, name) values (1103, 'Casa Nova');
REPLACE INTO city(region_id, name) values (1103, 'vora');
REPLACE INTO city(region_id, name) values (1103, 'Reguengos de Monsaraz');
REPLACE INTO city(region_id, name) values (1103, 'Vendas Novas');
REPLACE INTO city(region_id, name) values (1123, 'Bacau');
REPLACE INTO city(region_id, name) values (1123, 'Buhusi');
REPLACE INTO city(region_id, name) values (1123, 'Comanesti');
REPLACE INTO city(region_id, name) values (1123, 'Darmanesti');
REPLACE INTO city(region_id, name) values (1123, 'Moinesti');
REPLACE INTO city(region_id, name) values (1123, 'Onesti');
REPLACE INTO city(region_id, name) values (1123, 'Slanic Moldova');
REPLACE INTO city(region_id, name) values (1123, 'Targu Ocna');
REPLACE INTO city(region_id, name) values (1164, 'Pago Pago');
REPLACE INTO city(region_id, name) values (1216, 'Нуэва Сан Салвадор');
REPLACE INTO city(region_id, name) values (1221, 'Алиа');
REPLACE INTO city(region_id, name) values (1221, 'Паго-Паго');
REPLACE INTO region(id, country_id, name) values (1222, 155, 'Acquaviva');
REPLACE INTO region(id, country_id, name) values (1223, 155, 'Chiesanuova');
REPLACE INTO region(id, country_id, name) values (1224, 155, 'Serravalle');
REPLACE INTO city(region_id, name) values (695, 'Marsala');
REPLACE INTO city(region_id, name) values (695, 'Trapani');
REPLACE INTO city(region_id, name) values (995, 's');
REPLACE INTO city(region_id, name) values (995, 'Bergan');
REPLACE INTO city(region_id, name) values (995, 'Bukta');
REPLACE INTO city(region_id, name) values (995, 'Horten');
REPLACE INTO city(region_id, name) values (995, 'Larvik');
REPLACE INTO city(region_id, name) values (995, 'Nttery');
REPLACE INTO city(region_id, name) values (995, 'Sandefjord');
REPLACE INTO city(region_id, name) values (995, 'Tjme');
REPLACE INTO city(region_id, name) values (995, 'Tnsberg');
REPLACE INTO city(region_id, name) values (1023, 'Chiclayo');
REPLACE INTO city(region_id, name) values (1023, 'Lambayeque');
REPLACE INTO city(region_id, name) values (1045, 'Gorzw Wielkopolski');
REPLACE INTO city(region_id, name) values (1045, 'Kostrzyn nad Odra');
REPLACE INTO city(region_id, name) values (1045, 'S‚ubice');
REPLACE INTO city(region_id, name) values (1104, 'Abutreira');
REPLACE INTO city(region_id, name) values (1104, 'Albufeira');
REPLACE INTO city(region_id, name) values (1104, 'Alcantarilha');
REPLACE INTO city(region_id, name) values (1104, 'Algoz');
REPLACE INTO city(region_id, name) values (1104, 'Aljezur');
REPLACE INTO city(region_id, name) values (1104, 'Almancil');
REPLACE INTO city(region_id, name) values (1104, 'Altura');
REPLACE INTO city(region_id, name) values (1104, 'Alvor');
REPLACE INTO city(region_id, name) values (1104, 'Armao de Pra');
REPLACE INTO city(region_id, name) values (1104, 'Belm');
REPLACE INTO city(region_id, name) values (1104, 'Cabanas');
REPLACE INTO city(region_id, name) values (1104, 'Esti');
REPLACE INTO city(region_id, name) values (1104, 'Faro');
REPLACE INTO city(region_id, name) values (1104, 'Foia');
REPLACE INTO city(region_id, name) values (1104, 'Lagoa');
REPLACE INTO city(region_id, name) values (1104, 'Lagoa');
REPLACE INTO city(region_id, name) values (1104, 'Lagoas');
REPLACE INTO city(region_id, name) values (1104, 'Lagos');
REPLACE INTO city(region_id, name) values (1104, 'Loul');
REPLACE INTO city(region_id, name) values (1104, 'Mexilhoeira Grande');
REPLACE INTO city(region_id, name) values (1104, 'Monte Negro');
REPLACE INTO city(region_id, name) values (1104, 'Odeceixe');
REPLACE INTO city(region_id, name) values (1104, 'Olho');
REPLACE INTO city(region_id, name) values (1104, 'Pero de Elvas');
REPLACE INTO city(region_id, name) values (1104, 'Portimo');
REPLACE INTO city(region_id, name) values (1104, 'Quarteira');
REPLACE INTO city(region_id, name) values (1104, 'Sagres');
REPLACE INTO city(region_id, name) values (1104, 'Silves');
REPLACE INTO city(region_id, name) values (1104, 'Tavira');
REPLACE INTO city(region_id, name) values (1104, 'Vila Real de San Antnio');
REPLACE INTO city(region_id, name) values (1104, 'Vila Real de Santo Antnio');
REPLACE INTO city(region_id, name) values (1124, 'Alesd');
REPLACE INTO city(region_id, name) values (1124, 'Beius');
REPLACE INTO city(region_id, name) values (1124, 'Marghita');
REPLACE INTO city(region_id, name) values (1124, 'Nucet');
REPLACE INTO city(region_id, name) values (1124, 'Oradea');
REPLACE INTO city(region_id, name) values (1124, 'Salonta');
REPLACE INTO city(region_id, name) values (1124, 'Stei');
REPLACE INTO city(region_id, name) values (1124, 'Valea lui Mihai');
REPLACE INTO city(region_id, name) values (1124, 'Vascau');
REPLACE INTO city(region_id, name) values (1165, 'Aguila');
REPLACE INTO city(region_id, name) values (1165, 'Ajo');
REPLACE INTO city(region_id, name) values (1165, 'Alpine');
REPLACE INTO city(region_id, name) values (1165, 'Amado');
REPLACE INTO city(region_id, name) values (1165, 'Arivaca');
REPLACE INTO city(region_id, name) values (1165, 'Arizona City');
REPLACE INTO city(region_id, name) values (1165, 'Ash Fork');
REPLACE INTO city(region_id, name) values (1165, 'Avondale');
REPLACE INTO city(region_id, name) values (1165, 'Benson');
REPLACE INTO city(region_id, name) values (1165, 'Big Park');
REPLACE INTO city(region_id, name) values (1165, 'Bullhead City');
REPLACE INTO city(region_id, name) values (1165, 'Carefree');
REPLACE INTO city(region_id, name) values (1165, 'Casa Grande');
REPLACE INTO city(region_id, name) values (1165, 'Chandler');
REPLACE INTO city(region_id, name) values (1165, 'Colorado City');
REPLACE INTO city(region_id, name) values (1165, 'Flagstaff');
REPLACE INTO city(region_id, name) values (1165, 'Fort Huachuca');
REPLACE INTO city(region_id, name) values (1165, 'Gilbert');
REPLACE INTO city(region_id, name) values (1165, 'Glendale');
REPLACE INTO city(region_id, name) values (1165, 'Kingman');
REPLACE INTO city(region_id, name) values (1165, 'Lake Havasu City');
REPLACE INTO city(region_id, name) values (1165, 'Lake Montezuma');
REPLACE INTO city(region_id, name) values (1165, 'Lakeside');
REPLACE INTO city(region_id, name) values (1165, 'Maricopa');
REPLACE INTO city(region_id, name) values (1165, 'Mesa');
REPLACE INTO city(region_id, name) values (1165, 'Miami');
REPLACE INTO city(region_id, name) values (1165, 'Paradise Valley');
REPLACE INTO city(region_id, name) values (1165, 'Payson');
REPLACE INTO city(region_id, name) values (1165, 'Peoria');
REPLACE INTO city(region_id, name) values (1165, 'Phoenix');
REPLACE INTO city(region_id, name) values (1165, 'Prescott Valley');
REPLACE INTO city(region_id, name) values (1165, 'Scottsdale');
REPLACE INTO city(region_id, name) values (1165, 'Tempe');
REPLACE INTO city(region_id, name) values (1165, 'Thatcher');
REPLACE INTO city(region_id, name) values (1165, 'Tucson');
REPLACE INTO city(region_id, name) values (1217, 'Закатеколука');
REPLACE INTO city(region_id, name) values (1222, 'Acquaviva');
REPLACE INTO region(id, country_id, name) values (1225, 156, 'Сан-Томе');
REPLACE INTO city(region_id, name) values (696, 'Anghiari');
REPLACE INTO city(region_id, name) values (696, 'Arezzo');
REPLACE INTO city(region_id, name) values (696, 'Castiglion Fiorentino');
REPLACE INTO city(region_id, name) values (696, 'Pieve Santo Stefano');
REPLACE INTO city(region_id, name) values (1024, 'Acacoto');
REPLACE INTO city(region_id, name) values (1024, 'Acho');
REPLACE INTO city(region_id, name) values (1024, 'Agua');
REPLACE INTO city(region_id, name) values (1024, 'Agustino');
REPLACE INTO city(region_id, name) values (1024, 'Balconcillo de Aviyay');
REPLACE INTO city(region_id, name) values (1024, 'Chorrillos');
REPLACE INTO city(region_id, name) values (1024, 'Chosica');
REPLACE INTO city(region_id, name) values (1024, 'Higuereta');
REPLACE INTO city(region_id, name) values (1024, 'Huacho');
REPLACE INTO city(region_id, name) values (1024, 'La Victoria');
REPLACE INTO city(region_id, name) values (1024, 'Lima');
REPLACE INTO city(region_id, name) values (1024, 'Litma');
REPLACE INTO city(region_id, name) values (1024, 'Los Cipreses');
REPLACE INTO city(region_id, name) values (1024, 'Los Olivos');
REPLACE INTO city(region_id, name) values (1024, 'Magdalena del Mar');
REPLACE INTO city(region_id, name) values (1024, 'Miraflores');
REPLACE INTO city(region_id, name) values (1024, 'Rmac');
REPLACE INTO city(region_id, name) values (1024, 'San Borja');
REPLACE INTO city(region_id, name) values (1024, 'Santa Anita');
REPLACE INTO city(region_id, name) values (1024, 'Santiago de Surco');
REPLACE INTO city(region_id, name) values (1024, 'Surco');
REPLACE INTO city(region_id, name) values (1024, 'Vitarte');
REPLACE INTO city(region_id, name) values (1046, 'Boles‚awiec');
REPLACE INTO city(region_id, name) values (1046, 'Boleslawice');
REPLACE INTO city(region_id, name) values (1046, 'Czarne');
REPLACE INTO city(region_id, name) values (1046, 'Wlen');
REPLACE INTO city(region_id, name) values (1046, 'Zgorzelec');
REPLACE INTO city(region_id, name) values (1046, 'Zgorzelice');
REPLACE INTO city(region_id, name) values (1105, 'Albardeiros');
REPLACE INTO city(region_id, name) values (1105, 'Alcarva');
REPLACE INTO city(region_id, name) values (1105, 'Guarda');
REPLACE INTO city(region_id, name) values (1105, 'Seia');
REPLACE INTO city(region_id, name) values (1105, 'Vila Nova de Fozcoa');
REPLACE INTO city(region_id, name) values (1125, 'Beclean');
REPLACE INTO city(region_id, name) values (1125, 'Bistrita');
REPLACE INTO city(region_id, name) values (1125, 'Nasaud');
REPLACE INTO city(region_id, name) values (1125, 'Sangeorz-Bai');
REPLACE INTO city(region_id, name) values (1166, 'Alicia');
REPLACE INTO city(region_id, name) values (1166, 'Avoca');
REPLACE INTO city(region_id, name) values (1166, 'Bentonville');
REPLACE INTO city(region_id, name) values (1166, 'Chidester');
REPLACE INTO city(region_id, name) values (1166, 'Conway');
REPLACE INTO city(region_id, name) values (1166, 'England');
REPLACE INTO city(region_id, name) values (1166, 'Fayetteville');
REPLACE INTO city(region_id, name) values (1166, 'Lavaca');
REPLACE INTO city(region_id, name) values (1166, 'Little Rock');
REPLACE INTO city(region_id, name) values (1166, 'Magnolia');
REPLACE INTO city(region_id, name) values (1166, 'Paris');
REPLACE INTO city(region_id, name) values (1166, 'Pine Bluff');
REPLACE INTO city(region_id, name) values (1166, 'Sims');
REPLACE INTO city(region_id, name) values (1218, 'Ла Унион');
REPLACE INTO city(region_id, name) values (1223, 'Chiesanuova');
REPLACE INTO city(region_id, name) values (1225, 'Сан-Томе');
REPLACE INTO region(id, country_id, name) values (1226, 157, 'Саудовская Аравия');
REPLACE INTO city(region_id, name) values (697, 'Bagno a Ripoli');
REPLACE INTO city(region_id, name) values (697, 'Castelfiorentino');
REPLACE INTO city(region_id, name) values (697, 'Empoli');
REPLACE INTO city(region_id, name) values (697, 'Fiesole');
REPLACE INTO city(region_id, name) values (697, 'Figline Valdarno');
REPLACE INTO city(region_id, name) values (697, 'Firenze');
REPLACE INTO city(region_id, name) values (697, 'Fucecchio');
REPLACE INTO city(region_id, name) values (1025, 'Iquitos');
REPLACE INTO city(region_id, name) values (1047, 'Kalisz');
REPLACE INTO city(region_id, name) values (1047, 'Ostrw Wielkopolski');
REPLACE INTO city(region_id, name) values (1106, 'Alcobaa');
REPLACE INTO city(region_id, name) values (1106, 'Amor');
REPLACE INTO city(region_id, name) values (1106, 'Batalha');
REPLACE INTO city(region_id, name) values (1106, 'Benedita');
REPLACE INTO city(region_id, name) values (1106, 'Caldad da Rainha');
REPLACE INTO city(region_id, name) values (1106, 'Caldas da Rainha');
REPLACE INTO city(region_id, name) values (1106, 'Famalico');
REPLACE INTO city(region_id, name) values (1106, 'Leira');
REPLACE INTO city(region_id, name) values (1106, 'Leiria');
REPLACE INTO city(region_id, name) values (1106, 'Marinha Grande');
REPLACE INTO city(region_id, name) values (1106, 'Martingana');
REPLACE INTO city(region_id, name) values (1106, 'Mira d''''Aire');
REPLACE INTO city(region_id, name) values (1106, 'Nazar');
REPLACE INTO city(region_id, name) values (1106, 'Peniche');
REPLACE INTO city(region_id, name) values (1106, 'Pinheiros');
REPLACE INTO city(region_id, name) values (1106, 'Pombal');
REPLACE INTO city(region_id, name) values (1106, 'Porto de Ms');
REPLACE INTO city(region_id, name) values (1106, 'So Martinho de Porto');
REPLACE INTO city(region_id, name) values (1106, 'So Martinho do Porto');
REPLACE INTO city(region_id, name) values (1106, 'Vermoil');
REPLACE INTO city(region_id, name) values (1106, 'Zambujal');
REPLACE INTO city(region_id, name) values (1126, 'Botosani');
REPLACE INTO city(region_id, name) values (1126, 'Darabani');
REPLACE INTO city(region_id, name) values (1126, 'Dorohoi');
REPLACE INTO city(region_id, name) values (1126, 'Saveni');
REPLACE INTO city(region_id, name) values (1167, 'Acampo');
REPLACE INTO city(region_id, name) values (1167, 'Acton');
REPLACE INTO city(region_id, name) values (1167, 'Adelanto');
REPLACE INTO city(region_id, name) values (1167, 'Adin');
REPLACE INTO city(region_id, name) values (1167, 'Aguanga');
REPLACE INTO city(region_id, name) values (1167, 'Ahwahnee');
REPLACE INTO city(region_id, name) values (1167, 'Alameda');
REPLACE INTO city(region_id, name) values (1167, 'Alamo');
REPLACE INTO city(region_id, name) values (1167, 'Albany');
REPLACE INTO city(region_id, name) values (1167, 'Aliso Viejo');
REPLACE INTO city(region_id, name) values (1167, 'Alleghany');
REPLACE INTO city(region_id, name) values (1167, 'Alta');
REPLACE INTO city(region_id, name) values (1167, 'Alta Loma');
REPLACE INTO city(region_id, name) values (1167, 'Altadena');
REPLACE INTO city(region_id, name) values (1167, 'Amador City');
REPLACE INTO city(region_id, name) values (1167, 'Amboy');
REPLACE INTO city(region_id, name) values (1167, 'American Canyon');
REPLACE INTO city(region_id, name) values (1167, 'Anaheim');
REPLACE INTO city(region_id, name) values (1167, 'Anderson');
REPLACE INTO city(region_id, name) values (1167, 'Angels Camp');
REPLACE INTO city(region_id, name) values (1167, 'Annapolis');
REPLACE INTO city(region_id, name) values (1167, 'Antelope');
REPLACE INTO city(region_id, name) values (1167, 'Arcadia');
REPLACE INTO city(region_id, name) values (1167, 'Auburn');
REPLACE INTO city(region_id, name) values (1167, 'Avenal');
REPLACE INTO city(region_id, name) values (1167, 'Bakersfield');
REPLACE INTO city(region_id, name) values (1167, 'Barstow');
REPLACE INTO city(region_id, name) values (1167, 'Bass Lake');
REPLACE INTO city(region_id, name) values (1167, 'Belmont');
REPLACE INTO city(region_id, name) values (1167, 'Berkeley');
REPLACE INTO city(region_id, name) values (1167, 'Beverly Hills');
REPLACE INTO city(region_id, name) values (1167, 'Big Bar');
REPLACE INTO city(region_id, name) values (1167, 'Bishop');
REPLACE INTO city(region_id, name) values (1167, 'Blue Lake');
REPLACE INTO city(region_id, name) values (1167, 'Boyes Hot Springs');
REPLACE INTO city(region_id, name) values (1167, 'Brea');
REPLACE INTO city(region_id, name) values (1167, 'Brentwood');
REPLACE INTO city(region_id, name) values (1167, 'Brooks');
REPLACE INTO city(region_id, name) values (1167, 'Burbank');
REPLACE INTO city(region_id, name) values (1167, 'Calabasas');
REPLACE INTO city(region_id, name) values (1167, 'California City');
REPLACE INTO city(region_id, name) values (1167, 'California Hot Springs');
REPLACE INTO city(region_id, name) values (1167, 'Camarillo');
REPLACE INTO city(region_id, name) values (1167, 'Campbell');
REPLACE INTO city(region_id, name) values (1167, 'Cantil');
REPLACE INTO city(region_id, name) values (1167, 'Capistrano Beach');
REPLACE INTO city(region_id, name) values (1167, 'Carlsbad');
REPLACE INTO city(region_id, name) values (1167, 'Carmichael');
REPLACE INTO city(region_id, name) values (1167, 'Castro Valley');
REPLACE INTO city(region_id, name) values (1167, 'Cazadero');
REPLACE INTO city(region_id, name) values (1167, 'Ceres');
REPLACE INTO city(region_id, name) values (1167, 'Chicago Park');
REPLACE INTO city(region_id, name) values (1167, 'Chico');
REPLACE INTO city(region_id, name) values (1167, 'Chino');
REPLACE INTO city(region_id, name) values (1167, 'Chula Vista');
REPLACE INTO city(region_id, name) values (1167, 'Citrus Heights');
REPLACE INTO city(region_id, name) values (1167, 'Clovis');
REPLACE INTO city(region_id, name) values (1167, 'Concord');
REPLACE INTO city(region_id, name) values (1167, 'Cool');
REPLACE INTO city(region_id, name) values (1167, 'Corona');
REPLACE INTO city(region_id, name) values (1167, 'Coronado');
REPLACE INTO city(region_id, name) values (1167, 'Corte Madera');
REPLACE INTO city(region_id, name) values (1167, 'Costa Mesa');
REPLACE INTO city(region_id, name) values (1167, 'Covina');
REPLACE INTO city(region_id, name) values (1167, 'Coyote');
REPLACE INTO city(region_id, name) values (1167, 'Crest Park');
REPLACE INTO city(region_id, name) values (1167, 'Cupertino');
REPLACE INTO city(region_id, name) values (1167, 'Daly City');
REPLACE INTO city(region_id, name) values (1167, 'Danville');
REPLACE INTO city(region_id, name) values (1167, 'Davis');
REPLACE INTO city(region_id, name) values (1167, 'Del Mar');
REPLACE INTO city(region_id, name) values (1167, 'Dos Rios');
REPLACE INTO city(region_id, name) values (1167, 'Dublin');
REPLACE INTO city(region_id, name) values (1167, 'Dunnigan');
REPLACE INTO city(region_id, name) values (1167, 'El Cajon');
REPLACE INTO city(region_id, name) values (1167, 'El Cerrito');
REPLACE INTO city(region_id, name) values (1167, 'El Dorado Hills');
REPLACE INTO city(region_id, name) values (1167, 'Encino');
REPLACE INTO city(region_id, name) values (1167, 'Eureka');
REPLACE INTO city(region_id, name) values (1167, 'Fairfield');
REPLACE INTO city(region_id, name) values (1167, 'Foster City');
REPLACE INTO city(region_id, name) values (1167, 'Fountain Valley');
REPLACE INTO city(region_id, name) values (1167, 'Fremont');
REPLACE INTO city(region_id, name) values (1167, 'Fresno');
REPLACE INTO city(region_id, name) values (1167, 'Gerber');
REPLACE INTO city(region_id, name) values (1167, 'Gilroy');
REPLACE INTO city(region_id, name) values (1167, 'Glendale');
REPLACE INTO city(region_id, name) values (1167, 'Granada Hills');
REPLACE INTO city(region_id, name) values (1167, 'Half Moon Bay');
REPLACE INTO city(region_id, name) values (1167, 'Hayward');
REPLACE INTO city(region_id, name) values (1167, 'Holy City');
REPLACE INTO city(region_id, name) values (1167, 'Huntington Beach');
REPLACE INTO city(region_id, name) values (1167, 'Huntington Park');
REPLACE INTO city(region_id, name) values (1167, 'Ione');
REPLACE INTO city(region_id, name) values (1167, 'Irvine');
REPLACE INTO city(region_id, name) values (1167, 'Jackson');
REPLACE INTO city(region_id, name) values (1167, 'King City');
REPLACE INTO city(region_id, name) values (1167, 'Kingsburg');
REPLACE INTO city(region_id, name) values (1167, 'Kyburz');
REPLACE INTO city(region_id, name) values (1167, 'La Grange');
REPLACE INTO city(region_id, name) values (1167, 'La Habra');
REPLACE INTO city(region_id, name) values (1167, 'La Jolla');
REPLACE INTO city(region_id, name) values (1167, 'Lafayette');
REPLACE INTO city(region_id, name) values (1167, 'Laguna Beach');
REPLACE INTO city(region_id, name) values (1167, 'Laguna Hills');
REPLACE INTO city(region_id, name) values (1167, 'Lake Elsinore');
REPLACE INTO city(region_id, name) values (1167, 'Lake Forest');
REPLACE INTO city(region_id, name) values (1167, 'Lakewood');
REPLACE INTO city(region_id, name) values (1167, 'Lancaster');
REPLACE INTO city(region_id, name) values (1167, 'Laton');
REPLACE INTO city(region_id, name) values (1167, 'Long Beach');
REPLACE INTO city(region_id, name) values (1167, 'Los Alamitos');
REPLACE INTO city(region_id, name) values (1167, 'Los Altos');
REPLACE INTO city(region_id, name) values (1167, 'Los Angeles');
REPLACE INTO city(region_id, name) values (1167, 'Los Gatos');
REPLACE INTO city(region_id, name) values (1167, 'Malibu');
REPLACE INTO city(region_id, name) values (1167, 'Manhattan Beach');
REPLACE INTO city(region_id, name) values (1167, 'Manteca');
REPLACE INTO city(region_id, name) values (1167, 'Marina');
REPLACE INTO city(region_id, name) values (1167, 'Merced');
REPLACE INTO city(region_id, name) values (1167, 'Mill Valley');
REPLACE INTO city(region_id, name) values (1167, 'Millbrae');
REPLACE INTO city(region_id, name) values (1167, 'Milpitas');
REPLACE INTO city(region_id, name) values (1167, 'Mira Loma');
REPLACE INTO city(region_id, name) values (1167, 'Mission Hills');
REPLACE INTO city(region_id, name) values (1167, 'Mission Viejo');
REPLACE INTO city(region_id, name) values (1167, 'Modesto');
REPLACE INTO city(region_id, name) values (1167, 'Monterey');
REPLACE INTO city(region_id, name) values (1167, 'Mountain View');
REPLACE INTO city(region_id, name) values (1167, 'National City');
REPLACE INTO city(region_id, name) values (1167, 'Nevada City');
REPLACE INTO city(region_id, name) values (1167, 'Newport Beach');
REPLACE INTO city(region_id, name) values (1167, 'North Hollywood');
REPLACE INTO city(region_id, name) values (1167, 'Novato');
REPLACE INTO city(region_id, name) values (1167, 'Oakland');
REPLACE INTO city(region_id, name) values (1167, 'Oceanside');
REPLACE INTO city(region_id, name) values (1167, 'Ontario');
REPLACE INTO city(region_id, name) values (1167, 'Oxnard');
REPLACE INTO city(region_id, name) values (1167, 'Pacifica');
REPLACE INTO city(region_id, name) values (1167, 'Palm Desert');
REPLACE INTO city(region_id, name) values (1167, 'Palm Springs');
REPLACE INTO city(region_id, name) values (1167, 'Palmdale');
REPLACE INTO city(region_id, name) values (1167, 'Palo Alto');
REPLACE INTO city(region_id, name) values (1167, 'Palo Verde');
REPLACE INTO city(region_id, name) values (1167, 'Pasadena');
REPLACE INTO city(region_id, name) values (1167, 'Penn Valley');
REPLACE INTO city(region_id, name) values (1167, 'Pittsburg');
REPLACE INTO city(region_id, name) values (1167, 'Pleasant Hill');
REPLACE INTO city(region_id, name) values (1167, 'Pomona');
REPLACE INTO city(region_id, name) values (1167, 'Poway');
REPLACE INTO city(region_id, name) values (1167, 'Rancho Cordova');
REPLACE INTO city(region_id, name) values (1167, 'Rancho Santa Margarita');
REPLACE INTO city(region_id, name) values (1167, 'Redding');
REPLACE INTO city(region_id, name) values (1167, 'Redondo Beach');
REPLACE INTO city(region_id, name) values (1167, 'Redwood City');
REPLACE INTO city(region_id, name) values (1167, 'Riverside');
REPLACE INTO city(region_id, name) values (1167, 'Rocklin');
REPLACE INTO city(region_id, name) values (1167, 'Roseville');
REPLACE INTO city(region_id, name) values (1167, 'Sacramento');
REPLACE INTO city(region_id, name) values (1167, 'Salinas');
REPLACE INTO city(region_id, name) values (1167, 'San Ardo');
REPLACE INTO city(region_id, name) values (1167, 'San Bernardino');
REPLACE INTO city(region_id, name) values (1167, 'San Bruno');
REPLACE INTO city(region_id, name) values (1167, 'San Clemente');
REPLACE INTO city(region_id, name) values (1167, 'San Diego');
REPLACE INTO city(region_id, name) values (1167, 'San Francisco');
REPLACE INTO city(region_id, name) values (1167, 'San Gabriel');
REPLACE INTO city(region_id, name) values (1167, 'San Jose');
REPLACE INTO city(region_id, name) values (1167, 'San Marcos');
REPLACE INTO city(region_id, name) values (1167, 'San Marino');
REPLACE INTO city(region_id, name) values (1167, 'San Mateo');
REPLACE INTO city(region_id, name) values (1167, 'San Pedro');
REPLACE INTO city(region_id, name) values (1167, 'San Rafael');
REPLACE INTO city(region_id, name) values (1167, 'San Ramon');
REPLACE INTO city(region_id, name) values (1167, 'Santa Ana');
REPLACE INTO city(region_id, name) values (1167, 'Santa Barbara');
REPLACE INTO city(region_id, name) values (1167, 'Santa Clara');
REPLACE INTO city(region_id, name) values (1167, 'Santa Cruz');
REPLACE INTO city(region_id, name) values (1167, 'Santa Monica');
REPLACE INTO city(region_id, name) values (1167, 'Santa Rosa');
REPLACE INTO city(region_id, name) values (1167, 'Sherman Oaks');
REPLACE INTO city(region_id, name) values (1167, 'Simi Valley');
REPLACE INTO city(region_id, name) values (1167, 'Smith River');
REPLACE INTO city(region_id, name) values (1167, 'South Lake Tahoe');
REPLACE INTO city(region_id, name) values (1167, 'South San Francisco');
REPLACE INTO city(region_id, name) values (1167, 'Squaw Valley');
REPLACE INTO city(region_id, name) values (1167, 'Stanford');
REPLACE INTO city(region_id, name) values (1167, 'Stockton');
REPLACE INTO city(region_id, name) values (1167, 'Studio City');
REPLACE INTO city(region_id, name) values (1167, 'Sunnyvale');
REPLACE INTO city(region_id, name) values (1167, 'Tarzana');
REPLACE INTO city(region_id, name) values (1167, 'Temecula');
REPLACE INTO city(region_id, name) values (1167, 'Thousand Oaks');
REPLACE INTO city(region_id, name) values (1167, 'Toluca Lake');
REPLACE INTO city(region_id, name) values (1167, 'Torrance');
REPLACE INTO city(region_id, name) values (1167, 'Tracy');
REPLACE INTO city(region_id, name) values (1167, 'Turlock');
REPLACE INTO city(region_id, name) values (1167, 'Tustin');
REPLACE INTO city(region_id, name) values (1167, 'Vallejo');
REPLACE INTO city(region_id, name) values (1167, 'Van Nuys');
REPLACE INTO city(region_id, name) values (1167, 'Venice');
REPLACE INTO city(region_id, name) values (1167, 'Ventura');
REPLACE INTO city(region_id, name) values (1167, 'Walnut Creek');
REPLACE INTO city(region_id, name) values (1167, 'Washington');
REPLACE INTO city(region_id, name) values (1167, 'Weed');
REPLACE INTO city(region_id, name) values (1167, 'West Hollywood');
REPLACE INTO city(region_id, name) values (1167, 'Westwood');
REPLACE INTO city(region_id, name) values (1167, 'Whittier');
REPLACE INTO city(region_id, name) values (1167, 'Woodland Hills');
REPLACE INTO city(region_id, name) values (1167, 'Yettem');
REPLACE INTO city(region_id, name) values (1167, 'Yolo');
REPLACE INTO city(region_id, name) values (1167, 'Yuba City');
REPLACE INTO city(region_id, name) values (1219, 'Сан Мигуэл');
REPLACE INTO city(region_id, name) values (1224, 'Falciano');
REPLACE INTO city(region_id, name) values (1224, 'Serravalle');
REPLACE INTO city(region_id, name) values (1226, 'Бурайда');
REPLACE INTO city(region_id, name) values (1226, 'Дамам');
REPLACE INTO city(region_id, name) values (1226, 'Джидда');
REPLACE INTO city(region_id, name) values (1226, 'Мекка');
REPLACE INTO city(region_id, name) values (1226, 'Эль-Бир');
REPLACE INTO city(region_id, name) values (1226, 'Эр-Рияд');
REPLACE INTO region(id, country_id, name) values (1227, 158, 'Свазиленд');
REPLACE INTO city(region_id, name) values (698, 'Castiglione della Pescaia');
REPLACE INTO city(region_id, name) values (698, 'Follonica');
REPLACE INTO city(region_id, name) values (698, 'Gavorrano');
REPLACE INTO city(region_id, name) values (698, 'Grosseto');
REPLACE INTO city(region_id, name) values (698, 'Roccastrada');
REPLACE INTO city(region_id, name) values (1026, 'Esperana');
REPLACE INTO city(region_id, name) values (1048, 'Bedzin');
REPLACE INTO city(region_id, name) values (1048, 'Bobrek Karf');
REPLACE INTO city(region_id, name) values (1048, 'Bytom');
REPLACE INTO city(region_id, name) values (1048, 'Dabrowa Gornicza');
REPLACE INTO city(region_id, name) values (1048, 'Gliwice');
REPLACE INTO city(region_id, name) values (1048, 'Jaworzno');
REPLACE INTO city(region_id, name) values (1048, 'Katowice-Bogucice');
REPLACE INTO city(region_id, name) values (1048, 'Katowice-Brynw');
REPLACE INTO city(region_id, name) values (1048, 'Kattowice-Nord');
REPLACE INTO city(region_id, name) values (1048, 'Kattowice-West');
REPLACE INTO city(region_id, name) values (1048, 'Piekary Slaskie');
REPLACE INTO city(region_id, name) values (1048, 'Racibrz');
REPLACE INTO city(region_id, name) values (1048, 'Rybnik');
REPLACE INTO city(region_id, name) values (1048, 'Sosnowiec');
REPLACE INTO city(region_id, name) values (1048, 'Tarnowskie Gry');
REPLACE INTO city(region_id, name) values (1048, 'Tychy');
REPLACE INTO city(region_id, name) values (1048, 'Zabrze');
REPLACE INTO city(region_id, name) values (1107, 'Agualva');
REPLACE INTO city(region_id, name) values (1107, 'Alcntara');
REPLACE INTO city(region_id, name) values (1107, 'Alenquer');
REPLACE INTO city(region_id, name) values (1107, 'Alhandra');
REPLACE INTO city(region_id, name) values (1107, 'Almada');
REPLACE INTO city(region_id, name) values (1107, 'Alverca');
REPLACE INTO city(region_id, name) values (1107, 'Amadora');
REPLACE INTO city(region_id, name) values (1107, 'Arruda dos Vinhos');
REPLACE INTO city(region_id, name) values (1107, 'Assenta');
REPLACE INTO city(region_id, name) values (1107, 'Barreira');
REPLACE INTO city(region_id, name) values (1107, 'Benfica');
REPLACE INTO city(region_id, name) values (1107, 'Bucelas');
REPLACE INTO city(region_id, name) values (1107, 'Cacm');
REPLACE INTO city(region_id, name) values (1107, 'Cadaval');
REPLACE INTO city(region_id, name) values (1107, 'Campolide');
REPLACE INTO city(region_id, name) values (1107, 'Carcavelos');
REPLACE INTO city(region_id, name) values (1107, 'Carcavelos');
REPLACE INTO city(region_id, name) values (1107, 'Carregado');
REPLACE INTO city(region_id, name) values (1107, 'Casais');
REPLACE INTO city(region_id, name) values (1107, 'Casais');
REPLACE INTO city(region_id, name) values (1107, 'Cascais');
REPLACE INTO city(region_id, name) values (1107, 'Covas');
REPLACE INTO city(region_id, name) values (1107, 'Estoril');
REPLACE INTO city(region_id, name) values (1107, 'Funchal');
REPLACE INTO city(region_id, name) values (1107, 'Lisboa');
REPLACE INTO city(region_id, name) values (1107, 'Lisbon');
REPLACE INTO city(region_id, name) values (1107, 'Lissabon');
REPLACE INTO city(region_id, name) values (1107, 'Lourel');
REPLACE INTO city(region_id, name) values (1107, 'Loures');
REPLACE INTO city(region_id, name) values (1107, 'Lourinh');
REPLACE INTO city(region_id, name) values (1107, 'Mafra');
REPLACE INTO city(region_id, name) values (1107, 'Manique de Baixo');
REPLACE INTO city(region_id, name) values (1107, 'Mem Martim');
REPLACE INTO city(region_id, name) values (1107, 'Mem Martins');
REPLACE INTO city(region_id, name) values (1107, 'Monte Estoril');
REPLACE INTO city(region_id, name) values (1107, 'Moscavide');
REPLACE INTO city(region_id, name) values (1107, 'Odivelas');
REPLACE INTO city(region_id, name) values (1107, 'Oeiras');
REPLACE INTO city(region_id, name) values (1107, 'Pao de Arcos');
REPLACE INTO city(region_id, name) values (1107, 'Parede');
REPLACE INTO city(region_id, name) values (1107, 'Pontinha');
REPLACE INTO city(region_id, name) values (1107, 'Portela');
REPLACE INTO city(region_id, name) values (1107, 'Porto');
REPLACE INTO city(region_id, name) values (1107, 'Pvoa da Galega');
REPLACE INTO city(region_id, name) values (1107, 'Pvoa Santa Iria');
REPLACE INTO city(region_id, name) values (1107, 'Pragana');
REPLACE INTO city(region_id, name) values (1107, 'Queluz');
REPLACE INTO city(region_id, name) values (1107, 'Santa Cruz');
REPLACE INTO city(region_id, name) values (1107, 'Santo Estvo');
REPLACE INTO city(region_id, name) values (1107, 'So Domingos de Rana');
REPLACE INTO city(region_id, name) values (1107, 'Seixal');
REPLACE INTO city(region_id, name) values (1107, 'Sintra');
REPLACE INTO city(region_id, name) values (1107, 'Tires');
REPLACE INTO city(region_id, name) values (1107, 'Torres Vedras');
REPLACE INTO city(region_id, name) values (1107, 'Vila Franca de Xira');
REPLACE INTO city(region_id, name) values (1107, 'Vimeiro');
REPLACE INTO city(region_id, name) values (1127, 'Braila');
REPLACE INTO city(region_id, name) values (1127, 'Faurei');
REPLACE INTO city(region_id, name) values (1127, 'Ianca');
REPLACE INTO city(region_id, name) values (1127, 'Insuratei');
REPLACE INTO city(region_id, name) values (1168, 'Agate');
REPLACE INTO city(region_id, name) values (1168, 'Akron');
REPLACE INTO city(region_id, name) values (1168, 'Almont');
REPLACE INTO city(region_id, name) values (1168, 'Arvada');
REPLACE INTO city(region_id, name) values (1168, 'Aspen');
REPLACE INTO city(region_id, name) values (1168, 'Aurora');
REPLACE INTO city(region_id, name) values (1168, 'Avon');
REPLACE INTO city(region_id, name) values (1168, 'Bennett');
REPLACE INTO city(region_id, name) values (1168, 'Bond');
REPLACE INTO city(region_id, name) values (1168, 'Boulder');
REPLACE INTO city(region_id, name) values (1168, 'Breckenridge');
REPLACE INTO city(region_id, name) values (1168, 'Brighton');
REPLACE INTO city(region_id, name) values (1168, 'Broomfield');
REPLACE INTO city(region_id, name) values (1168, 'Carbondale');
REPLACE INTO city(region_id, name) values (1168, 'Castle Rock');
REPLACE INTO city(region_id, name) values (1168, 'Colorado City');
REPLACE INTO city(region_id, name) values (1168, 'Colorado Springs');
REPLACE INTO city(region_id, name) values (1168, 'Denver');
REPLACE INTO city(region_id, name) values (1168, 'Dillon');
REPLACE INTO city(region_id, name) values (1168, 'Durango');
REPLACE INTO city(region_id, name) values (1168, 'Englewood');
REPLACE INTO city(region_id, name) values (1168, 'Estes Park');
REPLACE INTO city(region_id, name) values (1168, 'Evergreen');
REPLACE INTO city(region_id, name) values (1168, 'Fort Collins');
REPLACE INTO city(region_id, name) values (1168, 'Glenwood Springs');
REPLACE INTO city(region_id, name) values (1168, 'Golden');
REPLACE INTO city(region_id, name) values (1168, 'Grand Junction');
REPLACE INTO city(region_id, name) values (1168, 'Idaho Springs');
REPLACE INTO city(region_id, name) values (1168, 'Littleton');
REPLACE INTO city(region_id, name) values (1168, 'Longmont');
REPLACE INTO city(region_id, name) values (1168, 'Loveland');
REPLACE INTO city(region_id, name) values (1168, 'Montrose');
REPLACE INTO city(region_id, name) values (1168, 'Ordway');
REPLACE INTO city(region_id, name) values (1168, 'Parker');
REPLACE INTO city(region_id, name) values (1168, 'San Pablo');
REPLACE INTO city(region_id, name) values (1168, 'Silverthorne');
REPLACE INTO city(region_id, name) values (1168, 'Steamboat Springs');
REPLACE INTO city(region_id, name) values (1168, 'Thornton');
REPLACE INTO city(region_id, name) values (1168, 'Vail');
REPLACE INTO city(region_id, name) values (1168, 'Westminster');
REPLACE INTO city(region_id, name) values (1220, 'Сан-Сальвадор');
REPLACE INTO city(region_id, name) values (1227, 'Мбабане');
REPLACE INTO region(id, country_id, name) values (1228, 159, 'Кастри');
REPLACE INTO city(region_id, name) values (699, 'Campo nell''''Elba');
REPLACE INTO city(region_id, name) values (699, 'Cecina');
REPLACE INTO city(region_id, name) values (699, 'Livorno');
REPLACE INTO city(region_id, name) values (699, 'Marciana');
REPLACE INTO city(region_id, name) values (699, 'Piombino');
REPLACE INTO city(region_id, name) values (699, 'Portoferraio');
REPLACE INTO city(region_id, name) values (699, 'Rio nell''''Elba');
REPLACE INTO city(region_id, name) values (699, 'Rosignano Marittimo');
REPLACE INTO city(region_id, name) values (699, 'San Vincenzo');
REPLACE INTO city(region_id, name) values (1027, 'Queseras');
REPLACE INTO city(region_id, name) values (1049, 'Adamw');
REPLACE INTO city(region_id, name) values (1049, 'Bilcza');
REPLACE INTO city(region_id, name) values (1049, 'Busko-Zdrj');
REPLACE INTO city(region_id, name) values (1049, 'Cminsk Swiate‚ek');
REPLACE INTO city(region_id, name) values (1049, 'Kaziny');
REPLACE INTO city(region_id, name) values (1049, 'Kraskw');
REPLACE INTO city(region_id, name) values (1049, 'Ostrowiec');
REPLACE INTO city(region_id, name) values (1049, 'Ostrowiec Swietokrzyski');
REPLACE INTO city(region_id, name) values (1049, 'Skarzysko-Kamienna');
REPLACE INTO city(region_id, name) values (1108, 'gua de Pena');
REPLACE INTO city(region_id, name) values (1108, 'Cabo da Ribeira');
REPLACE INTO city(region_id, name) values (1108, 'Camacha');
REPLACE INTO city(region_id, name) values (1108, 'Canio');
REPLACE INTO city(region_id, name) values (1108, 'Carreira');
REPLACE INTO city(region_id, name) values (1108, 'Estreito de Cmara de Lobos');
REPLACE INTO city(region_id, name) values (1108, 'Funchal');
REPLACE INTO city(region_id, name) values (1108, 'Porto Santo');
REPLACE INTO city(region_id, name) values (1108, 'Santo da Serra');
REPLACE INTO city(region_id, name) values (1108, 'Tbua');
REPLACE INTO city(region_id, name) values (1128, 'Brasov');
REPLACE INTO city(region_id, name) values (1128, 'Codlea');
REPLACE INTO city(region_id, name) values (1128, 'Fagaras');
REPLACE INTO city(region_id, name) values (1128, 'Predeal');
REPLACE INTO city(region_id, name) values (1128, 'Rasnov');
REPLACE INTO city(region_id, name) values (1128, 'Rupea');
REPLACE INTO city(region_id, name) values (1128, 'Sacele');
REPLACE INTO city(region_id, name) values (1128, 'Victoria');
REPLACE INTO city(region_id, name) values (1128, 'Zarnesti');
REPLACE INTO city(region_id, name) values (1169, 'Andover');
REPLACE INTO city(region_id, name) values (1169, 'Avon');
REPLACE INTO city(region_id, name) values (1169, 'Baltic');
REPLACE INTO city(region_id, name) values (1169, 'Bolton');
REPLACE INTO city(region_id, name) values (1169, 'Bridgeport');
REPLACE INTO city(region_id, name) values (1169, 'Bristol');
REPLACE INTO city(region_id, name) values (1169, 'Brooklyn');
REPLACE INTO city(region_id, name) values (1169, 'Canaan');
REPLACE INTO city(region_id, name) values (1169, 'Cheshire');
REPLACE INTO city(region_id, name) values (1169, 'Clinton');
REPLACE INTO city(region_id, name) values (1169, 'Columbia');
REPLACE INTO city(region_id, name) values (1169, 'Cromwell');
REPLACE INTO city(region_id, name) values (1169, 'Danbury');
REPLACE INTO city(region_id, name) values (1169, 'Dayville');
REPLACE INTO city(region_id, name) values (1169, 'Derby');
REPLACE INTO city(region_id, name) values (1169, 'East Berlin');
REPLACE INTO city(region_id, name) values (1169, 'East Hartford');
REPLACE INTO city(region_id, name) values (1169, 'Enfield');
REPLACE INTO city(region_id, name) values (1169, 'Essex');
REPLACE INTO city(region_id, name) values (1169, 'Fairfield');
REPLACE INTO city(region_id, name) values (1169, 'Falls Village');
REPLACE INTO city(region_id, name) values (1169, 'Farmington');
REPLACE INTO city(region_id, name) values (1169, 'Glastonbury');
REPLACE INTO city(region_id, name) values (1169, 'Greenwich');
REPLACE INTO city(region_id, name) values (1169, 'Groton');
REPLACE INTO city(region_id, name) values (1169, 'Hamden');
REPLACE INTO city(region_id, name) values (1169, 'Hartford');
REPLACE INTO city(region_id, name) values (1169, 'Manchester');
REPLACE INTO city(region_id, name) values (1169, 'Meriden');
REPLACE INTO city(region_id, name) values (1169, 'Milford');
REPLACE INTO city(region_id, name) values (1169, 'Mystic');
REPLACE INTO city(region_id, name) values (1169, 'New Britain');
REPLACE INTO city(region_id, name) values (1169, 'New Canaan');
REPLACE INTO city(region_id, name) values (1169, 'New Haven');
REPLACE INTO city(region_id, name) values (1169, 'New London');
REPLACE INTO city(region_id, name) values (1169, 'Newington');
REPLACE INTO city(region_id, name) values (1169, 'Niantic');
REPLACE INTO city(region_id, name) values (1169, 'North Haven');
REPLACE INTO city(region_id, name) values (1169, 'Norwalk');
REPLACE INTO city(region_id, name) values (1169, 'Norwich');
REPLACE INTO city(region_id, name) values (1169, 'Pawcatuck');
REPLACE INTO city(region_id, name) values (1169, 'Redding Center');
REPLACE INTO city(region_id, name) values (1169, 'Rocky Hill');
REPLACE INTO city(region_id, name) values (1169, 'Shelton');
REPLACE INTO city(region_id, name) values (1169, 'Simsbury');
REPLACE INTO city(region_id, name) values (1169, 'Southbury');
REPLACE INTO city(region_id, name) values (1169, 'Southport');
REPLACE INTO city(region_id, name) values (1169, 'Stafford');
REPLACE INTO city(region_id, name) values (1169, 'Stamford');
REPLACE INTO city(region_id, name) values (1169, 'Stratford');
REPLACE INTO city(region_id, name) values (1169, 'Suffield');
REPLACE INTO city(region_id, name) values (1169, 'Trumbull');
REPLACE INTO city(region_id, name) values (1169, 'W Hartford');
REPLACE INTO city(region_id, name) values (1169, 'Wallingford');
REPLACE INTO city(region_id, name) values (1169, 'Waterbury');
REPLACE INTO city(region_id, name) values (1169, 'Watertown');
REPLACE INTO city(region_id, name) values (1169, 'West Hartland');
REPLACE INTO city(region_id, name) values (1169, 'West Haven');
REPLACE INTO city(region_id, name) values (1169, 'Westport');
REPLACE INTO city(region_id, name) values (1169, 'Wethersfield');
REPLACE INTO city(region_id, name) values (1169, 'Willimantic');
REPLACE INTO city(region_id, name) values (1169, 'Wilton');
REPLACE INTO city(region_id, name) values (1169, 'Windham');
REPLACE INTO city(region_id, name) values (1169, 'Windsor');
REPLACE INTO city(region_id, name) values (1169, 'Woodbury');
REPLACE INTO city(region_id, name) values (1228, 'Кастри');
REPLACE INTO region(id, country_id, name) values (1229, 160, 'Джеймстаун');
REPLACE INTO city(region_id, name) values (700, 'Forte dei Marmi');
REPLACE INTO city(region_id, name) values (700, 'Lucca');
REPLACE INTO city(region_id, name) values (700, 'Porcari');
REPLACE INTO city(region_id, name) values (700, 'Viareggio');
REPLACE INTO city(region_id, name) values (1028, 'San Juan');
REPLACE INTO city(region_id, name) values (1050, 'Babin');
REPLACE INTO city(region_id, name) values (1050, 'Dabrowica');
REPLACE INTO city(region_id, name) values (1050, 'Konin');
REPLACE INTO city(region_id, name) values (1109, 'Venda da Costa');
REPLACE INTO city(region_id, name) values (1129, 'Bucuresti');
REPLACE INTO city(region_id, name) values (1170, 'Bear');
REPLACE INTO city(region_id, name) values (1170, 'Bethany Beach');
REPLACE INTO city(region_id, name) values (1170, 'Dagsboro');
REPLACE INTO city(region_id, name) values (1170, 'Delmar');
REPLACE INTO city(region_id, name) values (1170, 'Dover');
REPLACE INTO city(region_id, name) values (1170, 'Dover AFB');
REPLACE INTO city(region_id, name) values (1170, 'Fenwick Island');
REPLACE INTO city(region_id, name) values (1170, 'Hockessin');
REPLACE INTO city(region_id, name) values (1170, 'Milton');
REPLACE INTO city(region_id, name) values (1170, 'Newark');
REPLACE INTO city(region_id, name) values (1170, 'Rehoboth Beach');
REPLACE INTO city(region_id, name) values (1170, 'Wilmington');
REPLACE INTO city(region_id, name) values (1229, 'Джеймстаун');
REPLACE INTO region(id, country_id, name) values (1230, 161, 'Korea');
REPLACE INTO city(region_id, name) values (701, 'Carrara');
REPLACE INTO city(region_id, name) values (701, 'Massa');
REPLACE INTO city(region_id, name) values (1029, 'Castilla');
REPLACE INTO city(region_id, name) values (1029, 'Piura');
REPLACE INTO city(region_id, name) values (1051, 'Preczw');
REPLACE INTO city(region_id, name) values (1110, 'Entre Ribeiras');
REPLACE INTO city(region_id, name) values (1110, 'Portalegre');
REPLACE INTO city(region_id, name) values (1130, 'Buzau');
REPLACE INTO city(region_id, name) values (1130, 'Nehoiu');
REPLACE INTO city(region_id, name) values (1130, 'Pogoanele');
REPLACE INTO city(region_id, name) values (1130, 'Ramnicu Sarat');
REPLACE INTO city(region_id, name) values (1171, 'Washington');
REPLACE INTO city(region_id, name) values (1230, 'Dagu');
REPLACE INTO region(id, country_id, name) values (1231, 162, 'Сейшеллы');
REPLACE INTO city(region_id, name) values (702, 'Buti');
REPLACE INTO city(region_id, name) values (702, 'Calcinaia');
REPLACE INTO city(region_id, name) values (702, 'Casciana Terme');
REPLACE INTO city(region_id, name) values (702, 'Cascina');
REPLACE INTO city(region_id, name) values (702, 'Guardistallo');
REPLACE INTO city(region_id, name) values (702, 'Orciano Pisano');
REPLACE INTO city(region_id, name) values (702, 'Pisa');
REPLACE INTO city(region_id, name) values (702, 'Pontedera');
REPLACE INTO city(region_id, name) values (702, 'Santa Croce sull''''Arno');
REPLACE INTO city(region_id, name) values (702, 'Volterra');
REPLACE INTO city(region_id, name) values (1030, 'Azngaro');
REPLACE INTO city(region_id, name) values (1030, 'Puno');
REPLACE INTO city(region_id, name) values (1052, 'Balice');
REPLACE INTO city(region_id, name) values (1052, 'Batowice');
REPLACE INTO city(region_id, name) values (1052, 'Borek');
REPLACE INTO city(region_id, name) values (1052, 'Borek Fa‚ecki');
REPLACE INTO city(region_id, name) values (1052, 'Czechy');
REPLACE INTO city(region_id, name) values (1052, 'Ibramowice');
REPLACE INTO city(region_id, name) values (1052, 'Janowice');
REPLACE INTO city(region_id, name) values (1052, 'Kaszw');
REPLACE INTO city(region_id, name) values (1052, 'Kazimierz');
REPLACE INTO city(region_id, name) values (1052, 'Konary');
REPLACE INTO city(region_id, name) values (1052, 'Kozmice');
REPLACE INTO city(region_id, name) values (1052, 'Krakuszowice');
REPLACE INTO city(region_id, name) values (1052, 'Krowodrza');
REPLACE INTO city(region_id, name) values (1052, 'Krzykwka');
REPLACE INTO city(region_id, name) values (1052, 'Kunice');
REPLACE INTO city(region_id, name) values (1052, 'Mi‚ocice');
REPLACE INTO city(region_id, name) values (1052, 'Myslenice');
REPLACE INTO city(region_id, name) values (1052, 'Nowa Huta');
REPLACE INTO city(region_id, name) values (1052, 'Pieskowa Ska‚a');
REPLACE INTO city(region_id, name) values (1052, 'Wawel');
REPLACE INTO city(region_id, name) values (1052, 'Zbik');
REPLACE INTO city(region_id, name) values (1052, 'Zielona');
REPLACE INTO city(region_id, name) values (1111, 'Aguadeira');
REPLACE INTO city(region_id, name) values (1111, 'Albergaria');
REPLACE INTO city(region_id, name) values (1111, 'Alfena');
REPLACE INTO city(region_id, name) values (1111, 'Amarante');
REPLACE INTO city(region_id, name) values (1111, 'Aves');
REPLACE INTO city(region_id, name) values (1111, 'Ermezinde');
REPLACE INTO city(region_id, name) values (1111, 'Foz');
REPLACE INTO city(region_id, name) values (1111, 'Gaia');
REPLACE INTO city(region_id, name) values (1111, 'Gondomar');
REPLACE INTO city(region_id, name) values (1111, 'Maia');
REPLACE INTO city(region_id, name) values (1111, 'Matosinhos');
REPLACE INTO city(region_id, name) values (1111, 'Matosinhos');
REPLACE INTO city(region_id, name) values (1111, 'Paos de Ferreira');
REPLACE INTO city(region_id, name) values (1111, 'Paredes');
REPLACE INTO city(region_id, name) values (1111, 'Paredes');
REPLACE INTO city(region_id, name) values (1111, 'Penafiel');
REPLACE INTO city(region_id, name) values (1111, 'Porto');
REPLACE INTO city(region_id, name) values (1111, 'Pvoa de Varzim');
REPLACE INTO city(region_id, name) values (1111, 'Trofa Velha');
REPLACE INTO city(region_id, name) values (1111, 'Vale');
REPLACE INTO city(region_id, name) values (1111, 'Vila do Conde');
REPLACE INTO city(region_id, name) values (1111, 'Vila Nova de Gaia');
REPLACE INTO city(region_id, name) values (1111, 'Vizela');
REPLACE INTO city(region_id, name) values (1131, 'Budesti');
REPLACE INTO city(region_id, name) values (1131, 'Calarasi');
REPLACE INTO city(region_id, name) values (1131, 'Fundulea');
REPLACE INTO city(region_id, name) values (1131, 'Lehliu Gara');
REPLACE INTO city(region_id, name) values (1131, 'Oltenita');
REPLACE INTO city(region_id, name) values (1172, 'Alachua');
REPLACE INTO city(region_id, name) values (1172, 'Alford');
REPLACE INTO city(region_id, name) values (1172, 'Altamonte Springs');
REPLACE INTO city(region_id, name) values (1172, 'Altoona');
REPLACE INTO city(region_id, name) values (1172, 'Alva');
REPLACE INTO city(region_id, name) values (1172, 'Anna Maria');
REPLACE INTO city(region_id, name) values (1172, 'Apollo Beach');
REPLACE INTO city(region_id, name) values (1172, 'Apopka');
REPLACE INTO city(region_id, name) values (1172, 'Arcadia');
REPLACE INTO city(region_id, name) values (1172, 'Archer');
REPLACE INTO city(region_id, name) values (1172, 'Argyle');
REPLACE INTO city(region_id, name) values (1172, 'Astatula');
REPLACE INTO city(region_id, name) values (1172, 'Astor');
REPLACE INTO city(region_id, name) values (1172, 'Atlantic Beach');
REPLACE INTO city(region_id, name) values (1172, 'Auburndale');
REPLACE INTO city(region_id, name) values (1172, 'Avon Park');
REPLACE INTO city(region_id, name) values (1172, 'Bartow');
REPLACE INTO city(region_id, name) values (1172, 'Beverly Hills');
REPLACE INTO city(region_id, name) values (1172, 'Blountstown');
REPLACE INTO city(region_id, name) values (1172, 'Boca Raton');
REPLACE INTO city(region_id, name) values (1172, 'Boynton Beach');
REPLACE INTO city(region_id, name) values (1172, 'Bradenton');
REPLACE INTO city(region_id, name) values (1172, 'Brandon');
REPLACE INTO city(region_id, name) values (1172, 'Bristol');
REPLACE INTO city(region_id, name) values (1172, 'Bunnell');
REPLACE INTO city(region_id, name) values (1172, 'Candler');
REPLACE INTO city(region_id, name) values (1172, 'Cape Coral');
REPLACE INTO city(region_id, name) values (1172, 'Casselberry');
REPLACE INTO city(region_id, name) values (1172, 'Chipley');
REPLACE INTO city(region_id, name) values (1172, 'Clearwater');
REPLACE INTO city(region_id, name) values (1172, 'Clearwater Beach');
REPLACE INTO city(region_id, name) values (1172, 'Clermont');
REPLACE INTO city(region_id, name) values (1172, 'Cocoa');
REPLACE INTO city(region_id, name) values (1172, 'Crescent City');
REPLACE INTO city(region_id, name) values (1172, 'Davenport');
REPLACE INTO city(region_id, name) values (1172, 'Daytona Beach');
REPLACE INTO city(region_id, name) values (1172, 'Deerfield Beach');
REPLACE INTO city(region_id, name) values (1172, 'Deland');
REPLACE INTO city(region_id, name) values (1172, 'Delray Beach');
REPLACE INTO city(region_id, name) values (1172, 'Deltona');
REPLACE INTO city(region_id, name) values (1172, 'Destin');
REPLACE INTO city(region_id, name) values (1172, 'Dunedin');
REPLACE INTO city(region_id, name) values (1172, 'Eglin AFB');
REPLACE INTO city(region_id, name) values (1172, 'Englewood');
REPLACE INTO city(region_id, name) values (1172, 'Flagler Beach');
REPLACE INTO city(region_id, name) values (1172, 'Florida City');
REPLACE INTO city(region_id, name) values (1172, 'Fort Lauderdale');
REPLACE INTO city(region_id, name) values (1172, 'Fort Myers');
REPLACE INTO city(region_id, name) values (1172, 'Fort Walton Beach');
REPLACE INTO city(region_id, name) values (1172, 'Gainesville');
REPLACE INTO city(region_id, name) values (1172, 'Geneva');
REPLACE INTO city(region_id, name) values (1172, 'Groveland');
REPLACE INTO city(region_id, name) values (1172, 'Gulf Breeze');
REPLACE INTO city(region_id, name) values (1172, 'Hallandale');
REPLACE INTO city(region_id, name) values (1172, 'Hawthorne');
REPLACE INTO city(region_id, name) values (1172, 'Hialeah');
REPLACE INTO city(region_id, name) values (1172, 'Hollywood');
REPLACE INTO city(region_id, name) values (1172, 'Hudson');
REPLACE INTO city(region_id, name) values (1172, 'Indian Rocks Beach');
REPLACE INTO city(region_id, name) values (1172, 'Jacksonville');
REPLACE INTO city(region_id, name) values (1172, 'Jacksonville Beach');
REPLACE INTO city(region_id, name) values (1172, 'Key West');
REPLACE INTO city(region_id, name) values (1172, 'Kissimmee');
REPLACE INTO city(region_id, name) values (1172, 'Labelle');
REPLACE INTO city(region_id, name) values (1172, 'Lake City');
REPLACE INTO city(region_id, name) values (1172, 'Lake Mary');
REPLACE INTO city(region_id, name) values (1172, 'Land O'''' Lakes');
REPLACE INTO city(region_id, name) values (1172, 'Lantana');
REPLACE INTO city(region_id, name) values (1172, 'Largo');
REPLACE INTO city(region_id, name) values (1172, 'Madison');
REPLACE INTO city(region_id, name) values (1172, 'Marathon');
REPLACE INTO city(region_id, name) values (1172, 'Marco Island');
REPLACE INTO city(region_id, name) values (1172, 'Marianna');
REPLACE INTO city(region_id, name) values (1172, 'Melbourne');
REPLACE INTO city(region_id, name) values (1172, 'Merritt Island');
REPLACE INTO city(region_id, name) values (1172, 'Miami');
REPLACE INTO city(region_id, name) values (1172, 'Miami Beach');
REPLACE INTO city(region_id, name) values (1172, 'Miramar Beach');
REPLACE INTO city(region_id, name) values (1172, 'Naples');
REPLACE INTO city(region_id, name) values (1172, 'New Port Richey');
REPLACE INTO city(region_id, name) values (1172, 'North Miami Beach');
REPLACE INTO city(region_id, name) values (1172, 'North Port');
REPLACE INTO city(region_id, name) values (1172, 'Ocoee');
REPLACE INTO city(region_id, name) values (1172, 'Odessa');
REPLACE INTO city(region_id, name) values (1172, 'Orange City');
REPLACE INTO city(region_id, name) values (1172, 'Orlando');
REPLACE INTO city(region_id, name) values (1172, 'Ormond Beach');
REPLACE INTO city(region_id, name) values (1172, 'Palm Beach');
REPLACE INTO city(region_id, name) values (1172, 'Palm Coast');
REPLACE INTO city(region_id, name) values (1172, 'Panama City');
REPLACE INTO city(region_id, name) values (1172, 'Panama City Beach');
REPLACE INTO city(region_id, name) values (1172, 'Parrish');
REPLACE INTO city(region_id, name) values (1172, 'Pensacola');
REPLACE INTO city(region_id, name) values (1172, 'Pompano Beach');
REPLACE INTO city(region_id, name) values (1172, 'Ponte Vedra Beach');
REPLACE INTO city(region_id, name) values (1172, 'Port Charlotte');
REPLACE INTO city(region_id, name) values (1172, 'Port Orange');
REPLACE INTO city(region_id, name) values (1172, 'Port St. Lucie');
REPLACE INTO city(region_id, name) values (1172, 'Saint Augustine');
REPLACE INTO city(region_id, name) values (1172, 'Saint Petersburg');
REPLACE INTO city(region_id, name) values (1172, 'San Antonio');
REPLACE INTO city(region_id, name) values (1172, 'Santa Rosa Beach');
REPLACE INTO city(region_id, name) values (1172, 'Sarasota');
REPLACE INTO city(region_id, name) values (1172, 'Satellite Beach');
REPLACE INTO city(region_id, name) values (1172, 'Spring Hill');
REPLACE INTO city(region_id, name) values (1172, 'Tallahassee');
REPLACE INTO city(region_id, name) values (1172, 'Tampa');
REPLACE INTO city(region_id, name) values (1172, 'Tarpon Springs');
REPLACE INTO city(region_id, name) values (1172, 'Titusville');
REPLACE INTO city(region_id, name) values (1172, 'Venice');
REPLACE INTO city(region_id, name) values (1172, 'Vero Beach');
REPLACE INTO city(region_id, name) values (1172, 'West Palm Beach');
REPLACE INTO city(region_id, name) values (1172, 'Wewahitchka');
REPLACE INTO city(region_id, name) values (1172, 'Windermere');
REPLACE INTO city(region_id, name) values (1231, 'Виктория');
REPLACE INTO region(id, country_id, name) values (1232, 163, 'Сен-Пьер');
REPLACE INTO city(region_id, name) values (703, 'Montecatini-Terme');
REPLACE INTO city(region_id, name) values (703, 'Pescia');
REPLACE INTO city(region_id, name) values (703, 'Pistoia');
REPLACE INTO city(region_id, name) values (703, 'Ponte Buggianese');
REPLACE INTO city(region_id, name) values (703, 'Quarrata');
REPLACE INTO city(region_id, name) values (1031, 'Tarapoto');
REPLACE INTO city(region_id, name) values (1053, 'Bromberg');
REPLACE INTO city(region_id, name) values (1053, 'Bydgoszcz');
REPLACE INTO city(region_id, name) values (1112, 'Abrantes');
REPLACE INTO city(region_id, name) values (1112, 'gua Boa');
REPLACE INTO city(region_id, name) values (1112, 'Alcanena');
REPLACE INTO city(region_id, name) values (1112, 'Almeirim');
REPLACE INTO city(region_id, name) values (1112, 'Almeirim');
REPLACE INTO city(region_id, name) values (1112, 'Alviobeira');
REPLACE INTO city(region_id, name) values (1112, 'Amiis de Baixo');
REPLACE INTO city(region_id, name) values (1112, 'Asseiceira');
REPLACE INTO city(region_id, name) values (1112, 'Entrocamento');
REPLACE INTO city(region_id, name) values (1112, 'Entroncamento');
REPLACE INTO city(region_id, name) values (1112, 'Ftima');
REPLACE INTO city(region_id, name) values (1112, 'Minde');
REPLACE INTO city(region_id, name) values (1112, 'Ourm');
REPLACE INTO city(region_id, name) values (1112, 'Pvoa de Santarm');
REPLACE INTO city(region_id, name) values (1112, 'Praia do Ribatejo');
REPLACE INTO city(region_id, name) values (1112, 'Rio Maior');
REPLACE INTO city(region_id, name) values (1112, 'Salvaterra de Magos');
REPLACE INTO city(region_id, name) values (1112, 'Samora Correia');
REPLACE INTO city(region_id, name) values (1112, 'Santarm');
REPLACE INTO city(region_id, name) values (1112, 'Soudos');
REPLACE INTO city(region_id, name) values (1112, 'Tomar');
REPLACE INTO city(region_id, name) values (1112, 'Torres Novas');
REPLACE INTO city(region_id, name) values (1112, 'Vila Moreira');
REPLACE INTO city(region_id, name) values (1132, 'Anina');
REPLACE INTO city(region_id, name) values (1132, 'Baile Herculane');
REPLACE INTO city(region_id, name) values (1132, 'Bocsa');
REPLACE INTO city(region_id, name) values (1132, 'Caransebes');
REPLACE INTO city(region_id, name) values (1132, 'Moldova Noua');
REPLACE INTO city(region_id, name) values (1132, 'Oravita');
REPLACE INTO city(region_id, name) values (1132, 'Otelu Rosu');
REPLACE INTO city(region_id, name) values (1132, 'Resita');
REPLACE INTO city(region_id, name) values (1173, 'Abbeville');
REPLACE INTO city(region_id, name) values (1173, 'Acworth');
REPLACE INTO city(region_id, name) values (1173, 'Adrian');
REPLACE INTO city(region_id, name) values (1173, 'Allentown');
REPLACE INTO city(region_id, name) values (1173, 'Alpharetta');
REPLACE INTO city(region_id, name) values (1173, 'Alston');
REPLACE INTO city(region_id, name) values (1173, 'Alto');
REPLACE INTO city(region_id, name) values (1173, 'Arabi');
REPLACE INTO city(region_id, name) values (1173, 'Aragon');
REPLACE INTO city(region_id, name) values (1173, 'Athens');
REPLACE INTO city(region_id, name) values (1173, 'Atlanta');
REPLACE INTO city(region_id, name) values (1173, 'Augusta');
REPLACE INTO city(region_id, name) values (1173, 'Blue Ridge');
REPLACE INTO city(region_id, name) values (1173, 'Boston');
REPLACE INTO city(region_id, name) values (1173, 'Canton');
REPLACE INTO city(region_id, name) values (1173, 'Carrollton');
REPLACE INTO city(region_id, name) values (1173, 'Clarkston');
REPLACE INTO city(region_id, name) values (1173, 'Columbus');
REPLACE INTO city(region_id, name) values (1173, 'Conyers');
REPLACE INTO city(region_id, name) values (1173, 'Dahlonega');
REPLACE INTO city(region_id, name) values (1173, 'Dallas');
REPLACE INTO city(region_id, name) values (1173, 'Duluth');
REPLACE INTO city(region_id, name) values (1173, 'Flowery Branch');
REPLACE INTO city(region_id, name) values (1173, 'Fort Benning');
REPLACE INTO city(region_id, name) values (1173, 'Gainesville');
REPLACE INTO city(region_id, name) values (1173, 'Hinesville');
REPLACE INTO city(region_id, name) values (1173, 'Kennesaw');
REPLACE INTO city(region_id, name) values (1173, 'Lagrange');
REPLACE INTO city(region_id, name) values (1173, 'Lawrenceville');
REPLACE INTO city(region_id, name) values (1173, 'Lilburn');
REPLACE INTO city(region_id, name) values (1173, 'Macon');
REPLACE INTO city(region_id, name) values (1173, 'Marietta');
REPLACE INTO city(region_id, name) values (1173, 'Norcross');
REPLACE INTO city(region_id, name) values (1173, 'Roswell');
REPLACE INTO city(region_id, name) values (1173, 'Saint George');
REPLACE INTO city(region_id, name) values (1173, 'Savannah');
REPLACE INTO city(region_id, name) values (1173, 'Stone Mountain');
REPLACE INTO city(region_id, name) values (1173, 'Toccoa');
REPLACE INTO city(region_id, name) values (1173, 'Washington');
REPLACE INTO city(region_id, name) values (1173, 'Winder');
REPLACE INTO city(region_id, name) values (1173, 'Zebulon');
REPLACE INTO city(region_id, name) values (1232, 'Сен-Пьер');
REPLACE INTO region(id, country_id, name) values (1233, 164, 'Сенегал');
REPLACE INTO city(region_id, name) values (704, 'Prato');
REPLACE INTO city(region_id, name) values (1032, 'Alto Per');
REPLACE INTO city(region_id, name) values (1032, 'Tacna');
REPLACE INTO city(region_id, name) values (1054, 'Jawor');
REPLACE INTO city(region_id, name) values (1054, 'Lignica');
REPLACE INTO city(region_id, name) values (1113, 'guas de Moura');
REPLACE INTO city(region_id, name) values (1113, 'Alccer do Sal');
REPLACE INTO city(region_id, name) values (1113, 'Almada');
REPLACE INTO city(region_id, name) values (1113, 'Amora');
REPLACE INTO city(region_id, name) values (1113, 'Arrentela');
REPLACE INTO city(region_id, name) values (1113, 'Barreiro');
REPLACE INTO city(region_id, name) values (1113, 'Costa de Caparica');
REPLACE INTO city(region_id, name) values (1113, 'Fogueteiro');
REPLACE INTO city(region_id, name) values (1113, 'Marateca');
REPLACE INTO city(region_id, name) values (1113, 'Moita');
REPLACE INTO city(region_id, name) values (1113, 'Montijo');
REPLACE INTO city(region_id, name) values (1113, 'Paio Pires');
REPLACE INTO city(region_id, name) values (1113, 'Palmela');
REPLACE INTO city(region_id, name) values (1113, 'Pinhal Novo');
REPLACE INTO city(region_id, name) values (1113, 'Pragal');
REPLACE INTO city(region_id, name) values (1113, 'Santo Andr');
REPLACE INTO city(region_id, name) values (1113, 'Sesimbra');
REPLACE INTO city(region_id, name) values (1113, 'Setabul');
REPLACE INTO city(region_id, name) values (1113, 'Setbal');
REPLACE INTO city(region_id, name) values (1113, 'Sines');
REPLACE INTO city(region_id, name) values (1113, 'Sisimbra');
REPLACE INTO city(region_id, name) values (1113, 'Torre da Marinha');
REPLACE INTO city(region_id, name) values (1133, 'Campia-Turzii');
REPLACE INTO city(region_id, name) values (1133, 'Cluj-Napoca');
REPLACE INTO city(region_id, name) values (1133, 'Dej');
REPLACE INTO city(region_id, name) values (1133, 'Gherla');
REPLACE INTO city(region_id, name) values (1133, 'Huedin');
REPLACE INTO city(region_id, name) values (1133, 'Turda');
REPLACE INTO city(region_id, name) values (1174, 'Haiku');
REPLACE INTO city(region_id, name) values (1174, 'Hakalau');
REPLACE INTO city(region_id, name) values (1174, 'Hanamaulu');
REPLACE INTO city(region_id, name) values (1174, 'Hawaiian Ocean View');
REPLACE INTO city(region_id, name) values (1174, 'Hawi');
REPLACE INTO city(region_id, name) values (1174, 'Honolulu');
REPLACE INTO city(region_id, name) values (1174, 'Kailua Kona');
REPLACE INTO city(region_id, name) values (1174, 'Kihei');
REPLACE INTO city(region_id, name) values (1174, 'Ocean View');
REPLACE INTO city(region_id, name) values (1174, 'Pahoa');
REPLACE INTO city(region_id, name) values (1174, 'Pearl Harbor');
REPLACE INTO city(region_id, name) values (1174, 'Wake Island');
REPLACE INTO city(region_id, name) values (1233, 'Дакар');
REPLACE INTO region(id, country_id, name) values (1234, 165, 'Бастер');
REPLACE INTO city(region_id, name) values (705, 'Castellina in Chianti');
REPLACE INTO city(region_id, name) values (705, 'Cetona');
REPLACE INTO city(region_id, name) values (705, 'Colle di Val d''''Elsa');
REPLACE INTO city(region_id, name) values (705, 'Montepulciano');
REPLACE INTO city(region_id, name) values (705, 'Monteroni d''''Arbia');
REPLACE INTO city(region_id, name) values (705, 'Pienza');
REPLACE INTO city(region_id, name) values (705, 'Poggibonsi');
REPLACE INTO city(region_id, name) values (705, 'Siena');
REPLACE INTO city(region_id, name) values (1033, 'La Garita');
REPLACE INTO city(region_id, name) values (1033, 'Tumbes');
REPLACE INTO city(region_id, name) values (1055, 'Gra');
REPLACE INTO city(region_id, name) values (1055, 'Gostyn');
REPLACE INTO city(region_id, name) values (1055, 'Leszno');
REPLACE INTO city(region_id, name) values (1114, 'Caminha');
REPLACE INTO city(region_id, name) values (1114, 'Mono');
REPLACE INTO city(region_id, name) values (1114, 'Valena');
REPLACE INTO city(region_id, name) values (1114, 'Viana do Castelo');
REPLACE INTO city(region_id, name) values (1114, 'Vianna do Castello');
REPLACE INTO city(region_id, name) values (1134, 'Basarabi');
REPLACE INTO city(region_id, name) values (1134, 'Cernavoda');
REPLACE INTO city(region_id, name) values (1134, 'Constanta');
REPLACE INTO city(region_id, name) values (1134, 'Eforie');
REPLACE INTO city(region_id, name) values (1134, 'Harsova');
REPLACE INTO city(region_id, name) values (1134, 'Mangalia');
REPLACE INTO city(region_id, name) values (1134, 'Medgidia');
REPLACE INTO city(region_id, name) values (1134, 'Navodari');
REPLACE INTO city(region_id, name) values (1134, 'Negru Voda');
REPLACE INTO city(region_id, name) values (1134, 'Ovidiu');
REPLACE INTO city(region_id, name) values (1134, 'Techirghiol');
REPLACE INTO city(region_id, name) values (1175, 'American Falls');
REPLACE INTO city(region_id, name) values (1175, 'Boise');
REPLACE INTO city(region_id, name) values (1175, 'Conda');
REPLACE INTO city(region_id, name) values (1175, 'Fish Haven');
REPLACE INTO city(region_id, name) values (1175, 'Idaho Falls');
REPLACE INTO city(region_id, name) values (1175, 'Moscow');
REPLACE INTO city(region_id, name) values (1175, 'Pocatello');
REPLACE INTO city(region_id, name) values (1175, 'Preston');
REPLACE INTO city(region_id, name) values (1175, 'Sandpoint');
REPLACE INTO city(region_id, name) values (1175, 'Twin Falls');
REPLACE INTO city(region_id, name) values (1234, 'Бастер');
REPLACE INTO region(id, country_id, name) values (1235, 166, 'Кингстаун');
REPLACE INTO city(region_id, name) values (706, 'Bolzano-Bozen');
REPLACE INTO city(region_id, name) values (706, 'Brennero-Brenner');
REPLACE INTO city(region_id, name) values (706, 'Bressanone-Brixen');
REPLACE INTO city(region_id, name) values (706, 'Brunico-Bruneck');
REPLACE INTO city(region_id, name) values (706, 'Dobbiaco-Toblach');
REPLACE INTO city(region_id, name) values (706, 'Merano-Meran');
REPLACE INTO city(region_id, name) values (706, 'Terento-Terenten');
REPLACE INTO city(region_id, name) values (1034, 'Callaria');
REPLACE INTO city(region_id, name) values (1034, 'Pucallpa');
REPLACE INTO city(region_id, name) values (1056, 'Aleksandrw');
REPLACE INTO city(region_id, name) values (1056, 'Anielin');
REPLACE INTO city(region_id, name) values (1056, 'Augustw');
REPLACE INTO city(region_id, name) values (1056, 'Ba‚uty');
REPLACE INTO city(region_id, name) values (1056, 'Be‚dow');
REPLACE INTO city(region_id, name) values (1056, 'Be‚dowek');
REPLACE INTO city(region_id, name) values (1056, 'Budy');
REPLACE INTO city(region_id, name) values (1056, 'Chojny');
REPLACE INTO city(region_id, name) values (1056, 'Glovno');
REPLACE INTO city(region_id, name) values (1056, 'Karolew');
REPLACE INTO city(region_id, name) values (1056, 'Kwilno');
REPLACE INTO city(region_id, name) values (1056, 'Lublinek');
REPLACE INTO city(region_id, name) values (1056, 'owicz');
REPLACE INTO city(region_id, name) values (1056, 'Olechw');
REPLACE INTO city(region_id, name) values (1056, 'Pabianice');
REPLACE INTO city(region_id, name) values (1056, 'Piaskowice');
REPLACE INTO city(region_id, name) values (1056, 'Radogoszcz');
REPLACE INTO city(region_id, name) values (1056, 'Retkinia');
REPLACE INTO city(region_id, name) values (1056, 'Teofilw');
REPLACE INTO city(region_id, name) values (1056, 'Widzew');
REPLACE INTO city(region_id, name) values (1056, 'Zgierz');
REPLACE INTO city(region_id, name) values (1115, 'Alijo');
REPLACE INTO city(region_id, name) values (1115, 'Chaves');
REPLACE INTO city(region_id, name) values (1115, 'Montalegre');
REPLACE INTO city(region_id, name) values (1115, 'Vila Real');
REPLACE INTO city(region_id, name) values (1135, 'Baraolt');
REPLACE INTO city(region_id, name) values (1135, 'Covasna');
REPLACE INTO city(region_id, name) values (1135, 'Intorsura Buzaului');
REPLACE INTO city(region_id, name) values (1135, 'Sfntu Gheorghe');
REPLACE INTO city(region_id, name) values (1135, 'Targu Secuiesc');
REPLACE INTO city(region_id, name) values (1176, 'Addison');
REPLACE INTO city(region_id, name) values (1176, 'Albany');
REPLACE INTO city(region_id, name) values (1176, 'Alsey');
REPLACE INTO city(region_id, name) values (1176, 'Alton');
REPLACE INTO city(region_id, name) values (1176, 'Anna');
REPLACE INTO city(region_id, name) values (1176, 'Arlington Heights');
REPLACE INTO city(region_id, name) values (1176, 'Aurora');
REPLACE INTO city(region_id, name) values (1176, 'Barrington');
REPLACE INTO city(region_id, name) values (1176, 'Belleville');
REPLACE INTO city(region_id, name) values (1176, 'Berwyn');
REPLACE INTO city(region_id, name) values (1176, 'Bloomingdale');
REPLACE INTO city(region_id, name) values (1176, 'Bolingbrook');
REPLACE INTO city(region_id, name) values (1176, 'Buffalo Grove');
REPLACE INTO city(region_id, name) values (1176, 'Bushnell');
REPLACE INTO city(region_id, name) values (1176, 'Cary');
REPLACE INTO city(region_id, name) values (1176, 'Champaign');
REPLACE INTO city(region_id, name) values (1176, 'Chicago');
REPLACE INTO city(region_id, name) values (1176, 'Chicago Heights');
REPLACE INTO city(region_id, name) values (1176, 'Chicago Ridge');
REPLACE INTO city(region_id, name) values (1176, 'Darien');
REPLACE INTO city(region_id, name) values (1176, 'Deerfield');
REPLACE INTO city(region_id, name) values (1176, 'Des Plaines');
REPLACE INTO city(region_id, name) values (1176, 'Downers Grove');
REPLACE INTO city(region_id, name) values (1176, 'Elk Grove Village');
REPLACE INTO city(region_id, name) values (1176, 'Elmwood Park');
REPLACE INTO city(region_id, name) values (1176, 'Evanston');
REPLACE INTO city(region_id, name) values (1176, 'Franklin');
REPLACE INTO city(region_id, name) values (1176, 'Geneva');
REPLACE INTO city(region_id, name) values (1176, 'Glenview');
REPLACE INTO city(region_id, name) values (1176, 'Hammond');
REPLACE INTO city(region_id, name) values (1176, 'Harwood Heights');
REPLACE INTO city(region_id, name) values (1176, 'La Grange Park');
REPLACE INTO city(region_id, name) values (1176, 'Lemont');
REPLACE INTO city(region_id, name) values (1176, 'Long Grove');
REPLACE INTO city(region_id, name) values (1176, 'Loves Park');
REPLACE INTO city(region_id, name) values (1176, 'Madison');
REPLACE INTO city(region_id, name) values (1176, 'Monticello');
REPLACE INTO city(region_id, name) values (1176, 'Morton Grove');
REPLACE INTO city(region_id, name) values (1176, 'Mount Prospect');
REPLACE INTO city(region_id, name) values (1176, 'Mundelein');
REPLACE INTO city(region_id, name) values (1176, 'Naperville');
REPLACE INTO city(region_id, name) values (1176, 'Niles');
REPLACE INTO city(region_id, name) values (1176, 'Northbrook');
REPLACE INTO city(region_id, name) values (1176, 'Oak Lawn');
REPLACE INTO city(region_id, name) values (1176, 'Oak Park');
REPLACE INTO city(region_id, name) values (1176, 'Palatine');
REPLACE INTO city(region_id, name) values (1176, 'Rochester');
REPLACE INTO city(region_id, name) values (1176, 'Rockford');
REPLACE INTO city(region_id, name) values (1176, 'Rolling Meadows');
REPLACE INTO city(region_id, name) values (1176, 'Roselle');
REPLACE INTO city(region_id, name) values (1176, 'Round Lake');
REPLACE INTO city(region_id, name) values (1176, 'Schaumburg');
REPLACE INTO city(region_id, name) values (1176, 'Skokie');
REPLACE INTO city(region_id, name) values (1176, 'Springfield');
REPLACE INTO city(region_id, name) values (1176, 'Urbana');
REPLACE INTO city(region_id, name) values (1176, 'Vernon Hills');
REPLACE INTO city(region_id, name) values (1176, 'Waukegan');
REPLACE INTO city(region_id, name) values (1176, 'Westmont');
REPLACE INTO city(region_id, name) values (1176, 'Wheaton');
REPLACE INTO city(region_id, name) values (1176, 'Wheeling');
REPLACE INTO city(region_id, name) values (1235, 'Кингстаун');
REPLACE INTO region(id, country_id, name) values (1236, 167, 'Воеводина');
REPLACE INTO region(id, country_id, name) values (1237, 167, 'Косово и Метохия');
REPLACE INTO region(id, country_id, name) values (1238, 167, 'Центральная Сербия');
REPLACE INTO city(region_id, name) values (707, 'Arco');
REPLACE INTO city(region_id, name) values (707, 'Borgo Valsugana');
REPLACE INTO city(region_id, name) values (707, 'Mezzocorona');
REPLACE INTO city(region_id, name) values (707, 'Riva del Garda');
REPLACE INTO city(region_id, name) values (707, 'Rovereto');
REPLACE INTO city(region_id, name) values (707, 'Trento');
REPLACE INTO city(region_id, name) values (707, 'Vigo di Fassa');
REPLACE INTO city(region_id, name) values (1057, 'Litzmannstadt');
REPLACE INTO city(region_id, name) values (1116, 'Mangualde');
REPLACE INTO city(region_id, name) values (1116, 'Oliveira de Frades');
REPLACE INTO city(region_id, name) values (1116, 'Santa Comba Do');
REPLACE INTO city(region_id, name) values (1116, 'Santiago');
REPLACE INTO city(region_id, name) values (1116, 'So Joo da Pesqueira');
REPLACE INTO city(region_id, name) values (1116, 'So Pedro do Sul');
REPLACE INTO city(region_id, name) values (1116, 'Vimieiro');
REPLACE INTO city(region_id, name) values (1116, 'Viseu');
REPLACE INTO city(region_id, name) values (1116, 'Vizeu');
REPLACE INTO city(region_id, name) values (1136, 'Fieni');
REPLACE INTO city(region_id, name) values (1136, 'Gaesti');
REPLACE INTO city(region_id, name) values (1136, 'Moreni');
REPLACE INTO city(region_id, name) values (1136, 'Pucioasa');
REPLACE INTO city(region_id, name) values (1136, 'Targoviste');
REPLACE INTO city(region_id, name) values (1136, 'Titu');
REPLACE INTO city(region_id, name) values (1177, 'Akron');
REPLACE INTO city(region_id, name) values (1177, 'Angola');
REPLACE INTO city(region_id, name) values (1177, 'Atlanta');
REPLACE INTO city(region_id, name) values (1177, 'Attica');
REPLACE INTO city(region_id, name) values (1177, 'Bloomington');
REPLACE INTO city(region_id, name) values (1177, 'Carmel');
REPLACE INTO city(region_id, name) values (1177, 'Central');
REPLACE INTO city(region_id, name) values (1177, 'Elkhart');
REPLACE INTO city(region_id, name) values (1177, 'Fishers');
REPLACE INTO city(region_id, name) values (1177, 'Fort Wayne');
REPLACE INTO city(region_id, name) values (1177, 'Goshen');
REPLACE INTO city(region_id, name) values (1177, 'Greencastle');
REPLACE INTO city(region_id, name) values (1177, 'Indianapolis');
REPLACE INTO city(region_id, name) values (1177, 'Lafayette');
REPLACE INTO city(region_id, name) values (1177, 'Michigan City');
REPLACE INTO city(region_id, name) values (1177, 'Nappanee');
REPLACE INTO city(region_id, name) values (1177, 'New Albany');
REPLACE INTO city(region_id, name) values (1177, 'Richmond');
REPLACE INTO city(region_id, name) values (1177, 'Spencerville');
REPLACE INTO city(region_id, name) values (1177, 'Terre Haute');
REPLACE INTO city(region_id, name) values (1177, 'West Lafayette');
REPLACE INTO city(region_id, name) values (1236, 'Западная Бачка округ');
REPLACE INTO city(region_id, name) values (1236, 'Северная Бачка округ');
REPLACE INTO city(region_id, name) values (1236, 'Северно-Банатский округ');
REPLACE INTO city(region_id, name) values (1236, 'Средне-Банатский округ');
REPLACE INTO city(region_id, name) values (1236, 'Сремский округ');
REPLACE INTO city(region_id, name) values (1236, 'Южная Бачка округ');
REPLACE INTO city(region_id, name) values (1236, 'Южно-Банатский округ');
REPLACE INTO region(id, country_id, name) values (1239, 168, 'Сингапур');
REPLACE INTO city(region_id, name) values (708, 'Assisi');
REPLACE INTO city(region_id, name) values (708, 'Bastia Umbra');
REPLACE INTO city(region_id, name) values (708, 'Castiglione del Lago');
REPLACE INTO city(region_id, name) values (708, 'Citt di Castello');
REPLACE INTO city(region_id, name) values (708, 'Costacciaro');
REPLACE INTO city(region_id, name) values (708, 'Foligno');
REPLACE INTO city(region_id, name) values (708, 'Marsciano');
REPLACE INTO city(region_id, name) values (708, 'Nocera Umbra');
REPLACE INTO city(region_id, name) values (708, 'Perugia');
REPLACE INTO city(region_id, name) values (708, 'Spoleto');
REPLACE INTO city(region_id, name) values (708, 'Todi');
REPLACE INTO city(region_id, name) values (1058, 'Andrzejki');
REPLACE INTO city(region_id, name) values (1058, 'Barany');
REPLACE INTO city(region_id, name) values (1058, 'Zambrw');
REPLACE INTO city(region_id, name) values (1137, 'Bailesti');
REPLACE INTO city(region_id, name) values (1137, 'Calafat');
REPLACE INTO city(region_id, name) values (1137, 'Craiova');
REPLACE INTO city(region_id, name) values (1137, 'Filiasi');
REPLACE INTO city(region_id, name) values (1137, 'Segarcea');
REPLACE INTO city(region_id, name) values (1178, 'Afton');
REPLACE INTO city(region_id, name) values (1178, 'Ames');
REPLACE INTO city(region_id, name) values (1178, 'Bancroft');
REPLACE INTO city(region_id, name) values (1178, 'Cedar Rapids');
REPLACE INTO city(region_id, name) values (1178, 'Davenport');
REPLACE INTO city(region_id, name) values (1178, 'Des Moines');
REPLACE INTO city(region_id, name) values (1178, 'Iowa City');
REPLACE INTO city(region_id, name) values (1178, 'Oskaloosa');
REPLACE INTO city(region_id, name) values (1178, 'Postville');
REPLACE INTO city(region_id, name) values (1178, 'Story City');
REPLACE INTO city(region_id, name) values (1237, 'Косовскомитровачский округ');
REPLACE INTO city(region_id, name) values (1237, 'Призренский округ');
REPLACE INTO city(region_id, name) values (1239, 'Сингапур');
REPLACE INTO region(id, country_id, name) values (1240, 169, 'Дамаск');
REPLACE INTO city(region_id, name) values (709, 'Arrone');
REPLACE INTO city(region_id, name) values (709, 'Calvi dell''''Umbria');
REPLACE INTO city(region_id, name) values (709, 'Giove');
REPLACE INTO city(region_id, name) values (709, 'Orvieto');
REPLACE INTO city(region_id, name) values (709, 'Terni');
REPLACE INTO city(region_id, name) values (1059, 'Adampol');
REPLACE INTO city(region_id, name) values (1059, 'Basonia');
REPLACE INTO city(region_id, name) values (1059, 'Brzeznica Bychowska');
REPLACE INTO city(region_id, name) values (1059, 'Choiny');
REPLACE INTO city(region_id, name) values (1059, 'Kazimierz Dolny');
REPLACE INTO city(region_id, name) values (1059, 'Kock');
REPLACE INTO city(region_id, name) values (1059, 'Lubartw');
REPLACE INTO city(region_id, name) values (1059, 'Lubomirka');
REPLACE INTO city(region_id, name) values (1059, 'Ludwikw Grny');
REPLACE INTO city(region_id, name) values (1059, 'Ludwin');
REPLACE INTO city(region_id, name) values (1059, 'Milejw');
REPLACE INTO city(region_id, name) values (1059, 'Niemce');
REPLACE INTO city(region_id, name) values (1138, 'Beresti');
REPLACE INTO city(region_id, name) values (1138, 'Galati');
REPLACE INTO city(region_id, name) values (1138, 'Targu Bujor');
REPLACE INTO city(region_id, name) values (1138, 'Tecuci');
REPLACE INTO city(region_id, name) values (1179, 'Arkansas City');
REPLACE INTO city(region_id, name) values (1179, 'Arma');
REPLACE INTO city(region_id, name) values (1179, 'Atchison');
REPLACE INTO city(region_id, name) values (1179, 'Bonner Springs');
REPLACE INTO city(region_id, name) values (1179, 'Clay Center');
REPLACE INTO city(region_id, name) values (1179, 'Green');
REPLACE INTO city(region_id, name) values (1179, 'Kansas City');
REPLACE INTO city(region_id, name) values (1179, 'Lawrence');
REPLACE INTO city(region_id, name) values (1179, 'Manhattan');
REPLACE INTO city(region_id, name) values (1179, 'Rose Hill');
REPLACE INTO city(region_id, name) values (1179, 'Shawnee Mission');
REPLACE INTO city(region_id, name) values (1179, 'Topeka');
REPLACE INTO city(region_id, name) values (1179, 'Utica');
REPLACE INTO city(region_id, name) values (1179, 'Wichita');
REPLACE INTO city(region_id, name) values (1238, 'Белград');
REPLACE INTO city(region_id, name) values (1238, 'Борский округ');
REPLACE INTO city(region_id, name) values (1238, 'Заечарский округ');
REPLACE INTO city(region_id, name) values (1238, 'Златиборский округ');
REPLACE INTO city(region_id, name) values (1238, 'Моравичский округ');
REPLACE INTO city(region_id, name) values (1238, 'Нишавский округ');
REPLACE INTO city(region_id, name) values (1238, 'округ Рашка');
REPLACE INTO city(region_id, name) values (1238, 'Поморавский округ');
REPLACE INTO city(region_id, name) values (1238, 'Расинский округ');
REPLACE INTO city(region_id, name) values (1238, 'Шумадийский округ');
REPLACE INTO city(region_id, name) values (1238, 'Ябланичский округ');
REPLACE INTO city(region_id, name) values (1240, 'Дамаск');
REPLACE INTO region(id, country_id, name) values (1241, 170, 'Bratislava');
REPLACE INTO region(id, country_id, name) values (1242, 170, 'Kosice');
REPLACE INTO region(id, country_id, name) values (1243, 170, 'Nitra');
REPLACE INTO region(id, country_id, name) values (1244, 170, 'None');
REPLACE INTO region(id, country_id, name) values (1245, 170, 'Presov');
REPLACE INTO region(id, country_id, name) values (1246, 170, 'Trencin');
REPLACE INTO region(id, country_id, name) values (1247, 170, 'Trnava');
REPLACE INTO city(region_id, name) values (710, 'Aosta');
REPLACE INTO city(region_id, name) values (710, 'Saint-Oyen');
REPLACE INTO city(region_id, name) values (1060, 'Gruentberg');
REPLACE INTO city(region_id, name) values (1060, 'Grnberg');
REPLACE INTO city(region_id, name) values (1060, 'Zielona Gra');
REPLACE INTO city(region_id, name) values (1139, 'Bolintin-Vale');
REPLACE INTO city(region_id, name) values (1139, 'Giurgiu');
REPLACE INTO city(region_id, name) values (1139, 'Mihailesti');
REPLACE INTO city(region_id, name) values (1180, 'Adairville');
REPLACE INTO city(region_id, name) values (1180, 'Adams');
REPLACE INTO city(region_id, name) values (1180, 'Artemus');
REPLACE INTO city(region_id, name) values (1180, 'Bowling Green');
REPLACE INTO city(region_id, name) values (1180, 'Erlanger');
REPLACE INTO city(region_id, name) values (1180, 'Falmouth');
REPLACE INTO city(region_id, name) values (1180, 'Florence');
REPLACE INTO city(region_id, name) values (1180, 'Frankfort');
REPLACE INTO city(region_id, name) values (1180, 'Ft Mitchell');
REPLACE INTO city(region_id, name) values (1180, 'Hi Hat');
REPLACE INTO city(region_id, name) values (1180, 'Lancaster');
REPLACE INTO city(region_id, name) values (1180, 'Lexington');
REPLACE INTO city(region_id, name) values (1180, 'London');
REPLACE INTO city(region_id, name) values (1180, 'Louisville');
REPLACE INTO city(region_id, name) values (1180, 'Wendover');
REPLACE INTO city(region_id, name) values (1241, 'Bratislava');
REPLACE INTO city(region_id, name) values (1241, 'Bratislava-mesto');
REPLACE INTO city(region_id, name) values (1241, 'Pozsony');
REPLACE INTO region(id, country_id, name) values (1248, 171, 'Bohinj');
REPLACE INTO region(id, country_id, name) values (1249, 171, 'Brezovica');
REPLACE INTO region(id, country_id, name) values (1250, 171, 'None');
REPLACE INTO city(region_id, name) values (711, 'Belluno');
REPLACE INTO city(region_id, name) values (711, 'Domegge di Cadore');
REPLACE INTO city(region_id, name) values (711, 'Feltre');
REPLACE INTO city(region_id, name) values (711, 'Pieve di Cadore');
REPLACE INTO city(region_id, name) values (1061, 'Cracovia');
REPLACE INTO city(region_id, name) values (1061, 'Cracovie');
REPLACE INTO city(region_id, name) values (1061, 'Cracow');
REPLACE INTO city(region_id, name) values (1061, 'Krakau');
REPLACE INTO city(region_id, name) values (1061, 'Krakov');
REPLACE INTO city(region_id, name) values (1061, 'Krakw');
REPLACE INTO city(region_id, name) values (1140, 'Bumbesti-Jiu');
REPLACE INTO city(region_id, name) values (1140, 'Motru');
REPLACE INTO city(region_id, name) values (1140, 'Novaci');
REPLACE INTO city(region_id, name) values (1140, 'Rovinari');
REPLACE INTO city(region_id, name) values (1140, 'Targu Carbunesti');
REPLACE INTO city(region_id, name) values (1140, 'Targu Jiu');
REPLACE INTO city(region_id, name) values (1140, 'Ticleni');
REPLACE INTO city(region_id, name) values (1140, 'Tismana');
REPLACE INTO city(region_id, name) values (1181, 'Amelia');
REPLACE INTO city(region_id, name) values (1181, 'Anacoco');
REPLACE INTO city(region_id, name) values (1181, 'Arcadia');
REPLACE INTO city(region_id, name) values (1181, 'Baldwin');
REPLACE INTO city(region_id, name) values (1181, 'Baton Rouge');
REPLACE INTO city(region_id, name) values (1181, 'Blanks');
REPLACE INTO city(region_id, name) values (1181, 'Boutte');
REPLACE INTO city(region_id, name) values (1181, 'Chalmette');
REPLACE INTO city(region_id, name) values (1181, 'Covington');
REPLACE INTO city(region_id, name) values (1181, 'Creole');
REPLACE INTO city(region_id, name) values (1181, 'Geismar');
REPLACE INTO city(region_id, name) values (1181, 'Kenner');
REPLACE INTO city(region_id, name) values (1181, 'Lafayette');
REPLACE INTO city(region_id, name) values (1181, 'Lake Charles');
REPLACE INTO city(region_id, name) values (1181, 'Metairie');
REPLACE INTO city(region_id, name) values (1181, 'Natchitoches');
REPLACE INTO city(region_id, name) values (1181, 'New Orleans');
REPLACE INTO city(region_id, name) values (1181, 'Rayne');
REPLACE INTO city(region_id, name) values (1181, 'Shreveport');
REPLACE INTO city(region_id, name) values (1242, 'Kaschau');
REPLACE INTO city(region_id, name) values (1242, 'Kassa');
REPLACE INTO city(region_id, name) values (1242, 'Kosice');
REPLACE INTO city(region_id, name) values (1248, 'Dvori');
REPLACE INTO city(region_id, name) values (1248, 'Valica');
REPLACE INTO region(id, country_id, name) values (1251, 172, 'Соломоновы о-ва');
REPLACE INTO city(region_id, name) values (712, 'Abano Terme');
REPLACE INTO city(region_id, name) values (712, 'Agna');
REPLACE INTO city(region_id, name) values (712, 'Baone');
REPLACE INTO city(region_id, name) values (712, 'Battaglia Terme');
REPLACE INTO city(region_id, name) values (712, 'Carmignano di Brenta');
REPLACE INTO city(region_id, name) values (712, 'Casale di Scodosia');
REPLACE INTO city(region_id, name) values (712, 'Cittadella');
REPLACE INTO city(region_id, name) values (712, 'Conselve');
REPLACE INTO city(region_id, name) values (712, 'Este');
REPLACE INTO city(region_id, name) values (712, 'Legnaro');
REPLACE INTO city(region_id, name) values (712, 'Maser di Padova');
REPLACE INTO city(region_id, name) values (712, 'Monselice');
REPLACE INTO city(region_id, name) values (712, 'Montagnana');
REPLACE INTO city(region_id, name) values (712, 'Montegrotto Terme');
REPLACE INTO city(region_id, name) values (712, 'Padova');
REPLACE INTO city(region_id, name) values (712, 'Pozzonovo');
REPLACE INTO city(region_id, name) values (712, 'Rubano');
REPLACE INTO city(region_id, name) values (712, 'San Martino di Lupari');
REPLACE INTO city(region_id, name) values (712, 'Saonara');
REPLACE INTO city(region_id, name) values (712, 'Torreglia');
REPLACE INTO city(region_id, name) values (1062, 'Warszawa');
REPLACE INTO city(region_id, name) values (1141, 'Baile Tusnad');
REPLACE INTO city(region_id, name) values (1141, 'Balan');
REPLACE INTO city(region_id, name) values (1141, 'Borsec');
REPLACE INTO city(region_id, name) values (1141, 'Cristuru Secuiesc');
REPLACE INTO city(region_id, name) values (1141, 'Gheorgheni');
REPLACE INTO city(region_id, name) values (1141, 'Miercurea Ciuc');
REPLACE INTO city(region_id, name) values (1141, 'Odorheiu Secuiesc');
REPLACE INTO city(region_id, name) values (1141, 'Toplita');
REPLACE INTO city(region_id, name) values (1141, 'Vlahita');
REPLACE INTO city(region_id, name) values (1182, 'Auburn');
REPLACE INTO city(region_id, name) values (1182, 'Augusta');
REPLACE INTO city(region_id, name) values (1182, 'Bangor');
REPLACE INTO city(region_id, name) values (1182, 'Bar Harbor');
REPLACE INTO city(region_id, name) values (1182, 'Belfast');
REPLACE INTO city(region_id, name) values (1182, 'Bethel');
REPLACE INTO city(region_id, name) values (1182, 'Ellsworth');
REPLACE INTO city(region_id, name) values (1182, 'Northeast Harbor');
REPLACE INTO city(region_id, name) values (1182, 'Old Orchard Beach');
REPLACE INTO city(region_id, name) values (1182, 'Portland');
REPLACE INTO city(region_id, name) values (1182, 'Scarborough');
REPLACE INTO city(region_id, name) values (1182, 'Standish');
REPLACE INTO city(region_id, name) values (1182, 'Washington');
REPLACE INTO city(region_id, name) values (1182, 'York');
REPLACE INTO city(region_id, name) values (1182, 'York Beach');
REPLACE INTO city(region_id, name) values (1243, 'Nitra');
REPLACE INTO city(region_id, name) values (1249, 'Brezovec');
REPLACE INTO city(region_id, name) values (1249, 'Preseka');
REPLACE INTO city(region_id, name) values (1251, 'Хониара');
REPLACE INTO region(id, country_id, name) values (1252, 173, 'Могадишо');
REPLACE INTO city(region_id, name) values (713, 'Occhiobello');
REPLACE INTO city(region_id, name) values (713, 'Rovigo');
REPLACE INTO city(region_id, name) values (1063, 'Sodehnen');
REPLACE INTO city(region_id, name) values (1142, 'Aninoasa');
REPLACE INTO city(region_id, name) values (1142, 'Brad');
REPLACE INTO city(region_id, name) values (1142, 'Calan');
REPLACE INTO city(region_id, name) values (1142, 'Deva');
REPLACE INTO city(region_id, name) values (1142, 'Geoagiu');
REPLACE INTO city(region_id, name) values (1142, 'Hateg');
REPLACE INTO city(region_id, name) values (1142, 'Hunedoara');
REPLACE INTO city(region_id, name) values (1142, 'Lupeni');
REPLACE INTO city(region_id, name) values (1142, 'Orastie');
REPLACE INTO city(region_id, name) values (1142, 'Petrosani');
REPLACE INTO city(region_id, name) values (1142, 'Simeria');
REPLACE INTO city(region_id, name) values (1142, 'Uricani');
REPLACE INTO city(region_id, name) values (1142, 'Vulcan');
REPLACE INTO city(region_id, name) values (1183, 'Aberdeen');
REPLACE INTO city(region_id, name) values (1183, 'Aberdeen Proving Ground');
REPLACE INTO city(region_id, name) values (1183, 'Abingdon');
REPLACE INTO city(region_id, name) values (1183, 'Annapolis');
REPLACE INTO city(region_id, name) values (1183, 'Baltimore');
REPLACE INTO city(region_id, name) values (1183, 'Bel Air');
REPLACE INTO city(region_id, name) values (1183, 'Beltsville');
REPLACE INTO city(region_id, name) values (1183, 'Berlin');
REPLACE INTO city(region_id, name) values (1183, 'Bethesda');
REPLACE INTO city(region_id, name) values (1183, 'Bowie');
REPLACE INTO city(region_id, name) values (1183, 'California');
REPLACE INTO city(region_id, name) values (1183, 'Cambridge');
REPLACE INTO city(region_id, name) values (1183, 'Chevy Chase');
REPLACE INTO city(region_id, name) values (1183, 'College Park');
REPLACE INTO city(region_id, name) values (1183, 'Columbia');
REPLACE INTO city(region_id, name) values (1183, 'Crofton');
REPLACE INTO city(region_id, name) values (1183, 'Dundalk');
REPLACE INTO city(region_id, name) values (1183, 'Ellicott City');
REPLACE INTO city(region_id, name) values (1183, 'Frederick');
REPLACE INTO city(region_id, name) values (1183, 'Fulton');
REPLACE INTO city(region_id, name) values (1183, 'Gaithersburg');
REPLACE INTO city(region_id, name) values (1183, 'Germantown');
REPLACE INTO city(region_id, name) values (1183, 'Hagerstown');
REPLACE INTO city(region_id, name) values (1183, 'Hyattsville');
REPLACE INTO city(region_id, name) values (1183, 'Jefferson');
REPLACE INTO city(region_id, name) values (1183, 'Joppa');
REPLACE INTO city(region_id, name) values (1183, 'Laurel');
REPLACE INTO city(region_id, name) values (1183, 'Lusby');
REPLACE INTO city(region_id, name) values (1183, 'Lutherville Timonium');
REPLACE INTO city(region_id, name) values (1183, 'Montgomery Village');
REPLACE INTO city(region_id, name) values (1183, 'North East');
REPLACE INTO city(region_id, name) values (1183, 'Oakland');
REPLACE INTO city(region_id, name) values (1183, 'Ocean City');
REPLACE INTO city(region_id, name) values (1183, 'Owings Mills');
REPLACE INTO city(region_id, name) values (1183, 'Pikesville');
REPLACE INTO city(region_id, name) values (1183, 'Potomac');
REPLACE INTO city(region_id, name) values (1183, 'Reisterstown');
REPLACE INTO city(region_id, name) values (1183, 'Rockville');
REPLACE INTO city(region_id, name) values (1183, 'Salisbury');
REPLACE INTO city(region_id, name) values (1183, 'Severna Park');
REPLACE INTO city(region_id, name) values (1183, 'Silver Spring');
REPLACE INTO city(region_id, name) values (1183, 'Towson');
REPLACE INTO city(region_id, name) values (1244, 'Abrahamovce');
REPLACE INTO city(region_id, name) values (1244, 'Aha');
REPLACE INTO city(region_id, name) values (1244, 'Dunajsk Streda');
REPLACE INTO city(region_id, name) values (1244, 'Michalovce');
REPLACE INTO city(region_id, name) values (1244, 'Prievidza');
REPLACE INTO city(region_id, name) values (1244, 'Zvolen');
REPLACE INTO city(region_id, name) values (1250, 'Celje');
REPLACE INTO city(region_id, name) values (1250, 'Dol pri Hrastniku');
REPLACE INTO city(region_id, name) values (1250, 'Ljubljana');
REPLACE INTO city(region_id, name) values (1250, 'Maribor');
REPLACE INTO city(region_id, name) values (1250, 'Nemcavci');
REPLACE INTO city(region_id, name) values (1250, 'Nova Gorica');
REPLACE INTO city(region_id, name) values (1250, 'Portorose');
REPLACE INTO city(region_id, name) values (1250, 'Velenje');
REPLACE INTO city(region_id, name) values (1252, 'Могадишо');
REPLACE INTO region(id, country_id, name) values (1253, 174, 'Судан');
REPLACE INTO city(region_id, name) values (714, 'Castelfranco Veneto');
REPLACE INTO city(region_id, name) values (714, 'Conegliano');
REPLACE INTO city(region_id, name) values (714, 'Giavera del Montello');
REPLACE INTO city(region_id, name) values (714, 'Mogliano Veneto');
REPLACE INTO city(region_id, name) values (714, 'Montebelluna');
REPLACE INTO city(region_id, name) values (714, 'Oderzo');
REPLACE INTO city(region_id, name) values (714, 'Orsago');
REPLACE INTO city(region_id, name) values (714, 'Paderno del Grappa');
REPLACE INTO city(region_id, name) values (714, 'Pieve di Soligo');
REPLACE INTO city(region_id, name) values (714, 'Quinto di Treviso');
REPLACE INTO city(region_id, name) values (714, 'Roncade');
REPLACE INTO city(region_id, name) values (714, 'Treviso');
REPLACE INTO city(region_id, name) values (714, 'Vittorio Veneto');
REPLACE INTO city(region_id, name) values (1064, 'Nowy Sacz');
REPLACE INTO city(region_id, name) values (1064, 'Tylicz');
REPLACE INTO city(region_id, name) values (1143, 'Fetesti');
REPLACE INTO city(region_id, name) values (1143, 'Slobozia');
REPLACE INTO city(region_id, name) values (1143, 'Tandarei');
REPLACE INTO city(region_id, name) values (1143, 'Urziceni');
REPLACE INTO city(region_id, name) values (1184, 'Acton');
REPLACE INTO city(region_id, name) values (1184, 'Agawam');
REPLACE INTO city(region_id, name) values (1184, 'Allston');
REPLACE INTO city(region_id, name) values (1184, 'Amesbury');
REPLACE INTO city(region_id, name) values (1184, 'Amherst');
REPLACE INTO city(region_id, name) values (1184, 'Andover');
REPLACE INTO city(region_id, name) values (1184, 'Attleboro');
REPLACE INTO city(region_id, name) values (1184, 'Becket');
REPLACE INTO city(region_id, name) values (1184, 'Berkley');
REPLACE INTO city(region_id, name) values (1184, 'Bolton');
REPLACE INTO city(region_id, name) values (1184, 'Boston');
REPLACE INTO city(region_id, name) values (1184, 'Brookline');
REPLACE INTO city(region_id, name) values (1184, 'Burlington');
REPLACE INTO city(region_id, name) values (1184, 'Cambridge');
REPLACE INTO city(region_id, name) values (1184, 'Canton');
REPLACE INTO city(region_id, name) values (1184, 'Centerville');
REPLACE INTO city(region_id, name) values (1184, 'Chicopee');
REPLACE INTO city(region_id, name) values (1184, 'Dennis Port');
REPLACE INTO city(region_id, name) values (1184, 'Eastham');
REPLACE INTO city(region_id, name) values (1184, 'Essex');
REPLACE INTO city(region_id, name) values (1184, 'Fall River');
REPLACE INTO city(region_id, name) values (1184, 'Feeding Hills');
REPLACE INTO city(region_id, name) values (1184, 'Framingham');
REPLACE INTO city(region_id, name) values (1184, 'Franklin');
REPLACE INTO city(region_id, name) values (1184, 'Greenfield');
REPLACE INTO city(region_id, name) values (1184, 'Hyannis');
REPLACE INTO city(region_id, name) values (1184, 'Lee');
REPLACE INTO city(region_id, name) values (1184, 'Lexington');
REPLACE INTO city(region_id, name) values (1184, 'Lynn');
REPLACE INTO city(region_id, name) values (1184, 'Manchester');
REPLACE INTO city(region_id, name) values (1184, 'Marlborough');
REPLACE INTO city(region_id, name) values (1184, 'Marstons Mills');
REPLACE INTO city(region_id, name) values (1184, 'Methuen');
REPLACE INTO city(region_id, name) values (1184, 'Nantucket');
REPLACE INTO city(region_id, name) values (1184, 'Newton');
REPLACE INTO city(region_id, name) values (1184, 'Newtonville');
REPLACE INTO city(region_id, name) values (1184, 'Northampton');
REPLACE INTO city(region_id, name) values (1184, 'Palmer');
REPLACE INTO city(region_id, name) values (1184, 'Pittsfield');
REPLACE INTO city(region_id, name) values (1184, 'Rutland');
REPLACE INTO city(region_id, name) values (1184, 'Salem');
REPLACE INTO city(region_id, name) values (1184, 'Shirley');
REPLACE INTO city(region_id, name) values (1184, 'South Hadley');
REPLACE INTO city(region_id, name) values (1184, 'South Yarmouth');
REPLACE INTO city(region_id, name) values (1184, 'Springfield');
REPLACE INTO city(region_id, name) values (1184, 'West Roxbury');
REPLACE INTO city(region_id, name) values (1184, 'West Springfield');
REPLACE INTO city(region_id, name) values (1184, 'West Yarmouth');
REPLACE INTO city(region_id, name) values (1184, 'Westfield');
REPLACE INTO city(region_id, name) values (1184, 'Worcester');
REPLACE INTO city(region_id, name) values (1245, 'Presov');
REPLACE INTO city(region_id, name) values (1253, 'Вади-Хальфа');
REPLACE INTO city(region_id, name) values (1253, 'Вау');
REPLACE INTO city(region_id, name) values (1253, 'Джуба');
REPLACE INTO city(region_id, name) values (1253, 'Малакаль');
REPLACE INTO city(region_id, name) values (1253, 'Омдурман');
REPLACE INTO city(region_id, name) values (1253, 'Порт-Судан');
REPLACE INTO city(region_id, name) values (1253, 'Хартум');
REPLACE INTO city(region_id, name) values (1253, 'Эль-Обейд');
REPLACE INTO region(id, country_id, name) values (1254, 175, 'Paramaribo');
REPLACE INTO city(region_id, name) values (715, 'Annone Veneto');
REPLACE INTO city(region_id, name) values (715, 'Cavarzere');
REPLACE INTO city(region_id, name) values (715, 'Chioggia');
REPLACE INTO city(region_id, name) values (715, 'Dolo');
REPLACE INTO city(region_id, name) values (715, 'Eraclea');
REPLACE INTO city(region_id, name) values (715, 'Iesolo');
REPLACE INTO city(region_id, name) values (715, 'Marcon');
REPLACE INTO city(region_id, name) values (715, 'Mira');
REPLACE INTO city(region_id, name) values (715, 'Mirano');
REPLACE INTO city(region_id, name) values (715, 'Pianiga');
REPLACE INTO city(region_id, name) values (715, 'Portogruaro');
REPLACE INTO city(region_id, name) values (715, 'San Don di Piave');
REPLACE INTO city(region_id, name) values (715, 'Scorz');
REPLACE INTO city(region_id, name) values (715, 'Spinea');
REPLACE INTO city(region_id, name) values (715, 'Stra');
REPLACE INTO city(region_id, name) values (715, 'Venezia');
REPLACE INTO city(region_id, name) values (1065, 'Bartenstein');
REPLACE INTO city(region_id, name) values (1065, 'Bartoszyce');
REPLACE INTO city(region_id, name) values (1065, 'Dobre Miasto');
REPLACE INTO city(region_id, name) values (1065, 'Ketrzyn');
REPLACE INTO city(region_id, name) values (1065, 'Stary Olsztyn');
REPLACE INTO city(region_id, name) values (1144, 'Harlau');
REPLACE INTO city(region_id, name) values (1144, 'Iasi');
REPLACE INTO city(region_id, name) values (1144, 'Pascani');
REPLACE INTO city(region_id, name) values (1144, 'Targu Frumos');
REPLACE INTO city(region_id, name) values (1185, 'Afton');
REPLACE INTO city(region_id, name) values (1185, 'Akron');
REPLACE INTO city(region_id, name) values (1185, 'Algonac');
REPLACE INTO city(region_id, name) values (1185, 'Alpena');
REPLACE INTO city(region_id, name) values (1185, 'Ann Arbor');
REPLACE INTO city(region_id, name) values (1185, 'Applegate');
REPLACE INTO city(region_id, name) values (1185, 'Atlanta');
REPLACE INTO city(region_id, name) values (1185, 'Auburn Hills');
REPLACE INTO city(region_id, name) values (1185, 'Berkley');
REPLACE INTO city(region_id, name) values (1185, 'Birmingham');
REPLACE INTO city(region_id, name) values (1185, 'Bloomfield Hills');
REPLACE INTO city(region_id, name) values (1185, 'Canton');
REPLACE INTO city(region_id, name) values (1185, 'Cedar Springs');
REPLACE INTO city(region_id, name) values (1185, 'Center Line');
REPLACE INTO city(region_id, name) values (1185, 'Clarkston');
REPLACE INTO city(region_id, name) values (1185, 'Coldwater');
REPLACE INTO city(region_id, name) values (1185, 'Commerce Township');
REPLACE INTO city(region_id, name) values (1185, 'Dearborn');
REPLACE INTO city(region_id, name) values (1185, 'Dearborn Heights');
REPLACE INTO city(region_id, name) values (1185, 'Deerton');
REPLACE INTO city(region_id, name) values (1185, 'Detroit');
REPLACE INTO city(region_id, name) values (1185, 'East Lansing');
REPLACE INTO city(region_id, name) values (1185, 'Farmington');
REPLACE INTO city(region_id, name) values (1185, 'Flint');
REPLACE INTO city(region_id, name) values (1185, 'Flushing');
REPLACE INTO city(region_id, name) values (1185, 'Grand Rapids');
REPLACE INTO city(region_id, name) values (1185, 'Greenville');
REPLACE INTO city(region_id, name) values (1185, 'Grosse Pointe');
REPLACE INTO city(region_id, name) values (1185, 'Hamtramck');
REPLACE INTO city(region_id, name) values (1185, 'Kalamazoo');
REPLACE INTO city(region_id, name) values (1185, 'Lake Odessa');
REPLACE INTO city(region_id, name) values (1185, 'Lake Orion');
REPLACE INTO city(region_id, name) values (1185, 'Lansing');
REPLACE INTO city(region_id, name) values (1185, 'Madison Heights');
REPLACE INTO city(region_id, name) values (1185, 'Novi');
REPLACE INTO city(region_id, name) values (1185, 'Oak Park');
REPLACE INTO city(region_id, name) values (1185, 'Oakland');
REPLACE INTO city(region_id, name) values (1185, 'Okemos');
REPLACE INTO city(region_id, name) values (1185, 'Pontiac');
REPLACE INTO city(region_id, name) values (1185, 'Riga');
REPLACE INTO city(region_id, name) values (1185, 'Rochester');
REPLACE INTO city(region_id, name) values (1185, 'Royal Oak');
REPLACE INTO city(region_id, name) values (1185, 'Saint Clair');
REPLACE INTO city(region_id, name) values (1185, 'Southfield');
REPLACE INTO city(region_id, name) values (1185, 'Sterling');
REPLACE INTO city(region_id, name) values (1185, 'Sterling Heights');
REPLACE INTO city(region_id, name) values (1185, 'Swartz Creek');
REPLACE INTO city(region_id, name) values (1185, 'Traverse City');
REPLACE INTO city(region_id, name) values (1185, 'Troy');
REPLACE INTO city(region_id, name) values (1185, 'Utica');
REPLACE INTO city(region_id, name) values (1185, 'Walled Lake');
REPLACE INTO city(region_id, name) values (1185, 'Warren');
REPLACE INTO city(region_id, name) values (1185, 'Waterford');
REPLACE INTO city(region_id, name) values (1185, 'West Bloomfield');
REPLACE INTO city(region_id, name) values (1185, 'Wixom');
REPLACE INTO city(region_id, name) values (1185, 'Ypsilanti');
REPLACE INTO city(region_id, name) values (1246, 'Trencin');
REPLACE INTO city(region_id, name) values (1254, 'Парамарибо');
REPLACE INTO region(id, country_id, name) values (1255, 176, 'Фритаун');
REPLACE INTO city(region_id, name) values (716, 'Affi');
REPLACE INTO city(region_id, name) values (716, 'Albaredo d''''Adige');
REPLACE INTO city(region_id, name) values (716, 'Bardolino');
REPLACE INTO city(region_id, name) values (716, 'Bovolone');
REPLACE INTO city(region_id, name) values (716, 'Casaleone');
REPLACE INTO city(region_id, name) values (716, 'Cologna Veneta');
REPLACE INTO city(region_id, name) values (716, 'Garda');
REPLACE INTO city(region_id, name) values (716, 'Isola della Scala');
REPLACE INTO city(region_id, name) values (716, 'Lazise');
REPLACE INTO city(region_id, name) values (716, 'Legnago');
REPLACE INTO city(region_id, name) values (716, 'Nogarole Rocca');
REPLACE INTO city(region_id, name) values (716, 'Peschiera del Garda');
REPLACE INTO city(region_id, name) values (716, 'San Bonifacio');
REPLACE INTO city(region_id, name) values (716, 'San Giovanni Ilarione');
REPLACE INTO city(region_id, name) values (716, 'Sanguinetto');
REPLACE INTO city(region_id, name) values (716, 'Sant''''Ambrogio di Valpolicella');
REPLACE INTO city(region_id, name) values (716, 'Verona');
REPLACE INTO city(region_id, name) values (716, 'Veronella');
REPLACE INTO city(region_id, name) values (716, 'Villafranca di Verona');
REPLACE INTO city(region_id, name) values (1066, 'Brieg');
REPLACE INTO city(region_id, name) values (1066, 'G‚ogowek');
REPLACE INTO city(region_id, name) values (1066, 'Grabczak');
REPLACE INTO city(region_id, name) values (1066, 'Kedzierzyn-Kozle');
REPLACE INTO city(region_id, name) values (1066, 'Kluczbork');
REPLACE INTO city(region_id, name) values (1066, 'Krapkowice');
REPLACE INTO city(region_id, name) values (1066, 'Lewice');
REPLACE INTO city(region_id, name) values (1066, 'Nysa');
REPLACE INTO city(region_id, name) values (1066, 'Opole-Szczepanowice');
REPLACE INTO city(region_id, name) values (1066, 'Polkowice');
REPLACE INTO city(region_id, name) values (1145, 'Buftea');
REPLACE INTO city(region_id, name) values (1145, 'Otopeni');
REPLACE INTO city(region_id, name) values (1186, 'Acton');
REPLACE INTO city(region_id, name) values (1186, 'Albert Lea');
REPLACE INTO city(region_id, name) values (1186, 'Alexandria');
REPLACE INTO city(region_id, name) values (1186, 'Andover');
REPLACE INTO city(region_id, name) values (1186, 'Anoka');
REPLACE INTO city(region_id, name) values (1186, 'Austin');
REPLACE INTO city(region_id, name) values (1186, 'Bagley');
REPLACE INTO city(region_id, name) values (1186, 'Belle Plaine');
REPLACE INTO city(region_id, name) values (1186, 'Blooming Prairie');
REPLACE INTO city(region_id, name) values (1186, 'Burnsville');
REPLACE INTO city(region_id, name) values (1186, 'Champlin');
REPLACE INTO city(region_id, name) values (1186, 'Chisago City');
REPLACE INTO city(region_id, name) values (1186, 'Cotton');
REPLACE INTO city(region_id, name) values (1186, 'Dayton');
REPLACE INTO city(region_id, name) values (1186, 'Detroit Lakes');
REPLACE INTO city(region_id, name) values (1186, 'Dover');
REPLACE INTO city(region_id, name) values (1186, 'Duluth');
REPLACE INTO city(region_id, name) values (1186, 'Eden Prairie');
REPLACE INTO city(region_id, name) values (1186, 'Elk River');
REPLACE INTO city(region_id, name) values (1186, 'Farmington');
REPLACE INTO city(region_id, name) values (1186, 'Grand Rapids');
REPLACE INTO city(region_id, name) values (1186, 'Hopkins');
REPLACE INTO city(region_id, name) values (1186, 'Isanti');
REPLACE INTO city(region_id, name) values (1186, 'Lake Elmo');
REPLACE INTO city(region_id, name) values (1186, 'Lakeville');
REPLACE INTO city(region_id, name) values (1186, 'Mankato');
REPLACE INTO city(region_id, name) values (1186, 'Minneapolis');
REPLACE INTO city(region_id, name) values (1186, 'Minnesota City');
REPLACE INTO city(region_id, name) values (1186, 'Minnetonka');
REPLACE INTO city(region_id, name) values (1186, 'Moorhead');
REPLACE INTO city(region_id, name) values (1186, 'Morris');
REPLACE INTO city(region_id, name) values (1186, 'Mound');
REPLACE INTO city(region_id, name) values (1186, 'North Branch');
REPLACE INTO city(region_id, name) values (1186, 'Prior Lake');
REPLACE INTO city(region_id, name) values (1186, 'Rochester');
REPLACE INTO city(region_id, name) values (1186, 'Rosemount');
REPLACE INTO city(region_id, name) values (1186, 'Rothsay');
REPLACE INTO city(region_id, name) values (1186, 'Saint Cloud');
REPLACE INTO city(region_id, name) values (1186, 'Saint Paul');
REPLACE INTO city(region_id, name) values (1186, 'Shakopee');
REPLACE INTO city(region_id, name) values (1186, 'Wayzata');
REPLACE INTO city(region_id, name) values (1247, 'Trnava');
REPLACE INTO city(region_id, name) values (1255, 'Фритаун');
REPLACE INTO region(id, country_id, name) values (1256, 177, 'Горно-Бадахшанская обл.');
REPLACE INTO region(id, country_id, name) values (1257, 177, 'Кулябская обл.');
REPLACE INTO region(id, country_id, name) values (1258, 177, 'Курган-Тюбинская обл.');
REPLACE INTO region(id, country_id, name) values (1259, 177, 'Согдийская обл.');
REPLACE INTO region(id, country_id, name) values (1260, 177, 'Таджикистан');
REPLACE INTO city(region_id, name) values (717, 'Altissimo');
REPLACE INTO city(region_id, name) values (717, 'Arzignano');
REPLACE INTO city(region_id, name) values (717, 'Asiago');
REPLACE INTO city(region_id, name) values (717, 'Bassano del Grappa');
REPLACE INTO city(region_id, name) values (717, 'Breganze');
REPLACE INTO city(region_id, name) values (717, 'Brendola');
REPLACE INTO city(region_id, name) values (717, 'Montecchio Maggiore');
REPLACE INTO city(region_id, name) values (717, 'Pianezze');
REPLACE INTO city(region_id, name) values (717, 'Schio');
REPLACE INTO city(region_id, name) values (717, 'Tezze sul Brenta');
REPLACE INTO city(region_id, name) values (717, 'Thiene');
REPLACE INTO city(region_id, name) values (717, 'Valdagno');
REPLACE INTO city(region_id, name) values (717, 'Vicenza');
REPLACE INTO city(region_id, name) values (1067, 'Ma‚kinia Gorna');
REPLACE INTO city(region_id, name) values (1067, 'Przasnysz');
REPLACE INTO city(region_id, name) values (1146, 'Baia Mare');
REPLACE INTO city(region_id, name) values (1146, 'Baia Sprie');
REPLACE INTO city(region_id, name) values (1146, 'Borsa');
REPLACE INTO city(region_id, name) values (1146, 'Cavnic');
REPLACE INTO city(region_id, name) values (1146, 'Seini');
REPLACE INTO city(region_id, name) values (1146, 'Sighetu Marmatiei');
REPLACE INTO city(region_id, name) values (1146, 'Targu Lapus');
REPLACE INTO city(region_id, name) values (1146, 'Viseu de Sus');
REPLACE INTO city(region_id, name) values (1187, 'Bay Springs');
REPLACE INTO city(region_id, name) values (1187, 'Biloxi');
REPLACE INTO city(region_id, name) values (1187, 'Cleveland');
REPLACE INTO city(region_id, name) values (1187, 'Gulfport');
REPLACE INTO city(region_id, name) values (1187, 'Itta Bena');
REPLACE INTO city(region_id, name) values (1187, 'Jackson');
REPLACE INTO city(region_id, name) values (1187, 'Lucedale');
REPLACE INTO city(region_id, name) values (1187, 'Natchez');
REPLACE INTO city(region_id, name) values (1187, 'Ocean Springs');
REPLACE INTO city(region_id, name) values (1187, 'Oxford');
REPLACE INTO city(region_id, name) values (1187, 'Pascagoula');
REPLACE INTO city(region_id, name) values (1187, 'Southaven');
REPLACE INTO city(region_id, name) values (1256, 'Ванч');
REPLACE INTO city(region_id, name) values (1256, 'Вранг');
REPLACE INTO city(region_id, name) values (1256, 'Ишкашим');
REPLACE INTO city(region_id, name) values (1256, 'Кудара');
REPLACE INTO city(region_id, name) values (1256, 'Мургаб');
REPLACE INTO city(region_id, name) values (1256, 'Рушан');
REPLACE INTO city(region_id, name) values (1256, 'Токтомуш');
REPLACE INTO city(region_id, name) values (1256, 'Хорог');
REPLACE INTO region(id, country_id, name) values (1261, 178, 'Тайвань');
REPLACE INTO city(region_id, name) values (1068, 'Trzcianka');
REPLACE INTO city(region_id, name) values (1147, 'Baia de Arama');
REPLACE INTO city(region_id, name) values (1147, 'Drobeta-Turnu-Severin');
REPLACE INTO city(region_id, name) values (1147, 'Orsova');
REPLACE INTO city(region_id, name) values (1147, 'Strehaia');
REPLACE INTO city(region_id, name) values (1147, 'Vanju Mare');
REPLACE INTO city(region_id, name) values (1188, 'Arnold');
REPLACE INTO city(region_id, name) values (1188, 'Belton');
REPLACE INTO city(region_id, name) values (1188, 'Branson');
REPLACE INTO city(region_id, name) values (1188, 'California');
REPLACE INTO city(region_id, name) values (1188, 'Columbia');
REPLACE INTO city(region_id, name) values (1188, 'Fulton');
REPLACE INTO city(region_id, name) values (1188, 'High Ridge');
REPLACE INTO city(region_id, name) values (1188, 'Jefferson City');
REPLACE INTO city(region_id, name) values (1188, 'Kansas City');
REPLACE INTO city(region_id, name) values (1188, 'Lake Saint Louis');
REPLACE INTO city(region_id, name) values (1188, 'Lees Summit');
REPLACE INTO city(region_id, name) values (1188, 'Moberly');
REPLACE INTO city(region_id, name) values (1188, 'New Haven');
REPLACE INTO city(region_id, name) values (1188, 'Pomona');
REPLACE INTO city(region_id, name) values (1188, 'Raymore');
REPLACE INTO city(region_id, name) values (1188, 'Saint Charles');
REPLACE INTO city(region_id, name) values (1188, 'Saint Louis');
REPLACE INTO city(region_id, name) values (1188, 'Sedalia');
REPLACE INTO city(region_id, name) values (1188, 'Springfield');
REPLACE INTO city(region_id, name) values (1188, 'St. Robert');
REPLACE INTO city(region_id, name) values (1188, 'Sweet Springs');
REPLACE INTO city(region_id, name) values (1188, 'West Plains');
REPLACE INTO city(region_id, name) values (1257, 'Дангара');
REPLACE INTO city(region_id, name) values (1257, 'Куляб');
REPLACE INTO city(region_id, name) values (1257, 'Лениградский');
REPLACE INTO city(region_id, name) values (1257, 'Пархар');
REPLACE INTO city(region_id, name) values (1257, 'Советский');
REPLACE INTO city(region_id, name) values (1257, 'Ховалинг');
REPLACE INTO city(region_id, name) values (1261, 'Тайбэй');
REPLACE INTO region(id, country_id, name) values (1262, 179, 'Сураттани');
REPLACE INTO region(id, country_id, name) values (1263, 179, 'Тайланд');
REPLACE INTO region(id, country_id, name) values (1264, 179, 'Чон Бури');
REPLACE INTO city(region_id, name) values (1069, 'Piotrkw Trybunalski');
REPLACE INTO city(region_id, name) values (1069, 'Sulejw');
REPLACE INTO city(region_id, name) values (1069, 'Tomaszw Mazowiecki');
REPLACE INTO city(region_id, name) values (1148, 'Iernut');
REPLACE INTO city(region_id, name) values (1148, 'Ludus');
REPLACE INTO city(region_id, name) values (1148, 'Reghin');
REPLACE INTO city(region_id, name) values (1148, 'Sighisoara');
REPLACE INTO city(region_id, name) values (1148, 'Sovata');
REPLACE INTO city(region_id, name) values (1148, 'Targu Mures');
REPLACE INTO city(region_id, name) values (1148, 'Tarnaveni');
REPLACE INTO city(region_id, name) values (1189, 'Anaconda');
REPLACE INTO city(region_id, name) values (1189, 'Angela');
REPLACE INTO city(region_id, name) values (1189, 'Baker');
REPLACE INTO city(region_id, name) values (1189, 'Belt');
REPLACE INTO city(region_id, name) values (1189, 'Bigfork');
REPLACE INTO city(region_id, name) values (1189, 'Billings');
REPLACE INTO city(region_id, name) values (1189, 'Bozeman');
REPLACE INTO city(region_id, name) values (1189, 'Broadview');
REPLACE INTO city(region_id, name) values (1189, 'Florence');
REPLACE INTO city(region_id, name) values (1189, 'Frenchtown');
REPLACE INTO city(region_id, name) values (1189, 'Great Falls');
REPLACE INTO city(region_id, name) values (1189, 'Helena');
REPLACE INTO city(region_id, name) values (1189, 'Kalispell');
REPLACE INTO city(region_id, name) values (1189, 'Libby');
REPLACE INTO city(region_id, name) values (1189, 'Lincoln');
REPLACE INTO city(region_id, name) values (1189, 'Missoula');
REPLACE INTO city(region_id, name) values (1189, 'Polson');
REPLACE INTO city(region_id, name) values (1189, 'Silver Star');
REPLACE INTO city(region_id, name) values (1189, 'Sumatra');
REPLACE INTO city(region_id, name) values (1258, 'Калининабад');
REPLACE INTO city(region_id, name) values (1258, 'Колхозабад');
REPLACE INTO city(region_id, name) values (1258, 'Куйбышевский');
REPLACE INTO city(region_id, name) values (1258, 'Курган-Тюбе');
REPLACE INTO city(region_id, name) values (1258, 'Нижний Пяндж');
REPLACE INTO city(region_id, name) values (1258, 'Пяндж');
REPLACE INTO city(region_id, name) values (1258, 'Шаартуз');
REPLACE INTO city(region_id, name) values (1258, 'Яван');
REPLACE INTO city(region_id, name) values (1262, 'Самуи');
REPLACE INTO region(id, country_id, name) values (1265, 180, 'Танзания');
REPLACE INTO city(region_id, name) values (1070, 'P‚ock');
REPLACE INTO city(region_id, name) values (1070, 'Plotsk');
REPLACE INTO city(region_id, name) values (1149, 'Bicaz');
REPLACE INTO city(region_id, name) values (1149, 'Piatra Neamt');
REPLACE INTO city(region_id, name) values (1149, 'Roman');
REPLACE INTO city(region_id, name) values (1149, 'Targu Neam');
REPLACE INTO city(region_id, name) values (1190, 'Ansley');
REPLACE INTO city(region_id, name) values (1190, 'Lincoln');
REPLACE INTO city(region_id, name) values (1190, 'Omaha');
REPLACE INTO city(region_id, name) values (1190, 'Saint Edward');
REPLACE INTO city(region_id, name) values (1259, 'Адрасман');
REPLACE INTO city(region_id, name) values (1259, 'Айни');
REPLACE INTO city(region_id, name) values (1259, 'Ашт');
REPLACE INTO city(region_id, name) values (1259, 'Бустон');
REPLACE INTO city(region_id, name) values (1259, 'Ганчи');
REPLACE INTO city(region_id, name) values (1259, 'Гафуров');
REPLACE INTO city(region_id, name) values (1259, 'Зафарабад');
REPLACE INTO city(region_id, name) values (1259, 'Зеравшан');
REPLACE INTO city(region_id, name) values (1259, 'Истаравшан (Ура-Тюбе)');
REPLACE INTO city(region_id, name) values (1259, 'Исфара');
REPLACE INTO city(region_id, name) values (1259, 'Кайракуум');
REPLACE INTO city(region_id, name) values (1259, 'Канибадам');
REPLACE INTO city(region_id, name) values (1259, 'Кансай');
REPLACE INTO city(region_id, name) values (1259, 'Нау');
REPLACE INTO city(region_id, name) values (1259, 'Пенджикент');
REPLACE INTO city(region_id, name) values (1259, 'Пролетарск');
REPLACE INTO city(region_id, name) values (1259, 'Табошар');
REPLACE INTO city(region_id, name) values (1259, 'Худжанд');
REPLACE INTO city(region_id, name) values (1259, 'Чкаловск');
REPLACE INTO city(region_id, name) values (1259, 'Шураб');
REPLACE INTO city(region_id, name) values (1263, 'Бангкок');
REPLACE INTO city(region_id, name) values (1265, 'Дар-эс-Салам');
REPLACE INTO city(region_id, name) values (1265, 'Додома');
REPLACE INTO city(region_id, name) values (1265, 'Занзибар');
REPLACE INTO city(region_id, name) values (1265, 'Мванза');
REPLACE INTO region(id, country_id, name) values (1266, 181, 'Того');
REPLACE INTO city(region_id, name) values (1071, 'Reichshof');
REPLACE INTO city(region_id, name) values (1071, 'Rzeszw');
REPLACE INTO city(region_id, name) values (1071, 'Zheshev');
REPLACE INTO city(region_id, name) values (1071, 'Zheshuv');
REPLACE INTO city(region_id, name) values (1150, 'Bals');
REPLACE INTO city(region_id, name) values (1150, 'Corabia');
REPLACE INTO city(region_id, name) values (1150, 'Draganesti-Olt');
REPLACE INTO city(region_id, name) values (1150, 'Piatra Olt');
REPLACE INTO city(region_id, name) values (1150, 'Scornicesti');
REPLACE INTO city(region_id, name) values (1150, 'Slatina');
REPLACE INTO city(region_id, name) values (1191, 'Alamo');
REPLACE INTO city(region_id, name) values (1191, 'Gardnerville Ranchos');
REPLACE INTO city(region_id, name) values (1191, 'Henderson');
REPLACE INTO city(region_id, name) values (1191, 'Las Vegas');
REPLACE INTO city(region_id, name) values (1191, 'Manhattan');
REPLACE INTO city(region_id, name) values (1191, 'Nixon');
REPLACE INTO city(region_id, name) values (1191, 'Reno');
REPLACE INTO city(region_id, name) values (1191, 'Sun Valley');
REPLACE INTO city(region_id, name) values (1191, 'West Wendover');
REPLACE INTO city(region_id, name) values (1260, 'Варзоб');
REPLACE INTO city(region_id, name) values (1260, 'Вахш');
REPLACE INTO city(region_id, name) values (1260, 'Гарм');
REPLACE INTO city(region_id, name) values (1260, 'Гиссар');
REPLACE INTO city(region_id, name) values (1260, 'Джиргаталь');
REPLACE INTO city(region_id, name) values (1260, 'Дусти');
REPLACE INTO city(region_id, name) values (1260, 'Душанбе');
REPLACE INTO city(region_id, name) values (1260, 'Кофарнихон');
REPLACE INTO city(region_id, name) values (1260, 'Куйбышевск');
REPLACE INTO city(region_id, name) values (1260, 'Ленинский');
REPLACE INTO city(region_id, name) values (1260, 'Московский');
REPLACE INTO city(region_id, name) values (1260, 'Насруд');
REPLACE INTO city(region_id, name) values (1260, 'Нурек');
REPLACE INTO city(region_id, name) values (1260, 'Орджоникидзеабад');
REPLACE INTO city(region_id, name) values (1260, 'Турсунзаде');
REPLACE INTO city(region_id, name) values (1260, 'Файзабад');
REPLACE INTO city(region_id, name) values (1264, 'Паттая');
REPLACE INTO city(region_id, name) values (1266, 'Ломе');
REPLACE INTO region(id, country_id, name) values (1267, 182, 'Факаофо');
REPLACE INTO city(region_id, name) values (1072, 'Danzig');
REPLACE INTO city(region_id, name) values (1072, 'Gdansk');
REPLACE INTO city(region_id, name) values (1151, 'Azuga');
REPLACE INTO city(region_id, name) values (1151, 'Baicoi');
REPLACE INTO city(region_id, name) values (1151, 'Boldesti-Scaeni');
REPLACE INTO city(region_id, name) values (1151, 'Breaza');
REPLACE INTO city(region_id, name) values (1151, 'Busteni');
REPLACE INTO city(region_id, name) values (1151, 'Campina');
REPLACE INTO city(region_id, name) values (1151, 'Comarnic');
REPLACE INTO city(region_id, name) values (1151, 'Mizil');
REPLACE INTO city(region_id, name) values (1151, 'Ploiesti');
REPLACE INTO city(region_id, name) values (1151, 'Plopeni');
REPLACE INTO city(region_id, name) values (1151, 'Sinaia');
REPLACE INTO city(region_id, name) values (1151, 'Slanic');
REPLACE INTO city(region_id, name) values (1151, 'Urlai');
REPLACE INTO city(region_id, name) values (1151, 'Valenii de Munte');
REPLACE INTO city(region_id, name) values (1192, 'Amherst');
REPLACE INTO city(region_id, name) values (1192, 'Concord');
REPLACE INTO city(region_id, name) values (1192, 'Contoocook');
REPLACE INTO city(region_id, name) values (1192, 'Derry');
REPLACE INTO city(region_id, name) values (1192, 'Durham');
REPLACE INTO city(region_id, name) values (1192, 'East Derry');
REPLACE INTO city(region_id, name) values (1192, 'Exeter');
REPLACE INTO city(region_id, name) values (1192, 'Hampton');
REPLACE INTO city(region_id, name) values (1192, 'Laconia');
REPLACE INTO city(region_id, name) values (1192, 'Manchester');
REPLACE INTO city(region_id, name) values (1192, 'Merrimack');
REPLACE INTO city(region_id, name) values (1192, 'Nashua');
REPLACE INTO city(region_id, name) values (1192, 'Newport');
REPLACE INTO city(region_id, name) values (1192, 'Portsmouth');
REPLACE INTO city(region_id, name) values (1192, 'Rye');
REPLACE INTO city(region_id, name) values (1192, 'Salem');
REPLACE INTO city(region_id, name) values (1192, 'West Lebanon');
REPLACE INTO city(region_id, name) values (1192, 'Wolfeboro');
REPLACE INTO city(region_id, name) values (1267, 'Факаофо');
REPLACE INTO region(id, country_id, name) values (1268, 183, 'Тонга');
REPLACE INTO city(region_id, name) values (1073, 'Annopole');
REPLACE INTO city(region_id, name) values (1073, 'Dabrowka Lesna');
REPLACE INTO city(region_id, name) values (1073, 'Gniezno');
REPLACE INTO city(region_id, name) values (1073, 'Oborniki');
REPLACE INTO city(region_id, name) values (1073, 'Stare Miasto');
REPLACE INTO city(region_id, name) values (1073, 'Strzeszyn');
REPLACE INTO city(region_id, name) values (1073, 'Zielona Gra');
REPLACE INTO city(region_id, name) values (1152, 'Cehu Silvaniei');
REPLACE INTO city(region_id, name) values (1152, 'Jibou');
REPLACE INTO city(region_id, name) values (1152, 'Simleu Silvaniei');
REPLACE INTO city(region_id, name) values (1152, 'Zalau');
REPLACE INTO city(region_id, name) values (1193, 'Absecon');
REPLACE INTO city(region_id, name) values (1193, 'Allentown');
REPLACE INTO city(region_id, name) values (1193, 'Alpine');
REPLACE INTO city(region_id, name) values (1193, 'Asbury');
REPLACE INTO city(region_id, name) values (1193, 'Asbury Park');
REPLACE INTO city(region_id, name) values (1193, 'Atlantic City');
REPLACE INTO city(region_id, name) values (1193, 'Atlantic Highlands');
REPLACE INTO city(region_id, name) values (1193, 'Avalon');
REPLACE INTO city(region_id, name) values (1193, 'Avenel');
REPLACE INTO city(region_id, name) values (1193, 'Basking Ridge');
REPLACE INTO city(region_id, name) values (1193, 'Bayonne');
REPLACE INTO city(region_id, name) values (1193, 'Beach Haven');
REPLACE INTO city(region_id, name) values (1193, 'Bedminster');
REPLACE INTO city(region_id, name) values (1193, 'Belle Mead');
REPLACE INTO city(region_id, name) values (1193, 'Belmar');
REPLACE INTO city(region_id, name) values (1193, 'Berlin');
REPLACE INTO city(region_id, name) values (1193, 'Bernards');
REPLACE INTO city(region_id, name) values (1193, 'Bloomfield');
REPLACE INTO city(region_id, name) values (1193, 'Bloomingdale');
REPLACE INTO city(region_id, name) values (1193, 'Bogota');
REPLACE INTO city(region_id, name) values (1193, 'Bordentown');
REPLACE INTO city(region_id, name) values (1193, 'Brick');
REPLACE INTO city(region_id, name) values (1193, 'Bridgewater');
REPLACE INTO city(region_id, name) values (1193, 'Budd Lake');
REPLACE INTO city(region_id, name) values (1193, 'Burlington');
REPLACE INTO city(region_id, name) values (1193, 'Cape May');
REPLACE INTO city(region_id, name) values (1193, 'Cape May Point');
REPLACE INTO city(region_id, name) values (1193, 'Carteret');
REPLACE INTO city(region_id, name) values (1193, 'Cherry Hill');
REPLACE INTO city(region_id, name) values (1193, 'Clark');
REPLACE INTO city(region_id, name) values (1193, 'Clementon');
REPLACE INTO city(region_id, name) values (1193, 'Cliffside Park');
REPLACE INTO city(region_id, name) values (1193, 'Clifton');
REPLACE INTO city(region_id, name) values (1193, 'Clinton');
REPLACE INTO city(region_id, name) values (1193, 'Closter');
REPLACE INTO city(region_id, name) values (1193, 'Columbia');
REPLACE INTO city(region_id, name) values (1193, 'Columbus');
REPLACE INTO city(region_id, name) values (1193, 'Cranbury');
REPLACE INTO city(region_id, name) values (1193, 'Cresskill');
REPLACE INTO city(region_id, name) values (1193, 'Deal');
REPLACE INTO city(region_id, name) values (1193, 'Delaware');
REPLACE INTO city(region_id, name) values (1193, 'Denville');
REPLACE INTO city(region_id, name) values (1193, 'Dover');
REPLACE INTO city(region_id, name) values (1193, 'Dumont');
REPLACE INTO city(region_id, name) values (1193, 'East Brunswick');
REPLACE INTO city(region_id, name) values (1193, 'East Hanover');
REPLACE INTO city(region_id, name) values (1193, 'East Orange');
REPLACE INTO city(region_id, name) values (1193, 'Eatontown');
REPLACE INTO city(region_id, name) values (1193, 'Edgewater');
REPLACE INTO city(region_id, name) values (1193, 'Edison');
REPLACE INTO city(region_id, name) values (1193, 'Elizabeth');
REPLACE INTO city(region_id, name) values (1193, 'Elmwood Park');
REPLACE INTO city(region_id, name) values (1193, 'Englewood');
REPLACE INTO city(region_id, name) values (1193, 'Englishtown');
REPLACE INTO city(region_id, name) values (1193, 'Essex Fells');
REPLACE INTO city(region_id, name) values (1193, 'Fair Lawn');
REPLACE INTO city(region_id, name) values (1193, 'Flemington');
REPLACE INTO city(region_id, name) values (1193, 'Florham Park');
REPLACE INTO city(region_id, name) values (1193, 'Fort Lee');
REPLACE INTO city(region_id, name) values (1193, 'Franklin Park');
REPLACE INTO city(region_id, name) values (1193, 'Freehold');
REPLACE INTO city(region_id, name) values (1193, 'Garfield');
REPLACE INTO city(region_id, name) values (1193, 'Glen Ridge');
REPLACE INTO city(region_id, name) values (1193, 'Hackensack');
REPLACE INTO city(region_id, name) values (1193, 'Hackettstown');
REPLACE INTO city(region_id, name) values (1193, 'Hampton');
REPLACE INTO city(region_id, name) values (1193, 'Harrison');
REPLACE INTO city(region_id, name) values (1193, 'Hawthorne');
REPLACE INTO city(region_id, name) values (1193, 'Hazlet');
REPLACE INTO city(region_id, name) values (1193, 'Highland Park');
REPLACE INTO city(region_id, name) values (1193, 'Hillsdale');
REPLACE INTO city(region_id, name) values (1193, 'Hoboken');
REPLACE INTO city(region_id, name) values (1193, 'Holmdel');
REPLACE INTO city(region_id, name) values (1193, 'Hopewell');
REPLACE INTO city(region_id, name) values (1193, 'Howell');
REPLACE INTO city(region_id, name) values (1193, 'Jackson');
REPLACE INTO city(region_id, name) values (1193, 'Jamesburg');
REPLACE INTO city(region_id, name) values (1193, 'Jersey City');
REPLACE INTO city(region_id, name) values (1193, 'Kearny');
REPLACE INTO city(region_id, name) values (1193, 'Keasbey');
REPLACE INTO city(region_id, name) values (1193, 'Kenilworth');
REPLACE INTO city(region_id, name) values (1193, 'Lakehurst');
REPLACE INTO city(region_id, name) values (1193, 'Lakewood');
REPLACE INTO city(region_id, name) values (1193, 'Lincoln Park');
REPLACE INTO city(region_id, name) values (1193, 'Linden');
REPLACE INTO city(region_id, name) values (1193, 'Little Falls');
REPLACE INTO city(region_id, name) values (1193, 'Long Branch');
REPLACE INTO city(region_id, name) values (1193, 'Madison');
REPLACE INTO city(region_id, name) values (1193, 'Mahwah');
REPLACE INTO city(region_id, name) values (1193, 'Manville');
REPLACE INTO city(region_id, name) values (1193, 'Maplewood');
REPLACE INTO city(region_id, name) values (1193, 'Margate City');
REPLACE INTO city(region_id, name) values (1193, 'Marlboro');
REPLACE INTO city(region_id, name) values (1193, 'Marlton');
REPLACE INTO city(region_id, name) values (1193, 'Matawan');
REPLACE INTO city(region_id, name) values (1193, 'Middletown');
REPLACE INTO city(region_id, name) values (1193, 'Millburn');
REPLACE INTO city(region_id, name) values (1193, 'Monmouth Junction');
REPLACE INTO city(region_id, name) values (1193, 'Montclair');
REPLACE INTO city(region_id, name) values (1193, 'Montvale');
REPLACE INTO city(region_id, name) values (1193, 'Montville');
REPLACE INTO city(region_id, name) values (1193, 'Morganville');
REPLACE INTO city(region_id, name) values (1193, 'Morris Plains');
REPLACE INTO city(region_id, name) values (1193, 'Morristown');
REPLACE INTO city(region_id, name) values (1193, 'Mount Arlington');
REPLACE INTO city(region_id, name) values (1193, 'Mount Laurel');
REPLACE INTO city(region_id, name) values (1193, 'Navesink');
REPLACE INTO city(region_id, name) values (1193, 'Neptune');
REPLACE INTO city(region_id, name) values (1193, 'New Brunswick');
REPLACE INTO city(region_id, name) values (1193, 'New Egypt');
REPLACE INTO city(region_id, name) values (1193, 'New York');
REPLACE INTO city(region_id, name) values (1193, 'Newark');
REPLACE INTO city(region_id, name) values (1193, 'Norma');
REPLACE INTO city(region_id, name) values (1193, 'North Arlington');
REPLACE INTO city(region_id, name) values (1193, 'North Bergen');
REPLACE INTO city(region_id, name) values (1193, 'North Brunswick');
REPLACE INTO city(region_id, name) values (1193, 'Nutley');
REPLACE INTO city(region_id, name) values (1193, 'Oakhurst');
REPLACE INTO city(region_id, name) values (1193, 'Ocean City');
REPLACE INTO city(region_id, name) values (1193, 'Old Bridge');
REPLACE INTO city(region_id, name) values (1193, 'Oradell');
REPLACE INTO city(region_id, name) values (1193, 'Orange');
REPLACE INTO city(region_id, name) values (1193, 'Palisades Park');
REPLACE INTO city(region_id, name) values (1193, 'Paramus');
REPLACE INTO city(region_id, name) values (1193, 'Parlin');
REPLACE INTO city(region_id, name) values (1193, 'Parsippany');
REPLACE INTO city(region_id, name) values (1193, 'Passaic');
REPLACE INTO city(region_id, name) values (1193, 'Paterson');
REPLACE INTO city(region_id, name) values (1193, 'Paulsboro');
REPLACE INTO city(region_id, name) values (1193, 'Perth Amboy');
REPLACE INTO city(region_id, name) values (1193, 'Phillipsburg');
REPLACE INTO city(region_id, name) values (1193, 'Piscataway');
REPLACE INTO city(region_id, name) values (1193, 'Plainfield');
REPLACE INTO city(region_id, name) values (1193, 'Plainsboro');
REPLACE INTO city(region_id, name) values (1193, 'Pomona');
REPLACE INTO city(region_id, name) values (1193, 'Princeton');
REPLACE INTO city(region_id, name) values (1193, 'Randolph');
REPLACE INTO city(region_id, name) values (1193, 'Red Bank');
REPLACE INTO city(region_id, name) values (1193, 'Ridgewood');
REPLACE INTO city(region_id, name) values (1193, 'River Edge');
REPLACE INTO city(region_id, name) values (1193, 'Rockaway');
REPLACE INTO city(region_id, name) values (1193, 'Runnemede');
REPLACE INTO city(region_id, name) values (1193, 'Rutherford');
REPLACE INTO city(region_id, name) values (1193, 'Saddle Brook');
REPLACE INTO city(region_id, name) values (1193, 'Saddle River');
REPLACE INTO city(region_id, name) values (1193, 'Sayreville');
REPLACE INTO city(region_id, name) values (1193, 'Scotch Plains');
REPLACE INTO city(region_id, name) values (1193, 'Sea Girt');
REPLACE INTO city(region_id, name) values (1193, 'Seaside Heights');
REPLACE INTO city(region_id, name) values (1193, 'Short Hills');
REPLACE INTO city(region_id, name) values (1193, 'Somerset');
REPLACE INTO city(region_id, name) values (1193, 'Somerville');
REPLACE INTO city(region_id, name) values (1193, 'South Amboy');
REPLACE INTO city(region_id, name) values (1193, 'South Orange');
REPLACE INTO city(region_id, name) values (1193, 'South River');
REPLACE INTO city(region_id, name) values (1193, 'Spring Lake');
REPLACE INTO city(region_id, name) values (1193, 'Springfield');
REPLACE INTO city(region_id, name) values (1193, 'Stirling');
REPLACE INTO city(region_id, name) values (1193, 'Stockton');
REPLACE INTO city(region_id, name) values (1193, 'Stone Harbor');
REPLACE INTO city(region_id, name) values (1193, 'Summit');
REPLACE INTO city(region_id, name) values (1193, 'Sussex');
REPLACE INTO city(region_id, name) values (1193, 'Teaneck');
REPLACE INTO city(region_id, name) values (1193, 'Toms River');
REPLACE INTO city(region_id, name) values (1193, 'Trenton');
REPLACE INTO city(region_id, name) values (1193, 'Union');
REPLACE INTO city(region_id, name) values (1193, 'Union City');
REPLACE INTO city(region_id, name) values (1193, 'Ventnor City');
REPLACE INTO city(region_id, name) values (1193, 'Vernon');
REPLACE INTO city(region_id, name) values (1193, 'Vineland');
REPLACE INTO city(region_id, name) values (1193, 'Wallington');
REPLACE INTO city(region_id, name) values (1193, 'Washington');
REPLACE INTO city(region_id, name) values (1193, 'Wayne');
REPLACE INTO city(region_id, name) values (1193, 'West New York');
REPLACE INTO city(region_id, name) values (1193, 'West Orange');
REPLACE INTO city(region_id, name) values (1193, 'West Paterson');
REPLACE INTO city(region_id, name) values (1193, 'Westfield');
REPLACE INTO city(region_id, name) values (1193, 'Westwood');
REPLACE INTO city(region_id, name) values (1193, 'Wharton');
REPLACE INTO city(region_id, name) values (1193, 'Wildwood');
REPLACE INTO city(region_id, name) values (1193, 'Woodbridge');
REPLACE INTO city(region_id, name) values (1193, 'Woodcliff Lake');
REPLACE INTO city(region_id, name) values (1268, 'Нукуалофа');
REPLACE INTO region(id, country_id, name) values (1269, 184, 'Порт-оф-Спейн');
REPLACE INTO city(region_id, name) values (1074, 'Grki');
REPLACE INTO city(region_id, name) values (1074, 'Jaroslau');
REPLACE INTO city(region_id, name) values (1074, 'Przemysl');
REPLACE INTO city(region_id, name) values (1153, 'Carei');
REPLACE INTO city(region_id, name) values (1153, 'Negresti-Oas');
REPLACE INTO city(region_id, name) values (1153, 'Satu Mare');
REPLACE INTO city(region_id, name) values (1153, 'Tasnad');
REPLACE INTO city(region_id, name) values (1194, 'Alamogordo');
REPLACE INTO city(region_id, name) values (1194, 'Albuquerque');
REPLACE INTO city(region_id, name) values (1194, 'Angel Fire');
REPLACE INTO city(region_id, name) values (1194, 'Aragon');
REPLACE INTO city(region_id, name) values (1194, 'Cleveland');
REPLACE INTO city(region_id, name) values (1194, 'Cuba');
REPLACE INTO city(region_id, name) values (1194, 'Las Cruces');
REPLACE INTO city(region_id, name) values (1194, 'Las Vegas');
REPLACE INTO city(region_id, name) values (1194, 'Miami');
REPLACE INTO city(region_id, name) values (1194, 'Newkirk');
REPLACE INTO city(region_id, name) values (1194, 'Portales');
REPLACE INTO city(region_id, name) values (1194, 'Roswell');
REPLACE INTO city(region_id, name) values (1194, 'Santa Fe');
REPLACE INTO city(region_id, name) values (1269, 'Порт-оф-Спейн');
REPLACE INTO region(id, country_id, name) values (1270, 185, 'Тувалу');
REPLACE INTO city(region_id, name) values (1075, 'Radom');
REPLACE INTO city(region_id, name) values (1154, 'Agnita');
REPLACE INTO city(region_id, name) values (1154, 'Avrig');
REPLACE INTO city(region_id, name) values (1154, 'Cisnadie');
REPLACE INTO city(region_id, name) values (1154, 'Copsa Mica');
REPLACE INTO city(region_id, name) values (1154, 'Dumbraveni');
REPLACE INTO city(region_id, name) values (1154, 'Medias');
REPLACE INTO city(region_id, name) values (1154, 'Ocna Sibiului');
REPLACE INTO city(region_id, name) values (1154, 'Sibiu');
REPLACE INTO city(region_id, name) values (1154, 'Talmaciu');
REPLACE INTO city(region_id, name) values (1195, 'Accord');
REPLACE INTO city(region_id, name) values (1195, 'Acra');
REPLACE INTO city(region_id, name) values (1195, 'Adams');
REPLACE INTO city(region_id, name) values (1195, 'Adams Basin');
REPLACE INTO city(region_id, name) values (1195, 'Adams Center');
REPLACE INTO city(region_id, name) values (1195, 'Addison');
REPLACE INTO city(region_id, name) values (1195, 'Adirondack');
REPLACE INTO city(region_id, name) values (1195, 'Afton');
REPLACE INTO city(region_id, name) values (1195, 'Alabama');
REPLACE INTO city(region_id, name) values (1195, 'Albany');
REPLACE INTO city(region_id, name) values (1195, 'Albion');
REPLACE INTO city(region_id, name) values (1195, 'Alden');
REPLACE INTO city(region_id, name) values (1195, 'Alexander');
REPLACE INTO city(region_id, name) values (1195, 'Alexandria Bay');
REPLACE INTO city(region_id, name) values (1195, 'Alfred');
REPLACE INTO city(region_id, name) values (1195, 'Alpine');
REPLACE INTO city(region_id, name) values (1195, 'Altamont');
REPLACE INTO city(region_id, name) values (1195, 'Amsterdam');
REPLACE INTO city(region_id, name) values (1195, 'Angelica');
REPLACE INTO city(region_id, name) values (1195, 'Ardsley');
REPLACE INTO city(region_id, name) values (1195, 'Ardsley On Hudson');
REPLACE INTO city(region_id, name) values (1195, 'Armonk');
REPLACE INTO city(region_id, name) values (1195, 'Astoria');
REPLACE INTO city(region_id, name) values (1195, 'Athol');
REPLACE INTO city(region_id, name) values (1195, 'Atlanta');
REPLACE INTO city(region_id, name) values (1195, 'Atlantic Beach');
REPLACE INTO city(region_id, name) values (1195, 'Babylon');
REPLACE INTO city(region_id, name) values (1195, 'Barneveld');
REPLACE INTO city(region_id, name) values (1195, 'Barton');
REPLACE INTO city(region_id, name) values (1195, 'Basom');
REPLACE INTO city(region_id, name) values (1195, 'Bellerose');
REPLACE INTO city(region_id, name) values (1195, 'Black River');
REPLACE INTO city(region_id, name) values (1195, 'Bolton Landing');
REPLACE INTO city(region_id, name) values (1195, 'Boston');
REPLACE INTO city(region_id, name) values (1195, 'Bradford');
REPLACE INTO city(region_id, name) values (1195, 'Brasher Falls');
REPLACE INTO city(region_id, name) values (1195, 'Breezy Point');
REPLACE INTO city(region_id, name) values (1195, 'Bronx');
REPLACE INTO city(region_id, name) values (1195, 'Brooklyn');
REPLACE INTO city(region_id, name) values (1195, 'Buffalo');
REPLACE INTO city(region_id, name) values (1195, 'Byron');
REPLACE INTO city(region_id, name) values (1195, 'Cambridge');
REPLACE INTO city(region_id, name) values (1195, 'Cameron');
REPLACE INTO city(region_id, name) values (1195, 'Carthage');
REPLACE INTO city(region_id, name) values (1195, 'Ceres');
REPLACE INTO city(region_id, name) values (1195, 'Chelsea');
REPLACE INTO city(region_id, name) values (1195, 'Cleveland');
REPLACE INTO city(region_id, name) values (1195, 'Clifton Park');
REPLACE INTO city(region_id, name) values (1195, 'Climax');
REPLACE INTO city(region_id, name) values (1195, 'Colden');
REPLACE INTO city(region_id, name) values (1195, 'College Point');
REPLACE INTO city(region_id, name) values (1195, 'Conklin');
REPLACE INTO city(region_id, name) values (1195, 'Copiague');
REPLACE INTO city(region_id, name) values (1195, 'Corona');
REPLACE INTO city(region_id, name) values (1195, 'Denver');
REPLACE INTO city(region_id, name) values (1195, 'Dexter');
REPLACE INTO city(region_id, name) values (1195, 'East Hampton');
REPLACE INTO city(region_id, name) values (1195, 'East Northport');
REPLACE INTO city(region_id, name) values (1195, 'Ellenburg');
REPLACE INTO city(region_id, name) values (1195, 'Elmhurst');
REPLACE INTO city(region_id, name) values (1195, 'Far Rockaway');
REPLACE INTO city(region_id, name) values (1195, 'Florida');
REPLACE INTO city(region_id, name) values (1195, 'Flushing');
REPLACE INTO city(region_id, name) values (1195, 'Forest Hills');
REPLACE INTO city(region_id, name) values (1195, 'Fresh Meadows');
REPLACE INTO city(region_id, name) values (1195, 'Garden City');
REPLACE INTO city(region_id, name) values (1195, 'Ghent');
REPLACE INTO city(region_id, name) values (1195, 'Hampton');
REPLACE INTO city(region_id, name) values (1195, 'Hauppauge');
REPLACE INTO city(region_id, name) values (1195, 'Hempstead');
REPLACE INTO city(region_id, name) values (1195, 'Hicksville');
REPLACE INTO city(region_id, name) values (1195, 'Hortonville');
REPLACE INTO city(region_id, name) values (1195, 'Huntington');
REPLACE INTO city(region_id, name) values (1195, 'Hyde Park');
REPLACE INTO city(region_id, name) values (1195, 'Ithaca');
REPLACE INTO city(region_id, name) values (1195, 'Jacksonville');
REPLACE INTO city(region_id, name) values (1195, 'Jamaica');
REPLACE INTO city(region_id, name) values (1195, 'Kendall');
REPLACE INTO city(region_id, name) values (1195, 'Kew Gardens');
REPLACE INTO city(region_id, name) values (1195, 'Kingston');
REPLACE INTO city(region_id, name) values (1195, 'Lake Placid');
REPLACE INTO city(region_id, name) values (1195, 'Laurens');
REPLACE INTO city(region_id, name) values (1195, 'Long Beach');
REPLACE INTO city(region_id, name) values (1195, 'Long Island City');
REPLACE INTO city(region_id, name) values (1195, 'Macedon');
REPLACE INTO city(region_id, name) values (1195, 'Mahopac');
REPLACE INTO city(region_id, name) values (1195, 'Malden On Hudson');
REPLACE INTO city(region_id, name) values (1195, 'Manchester');
REPLACE INTO city(region_id, name) values (1195, 'Manhasset');
REPLACE INTO city(region_id, name) values (1195, 'Marathon');
REPLACE INTO city(region_id, name) values (1195, 'Marlboro');
REPLACE INTO city(region_id, name) values (1195, 'Massapequa');
REPLACE INTO city(region_id, name) values (1195, 'Massapequa Park');
REPLACE INTO city(region_id, name) values (1195, 'Mastic Beach');
REPLACE INTO city(region_id, name) values (1195, 'Middletown');
REPLACE INTO city(region_id, name) values (1195, 'Miller Place');
REPLACE INTO city(region_id, name) values (1195, 'Modena');
REPLACE INTO city(region_id, name) values (1195, 'Monsey');
REPLACE INTO city(region_id, name) values (1195, 'Moriah Center');
REPLACE INTO city(region_id, name) values (1195, 'Mount Kisco');
REPLACE INTO city(region_id, name) values (1195, 'Mount Vernon');
REPLACE INTO city(region_id, name) values (1195, 'Nanuet');
REPLACE INTO city(region_id, name) values (1195, 'Natural Bridge');
REPLACE INTO city(region_id, name) values (1195, 'New Baltimore');
REPLACE INTO city(region_id, name) values (1195, 'New City');
REPLACE INTO city(region_id, name) values (1195, 'New Hampton');
REPLACE INTO city(region_id, name) values (1195, 'New Hartford');
REPLACE INTO city(region_id, name) values (1195, 'New Paltz');
REPLACE INTO city(region_id, name) values (1195, 'New Rochelle');
REPLACE INTO city(region_id, name) values (1195, 'New Russia');
REPLACE INTO city(region_id, name) values (1195, 'New Windsor');
REPLACE INTO city(region_id, name) values (1195, 'New York');
REPLACE INTO city(region_id, name) values (1195, 'New York Mills');
REPLACE INTO city(region_id, name) values (1195, 'Newark');
REPLACE INTO city(region_id, name) values (1195, 'Newburgh');
REPLACE INTO city(region_id, name) values (1195, 'Oceanside');
REPLACE INTO city(region_id, name) values (1195, 'Odessa');
REPLACE INTO city(region_id, name) values (1195, 'Oriskany');
REPLACE INTO city(region_id, name) values (1195, 'Ossining');
REPLACE INTO city(region_id, name) values (1195, 'Oxford');
REPLACE INTO city(region_id, name) values (1195, 'Oyster Bay');
REPLACE INTO city(region_id, name) values (1195, 'Patchogue');
REPLACE INTO city(region_id, name) values (1195, 'Philadelphia');
REPLACE INTO city(region_id, name) values (1195, 'Phoenicia');
REPLACE INTO city(region_id, name) values (1195, 'Plattsburgh');
REPLACE INTO city(region_id, name) values (1195, 'Port Washington');
REPLACE INTO city(region_id, name) values (1195, 'Potsdam');
REPLACE INTO city(region_id, name) values (1195, 'Queens Village');
REPLACE INTO city(region_id, name) values (1195, 'Rego Park');
REPLACE INTO city(region_id, name) values (1195, 'Richmond Hill');
REPLACE INTO city(region_id, name) values (1195, 'Ridgewood');
REPLACE INTO city(region_id, name) values (1195, 'Riverhead');
REPLACE INTO city(region_id, name) values (1195, 'Rochester');
REPLACE INTO city(region_id, name) values (1195, 'Rome');
REPLACE INTO city(region_id, name) values (1195, 'Russell');
REPLACE INTO city(region_id, name) values (1195, 'Sardinia');
REPLACE INTO city(region_id, name) values (1195, 'Scarsdale');
REPLACE INTO city(region_id, name) values (1195, 'Schenectady');
REPLACE INTO city(region_id, name) values (1195, 'Sidney');
REPLACE INTO city(region_id, name) values (1195, 'Sound Beach');
REPLACE INTO city(region_id, name) values (1195, 'Southampton');
REPLACE INTO city(region_id, name) values (1195, 'Spring Valley');
REPLACE INTO city(region_id, name) values (1195, 'Stony Brook');
REPLACE INTO city(region_id, name) values (1195, 'Sunnyside');
REPLACE INTO city(region_id, name) values (1195, 'Syosset');
REPLACE INTO city(region_id, name) values (1195, 'Syracuse');
REPLACE INTO city(region_id, name) values (1195, 'Taberg');
REPLACE INTO city(region_id, name) values (1195, 'Utica');
REPLACE INTO city(region_id, name) values (1195, 'Valley Stream');
REPLACE INTO city(region_id, name) values (1195, 'Wappingers Falls');
REPLACE INTO city(region_id, name) values (1195, 'Wellsburg');
REPLACE INTO city(region_id, name) values (1195, 'West Nyack');
REPLACE INTO city(region_id, name) values (1195, 'West Park');
REPLACE INTO city(region_id, name) values (1195, 'Westbury');
REPLACE INTO city(region_id, name) values (1195, 'Westford');
REPLACE INTO city(region_id, name) values (1195, 'Westport');
REPLACE INTO city(region_id, name) values (1195, 'White Plains');
REPLACE INTO city(region_id, name) values (1195, 'Wolcott');
REPLACE INTO city(region_id, name) values (1195, 'Yonkers');
REPLACE INTO city(region_id, name) values (1195, 'York');
REPLACE INTO city(region_id, name) values (1195, 'Yorktown Heights');
REPLACE INTO city(region_id, name) values (1270, 'Фунафути');
REPLACE INTO region(id, country_id, name) values (1271, 186, 'Tunisia');
REPLACE INTO city(region_id, name) values (1076, 'Baranwka');
REPLACE INTO city(region_id, name) values (1076, 'Kielnarowa');
REPLACE INTO city(region_id, name) values (1076, 'Kolbuszowa');
REPLACE INTO city(region_id, name) values (1076, 'Mielec');
REPLACE INTO city(region_id, name) values (1076, 'Ropczyce');
REPLACE INTO city(region_id, name) values (1076, 'Sieklwka');
REPLACE INTO city(region_id, name) values (1076, 'Tyczyn');
REPLACE INTO city(region_id, name) values (1155, 'Campulung Moldovenesc');
REPLACE INTO city(region_id, name) values (1155, 'Falticeni');
REPLACE INTO city(region_id, name) values (1155, 'Gura Humorului');
REPLACE INTO city(region_id, name) values (1155, 'Radauti');
REPLACE INTO city(region_id, name) values (1155, 'Siret');
REPLACE INTO city(region_id, name) values (1155, 'Solca');
REPLACE INTO city(region_id, name) values (1155, 'Suceava');
REPLACE INTO city(region_id, name) values (1155, 'Vatra Dornei');
REPLACE INTO city(region_id, name) values (1196, 'Aberdeen');
REPLACE INTO city(region_id, name) values (1196, 'Apex');
REPLACE INTO city(region_id, name) values (1196, 'Asheville');
REPLACE INTO city(region_id, name) values (1196, 'Brevard');
REPLACE INTO city(region_id, name) values (1196, 'Candler');
REPLACE INTO city(region_id, name) values (1196, 'Carolina Beach');
REPLACE INTO city(region_id, name) values (1196, 'Cary');
REPLACE INTO city(region_id, name) values (1196, 'Cashiers');
REPLACE INTO city(region_id, name) values (1196, 'Chapel Hill');
REPLACE INTO city(region_id, name) values (1196, 'Charlotte');
REPLACE INTO city(region_id, name) values (1196, 'Deep Gap');
REPLACE INTO city(region_id, name) values (1196, 'Durham');
REPLACE INTO city(region_id, name) values (1196, 'Eden');
REPLACE INTO city(region_id, name) values (1196, 'Elizabeth City');
REPLACE INTO city(region_id, name) values (1196, 'Fayetteville');
REPLACE INTO city(region_id, name) values (1196, 'Fort Bragg');
REPLACE INTO city(region_id, name) values (1196, 'Fuquay Varina');
REPLACE INTO city(region_id, name) values (1196, 'Gastonia');
REPLACE INTO city(region_id, name) values (1196, 'Graham');
REPLACE INTO city(region_id, name) values (1196, 'Greensboro');
REPLACE INTO city(region_id, name) values (1196, 'Greenville');
REPLACE INTO city(region_id, name) values (1196, 'Grifton');
REPLACE INTO city(region_id, name) values (1196, 'Hendersonville');
REPLACE INTO city(region_id, name) values (1196, 'Indian Trail');
REPLACE INTO city(region_id, name) values (1196, 'Jacksonville');
REPLACE INTO city(region_id, name) values (1196, 'Kernersville');
REPLACE INTO city(region_id, name) values (1196, 'Kill Devil Hills');
REPLACE INTO city(region_id, name) values (1196, 'Kitty Hawk');
REPLACE INTO city(region_id, name) values (1196, 'Matthews');
REPLACE INTO city(region_id, name) values (1196, 'Minneapolis');
REPLACE INTO city(region_id, name) values (1196, 'Morrisville');
REPLACE INTO city(region_id, name) values (1196, 'Mount Olive');
REPLACE INTO city(region_id, name) values (1196, 'Moyock');
REPLACE INTO city(region_id, name) values (1196, 'New Bern');
REPLACE INTO city(region_id, name) values (1196, 'Raeford');
REPLACE INTO city(region_id, name) values (1196, 'Raleigh');
REPLACE INTO city(region_id, name) values (1196, 'Shelby');
REPLACE INTO city(region_id, name) values (1196, 'Wake Forest');
REPLACE INTO city(region_id, name) values (1196, 'Wilmington');
REPLACE INTO city(region_id, name) values (1196, 'Winston Salem');
REPLACE INTO city(region_id, name) values (1196, 'Woodleaf');
REPLACE INTO city(region_id, name) values (1196, 'Wrightsville Beach');
REPLACE INTO city(region_id, name) values (1271, 'Nabeul');
REPLACE INTO region(id, country_id, name) values (1272, 187, 'Ашхабадская обл.');
REPLACE INTO region(id, country_id, name) values (1273, 187, 'Красноводская обл.');
REPLACE INTO region(id, country_id, name) values (1274, 187, 'Марыйская обл.');
REPLACE INTO region(id, country_id, name) values (1275, 187, 'Ташаузская обл.');
REPLACE INTO region(id, country_id, name) values (1276, 187, 'Чарджоуская обл.');
REPLACE INTO city(region_id, name) values (1077, 'Siedlce');
REPLACE INTO city(region_id, name) values (1077, 'Zembrw');
REPLACE INTO city(region_id, name) values (1156, 'Alexandria');
REPLACE INTO city(region_id, name) values (1156, 'Rosiori de Vede');
REPLACE INTO city(region_id, name) values (1156, 'Turnu Magurele');
REPLACE INTO city(region_id, name) values (1156, 'Videle');
REPLACE INTO city(region_id, name) values (1156, 'Zimnicea');
REPLACE INTO city(region_id, name) values (1197, 'Bismarck');
REPLACE INTO city(region_id, name) values (1197, 'Fargo');
REPLACE INTO city(region_id, name) values (1272, 'Ашхабад');
REPLACE INTO city(region_id, name) values (1272, 'Бахарден');
REPLACE INTO city(region_id, name) values (1272, 'Безмеин');
REPLACE INTO city(region_id, name) values (1272, 'Геок-Тепе');
REPLACE INTO city(region_id, name) values (1272, 'Дарваза');
REPLACE INTO city(region_id, name) values (1272, 'Каахка');
REPLACE INTO city(region_id, name) values (1272, 'Кировск');
REPLACE INTO city(region_id, name) values (1272, 'Серахс');
REPLACE INTO city(region_id, name) values (1272, 'Теджен');
REPLACE INTO region(id, country_id, name) values (1277, 188, 'Grand Turk');
REPLACE INTO city(region_id, name) values (1078, 'Seradz');
REPLACE INTO city(region_id, name) values (1078, 'Sieradz');
REPLACE INTO city(region_id, name) values (1078, 'Zdunska Wola');
REPLACE INTO city(region_id, name) values (1157, 'Buzias');
REPLACE INTO city(region_id, name) values (1157, 'Deta');
REPLACE INTO city(region_id, name) values (1157, 'Faget');
REPLACE INTO city(region_id, name) values (1157, 'Jimbolia');
REPLACE INTO city(region_id, name) values (1157, 'Lugoj');
REPLACE INTO city(region_id, name) values (1157, 'Sannicolau Mare');
REPLACE INTO city(region_id, name) values (1157, 'Timisoara');
REPLACE INTO city(region_id, name) values (1198, 'Akron');
REPLACE INTO city(region_id, name) values (1198, 'Alliance');
REPLACE INTO city(region_id, name) values (1198, 'Alpha');
REPLACE INTO city(region_id, name) values (1198, 'Ansonia');
REPLACE INTO city(region_id, name) values (1198, 'Arcadia');
REPLACE INTO city(region_id, name) values (1198, 'Athens');
REPLACE INTO city(region_id, name) values (1198, 'Aurora');
REPLACE INTO city(region_id, name) values (1198, 'Beachwood');
REPLACE INTO city(region_id, name) values (1198, 'Bedford');
REPLACE INTO city(region_id, name) values (1198, 'Canton');
REPLACE INTO city(region_id, name) values (1198, 'Cherry Fork');
REPLACE INTO city(region_id, name) values (1198, 'Chesterland');
REPLACE INTO city(region_id, name) values (1198, 'Cincinnati');
REPLACE INTO city(region_id, name) values (1198, 'Cleveland');
REPLACE INTO city(region_id, name) values (1198, 'Columbus');
REPLACE INTO city(region_id, name) values (1198, 'Dayton');
REPLACE INTO city(region_id, name) values (1198, 'Hartville');
REPLACE INTO city(region_id, name) values (1198, 'Hudson');
REPLACE INTO city(region_id, name) values (1198, 'Huron');
REPLACE INTO city(region_id, name) values (1198, 'Kent');
REPLACE INTO city(region_id, name) values (1198, 'Lebanon');
REPLACE INTO city(region_id, name) values (1198, 'Lockbourne');
REPLACE INTO city(region_id, name) values (1198, 'Loveland');
REPLACE INTO city(region_id, name) values (1198, 'Lyons');
REPLACE INTO city(region_id, name) values (1198, 'Maineville');
REPLACE INTO city(region_id, name) values (1198, 'Mansfield');
REPLACE INTO city(region_id, name) values (1198, 'Marietta');
REPLACE INTO city(region_id, name) values (1198, 'Massillon');
REPLACE INTO city(region_id, name) values (1198, 'Newark');
REPLACE INTO city(region_id, name) values (1198, 'North Royalton');
REPLACE INTO city(region_id, name) values (1198, 'Oakwood');
REPLACE INTO city(region_id, name) values (1198, 'Oberlin');
REPLACE INTO city(region_id, name) values (1198, 'Ohio City');
REPLACE INTO city(region_id, name) values (1198, 'Richmond');
REPLACE INTO city(region_id, name) values (1198, 'Sandusky');
REPLACE INTO city(region_id, name) values (1198, 'Springfield');
REPLACE INTO city(region_id, name) values (1198, 'Sylvania');
REPLACE INTO city(region_id, name) values (1198, 'Toledo');
REPLACE INTO city(region_id, name) values (1198, 'Warren');
REPLACE INTO city(region_id, name) values (1198, 'West Chester');
REPLACE INTO city(region_id, name) values (1198, 'Willoughby');
REPLACE INTO city(region_id, name) values (1198, 'Zanesville');
REPLACE INTO city(region_id, name) values (1273, 'Бекдаш');
REPLACE INTO city(region_id, name) values (1273, 'Гасан-Кули');
REPLACE INTO city(region_id, name) values (1273, 'Джанга');
REPLACE INTO city(region_id, name) values (1273, 'Казанджик');
REPLACE INTO city(region_id, name) values (1273, 'Карагель');
REPLACE INTO city(region_id, name) values (1273, 'Кизыл-Арват');
REPLACE INTO city(region_id, name) values (1273, 'Красноводск');
REPLACE INTO city(region_id, name) values (1273, 'Небит-Даг');
REPLACE INTO city(region_id, name) values (1273, 'Челекен');
REPLACE INTO city(region_id, name) values (1277, 'Кев');
REPLACE INTO city(region_id, name) values (1277, 'Теркс-Айлендс');
REPLACE INTO region(id, country_id, name) values (1278, 189, 'Bartin');
REPLACE INTO region(id, country_id, name) values (1279, 189, 'Bayburt');
REPLACE INTO region(id, country_id, name) values (1280, 189, 'Karabuk');
REPLACE INTO region(id, country_id, name) values (1281, 189, 'Адана');
REPLACE INTO region(id, country_id, name) values (1282, 189, 'Айдын');
REPLACE INTO region(id, country_id, name) values (1283, 189, 'Амасья');
REPLACE INTO region(id, country_id, name) values (1284, 189, 'Анкара');
REPLACE INTO region(id, country_id, name) values (1285, 189, 'Анталья');
REPLACE INTO region(id, country_id, name) values (1286, 189, 'Артвин');
REPLACE INTO region(id, country_id, name) values (1287, 189, 'Афьон');
REPLACE INTO region(id, country_id, name) values (1288, 189, 'Балыкесир');
REPLACE INTO region(id, country_id, name) values (1289, 189, 'Биледжик');
REPLACE INTO region(id, country_id, name) values (1290, 189, 'Бурса');
REPLACE INTO region(id, country_id, name) values (1291, 189, 'Газиантеп');
REPLACE INTO region(id, country_id, name) values (1292, 189, 'Денизли');
REPLACE INTO region(id, country_id, name) values (1293, 189, 'Измир');
REPLACE INTO region(id, country_id, name) values (1294, 189, 'Испарта');
REPLACE INTO region(id, country_id, name) values (1295, 189, 'Ичель');
REPLACE INTO region(id, country_id, name) values (1296, 189, 'Кайсери');
REPLACE INTO region(id, country_id, name) values (1297, 189, 'Карс');
REPLACE INTO region(id, country_id, name) values (1298, 189, 'Коджаэли');
REPLACE INTO region(id, country_id, name) values (1299, 189, 'Конья');
REPLACE INTO region(id, country_id, name) values (1300, 189, 'Кыркларели');
REPLACE INTO region(id, country_id, name) values (1301, 189, 'Кютахья');
REPLACE INTO region(id, country_id, name) values (1302, 189, 'Малатья');
REPLACE INTO region(id, country_id, name) values (1303, 189, 'Маниса');
REPLACE INTO region(id, country_id, name) values (1304, 189, 'Сакарья');
REPLACE INTO region(id, country_id, name) values (1305, 189, 'Самсун');
REPLACE INTO region(id, country_id, name) values (1306, 189, 'Сивас');
REPLACE INTO region(id, country_id, name) values (1307, 189, 'Стамбул');
REPLACE INTO region(id, country_id, name) values (1308, 189, 'Чорум');
REPLACE INTO region(id, country_id, name) values (1309, 189, 'Эдирне');
REPLACE INTO region(id, country_id, name) values (1310, 189, 'Элязыг');
REPLACE INTO region(id, country_id, name) values (1311, 189, 'Эрзинджан');
REPLACE INTO region(id, country_id, name) values (1312, 189, 'Эрзурум');
REPLACE INTO region(id, country_id, name) values (1313, 189, 'Эскишехир');
REPLACE INTO city(region_id, name) values (1079, 'Skieniewice');
REPLACE INTO city(region_id, name) values (1079, 'Sochaczew');
REPLACE INTO city(region_id, name) values (1158, 'Babadag');
REPLACE INTO city(region_id, name) values (1158, 'Isaccea');
REPLACE INTO city(region_id, name) values (1158, 'Macin');
REPLACE INTO city(region_id, name) values (1158, 'Sulina');
REPLACE INTO city(region_id, name) values (1158, 'Tulcea');
REPLACE INTO city(region_id, name) values (1199, 'Dover');
REPLACE INTO city(region_id, name) values (1199, 'Fort Sill');
REPLACE INTO city(region_id, name) values (1199, 'Jenks');
REPLACE INTO city(region_id, name) values (1199, 'Lawton');
REPLACE INTO city(region_id, name) values (1199, 'Norman');
REPLACE INTO city(region_id, name) values (1199, 'Oklahoma City');
REPLACE INTO city(region_id, name) values (1199, 'Stillwater');
REPLACE INTO city(region_id, name) values (1199, 'Tulsa');
REPLACE INTO city(region_id, name) values (1274, 'Байрам-Али');
REPLACE INTO city(region_id, name) values (1274, 'Иолотань');
REPLACE INTO city(region_id, name) values (1274, 'Мары');
REPLACE INTO city(region_id, name) values (1274, 'Сакар-Чага');
REPLACE INTO city(region_id, name) values (1274, 'Тахта-Базар');
REPLACE INTO city(region_id, name) values (1274, 'Туркмен-Кала');
REPLACE INTO city(region_id, name) values (1278, 'Бартын');
REPLACE INTO region(id, country_id, name) values (1314, 190, 'Jinja');
REPLACE INTO region(id, country_id, name) values (1315, 190, 'Kampala');
REPLACE INTO city(region_id, name) values (1080, 'Katowice');
REPLACE INTO city(region_id, name) values (1080, 'Kattowitz');
REPLACE INTO city(region_id, name) values (1080, 'Stalinogorod');
REPLACE INTO city(region_id, name) values (1159, 'Baile Govora');
REPLACE INTO city(region_id, name) values (1159, 'Baile Olanesti');
REPLACE INTO city(region_id, name) values (1159, 'Brezoi');
REPLACE INTO city(region_id, name) values (1159, 'Calimanesti-Caciulata');
REPLACE INTO city(region_id, name) values (1159, 'Dragasani');
REPLACE INTO city(region_id, name) values (1159, 'Horezu');
REPLACE INTO city(region_id, name) values (1159, 'Ocnele Mari');
REPLACE INTO city(region_id, name) values (1159, 'Rmnicu Vlcea');
REPLACE INTO city(region_id, name) values (1200, 'Albany');
REPLACE INTO city(region_id, name) values (1200, 'Beaverton');
REPLACE INTO city(region_id, name) values (1200, 'Bend');
REPLACE INTO city(region_id, name) values (1200, 'Clackamas');
REPLACE INTO city(region_id, name) values (1200, 'Corvallis');
REPLACE INTO city(region_id, name) values (1200, 'Dallas');
REPLACE INTO city(region_id, name) values (1200, 'Detroit');
REPLACE INTO city(region_id, name) values (1200, 'Estacada');
REPLACE INTO city(region_id, name) values (1200, 'Eugene');
REPLACE INTO city(region_id, name) values (1200, 'Gervais');
REPLACE INTO city(region_id, name) values (1200, 'Gresham');
REPLACE INTO city(region_id, name) values (1200, 'Hillsboro');
REPLACE INTO city(region_id, name) values (1200, 'Lake Oswego');
REPLACE INTO city(region_id, name) values (1200, 'Medford');
REPLACE INTO city(region_id, name) values (1200, 'Phoenix');
REPLACE INTO city(region_id, name) values (1200, 'Portland');
REPLACE INTO city(region_id, name) values (1200, 'Powell Butte');
REPLACE INTO city(region_id, name) values (1200, 'Salem');
REPLACE INTO city(region_id, name) values (1200, 'Stayton');
REPLACE INTO city(region_id, name) values (1200, 'Troutdale');
REPLACE INTO city(region_id, name) values (1200, 'Woodburn');
REPLACE INTO city(region_id, name) values (1275, 'Куня-Ургенч');
REPLACE INTO city(region_id, name) values (1275, 'Ташауз');
REPLACE INTO city(region_id, name) values (1279, 'Байбурт');
REPLACE INTO city(region_id, name) values (1314, 'Йиня');
REPLACE INTO region(id, country_id, name) values (1316, 191, 'Андижанская обл.');
REPLACE INTO region(id, country_id, name) values (1317, 191, 'Бухарская обл.');
REPLACE INTO region(id, country_id, name) values (1318, 191, 'Джизакская обл.');
REPLACE INTO region(id, country_id, name) values (1319, 191, 'Каракалпакия');
REPLACE INTO region(id, country_id, name) values (1320, 191, 'Кашкадарьинская обл.');
REPLACE INTO region(id, country_id, name) values (1321, 191, 'Навоийская обл.');
REPLACE INTO region(id, country_id, name) values (1322, 191, 'Наманганская обл.');
REPLACE INTO region(id, country_id, name) values (1323, 191, 'Самаркандская обл.');
REPLACE INTO region(id, country_id, name) values (1324, 191, 'Сурхандарьинская обл.');
REPLACE INTO region(id, country_id, name) values (1325, 191, 'Сырдарьинская обл.');
REPLACE INTO region(id, country_id, name) values (1326, 191, 'Ташкентская обл.');
REPLACE INTO region(id, country_id, name) values (1327, 191, 'Ферганская обл.');
REPLACE INTO region(id, country_id, name) values (1328, 191, 'Хорезмская обл.');
REPLACE INTO city(region_id, name) values (1081, 'Dobra');
REPLACE INTO city(region_id, name) values (1081, 'S‚upsk');
REPLACE INTO city(region_id, name) values (1081, 'Stolp in Pommern');
REPLACE INTO city(region_id, name) values (1160, 'Barlad');
REPLACE INTO city(region_id, name) values (1160, 'Husi');
REPLACE INTO city(region_id, name) values (1160, 'Negresti');
REPLACE INTO city(region_id, name) values (1160, 'Vaslui');
REPLACE INTO city(region_id, name) values (1201, 'Abington');
REPLACE INTO city(region_id, name) values (1201, 'Adamstown');
REPLACE INTO city(region_id, name) values (1201, 'Akron');
REPLACE INTO city(region_id, name) values (1201, 'Allentown');
REPLACE INTO city(region_id, name) values (1201, 'Apollo');
REPLACE INTO city(region_id, name) values (1201, 'Bensalem');
REPLACE INTO city(region_id, name) values (1201, 'Berlin');
REPLACE INTO city(region_id, name) values (1201, 'Bethlehem');
REPLACE INTO city(region_id, name) values (1201, 'Birdsboro');
REPLACE INTO city(region_id, name) values (1201, 'Bristol');
REPLACE INTO city(region_id, name) values (1201, 'Brooklyn');
REPLACE INTO city(region_id, name) values (1201, 'Brookville');
REPLACE INTO city(region_id, name) values (1201, 'Camp Hill');
REPLACE INTO city(region_id, name) values (1201, 'Catasauqua');
REPLACE INTO city(region_id, name) values (1201, 'Clarion');
REPLACE INTO city(region_id, name) values (1201, 'Clarks Summit');
REPLACE INTO city(region_id, name) values (1201, 'Coaldale');
REPLACE INTO city(region_id, name) values (1201, 'Cranberry Twp');
REPLACE INTO city(region_id, name) values (1201, 'Denver');
REPLACE INTO city(region_id, name) values (1201, 'Eagleville');
REPLACE INTO city(region_id, name) values (1201, 'East Earl');
REPLACE INTO city(region_id, name) values (1201, 'Easton');
REPLACE INTO city(region_id, name) values (1201, 'Enola');
REPLACE INTO city(region_id, name) values (1201, 'Erie');
REPLACE INTO city(region_id, name) values (1201, 'Exton');
REPLACE INTO city(region_id, name) values (1201, 'Feasterville Trevose');
REPLACE INTO city(region_id, name) values (1201, 'Franconia');
REPLACE INTO city(region_id, name) values (1201, 'Gettysburg');
REPLACE INTO city(region_id, name) values (1201, 'Girard');
REPLACE INTO city(region_id, name) values (1201, 'Gladwyne');
REPLACE INTO city(region_id, name) values (1201, 'Greensburg');
REPLACE INTO city(region_id, name) values (1201, 'Harrisburg');
REPLACE INTO city(region_id, name) values (1201, 'Hazleton');
REPLACE INTO city(region_id, name) values (1201, 'Hershey');
REPLACE INTO city(region_id, name) values (1201, 'Jamison');
REPLACE INTO city(region_id, name) values (1201, 'King Of Prussia');
REPLACE INTO city(region_id, name) values (1201, 'Lancaster');
REPLACE INTO city(region_id, name) values (1201, 'Langhorne');
REPLACE INTO city(region_id, name) values (1201, 'Lansdale');
REPLACE INTO city(region_id, name) values (1201, 'Levittown');
REPLACE INTO city(region_id, name) values (1201, 'Lewisburg');
REPLACE INTO city(region_id, name) values (1201, 'Lewistown');
REPLACE INTO city(region_id, name) values (1201, 'Lock Haven');
REPLACE INTO city(region_id, name) values (1201, 'Mexico');
REPLACE INTO city(region_id, name) values (1201, 'Monessen');
REPLACE INTO city(region_id, name) values (1201, 'Morrisville');
REPLACE INTO city(region_id, name) values (1201, 'Moscow');
REPLACE INTO city(region_id, name) values (1201, 'Mountain Top');
REPLACE INTO city(region_id, name) values (1201, 'New Hope');
REPLACE INTO city(region_id, name) values (1201, 'Newtown');
REPLACE INTO city(region_id, name) values (1201, 'Norristown');
REPLACE INTO city(region_id, name) values (1201, 'North East');
REPLACE INTO city(region_id, name) values (1201, 'Oxford');
REPLACE INTO city(region_id, name) values (1201, 'Philadelphia');
REPLACE INTO city(region_id, name) values (1201, 'Philipsburg');
REPLACE INTO city(region_id, name) values (1201, 'Pittsburgh');
REPLACE INTO city(region_id, name) values (1201, 'Reading');
REPLACE INTO city(region_id, name) values (1201, 'Richboro');
REPLACE INTO city(region_id, name) values (1201, 'Scranton');
REPLACE INTO city(region_id, name) values (1201, 'State College');
REPLACE INTO city(region_id, name) values (1201, 'Strasburg');
REPLACE INTO city(region_id, name) values (1201, 'Stroudsburg');
REPLACE INTO city(region_id, name) values (1201, 'Susquehanna');
REPLACE INTO city(region_id, name) values (1201, 'Tobyhanna');
REPLACE INTO city(region_id, name) values (1201, 'Towanda');
REPLACE INTO city(region_id, name) values (1201, 'Uniontown');
REPLACE INTO city(region_id, name) values (1201, 'Washington');
REPLACE INTO city(region_id, name) values (1201, 'Wilkes Barre');
REPLACE INTO city(region_id, name) values (1201, 'Willow Street');
REPLACE INTO city(region_id, name) values (1276, 'Аму-Дарья');
REPLACE INTO city(region_id, name) values (1276, 'Газ-Ачак');
REPLACE INTO city(region_id, name) values (1276, 'Гаурдак');
REPLACE INTO city(region_id, name) values (1276, 'Дейнау');
REPLACE INTO city(region_id, name) values (1276, 'Карабекаул');
REPLACE INTO city(region_id, name) values (1276, 'Керки');
REPLACE INTO city(region_id, name) values (1276, 'Мукры');
REPLACE INTO city(region_id, name) values (1276, 'Нефтезаводск');
REPLACE INTO city(region_id, name) values (1276, 'Сакар');
REPLACE INTO city(region_id, name) values (1276, 'Саят');
REPLACE INTO city(region_id, name) values (1276, 'Фараб');
REPLACE INTO city(region_id, name) values (1276, 'Халач');
REPLACE INTO city(region_id, name) values (1276, 'Чарджоу');
REPLACE INTO city(region_id, name) values (1276, 'Чаршанга');
REPLACE INTO city(region_id, name) values (1280, 'Карабук');
REPLACE INTO city(region_id, name) values (1315, 'Кампала');
REPLACE INTO city(region_id, name) values (1316, 'Алтынкуль');
REPLACE INTO city(region_id, name) values (1316, 'Андижан');
REPLACE INTO city(region_id, name) values (1316, 'Балыкчи');
REPLACE INTO city(region_id, name) values (1316, 'Ленинск');
REPLACE INTO city(region_id, name) values (1316, 'Мархамат');
REPLACE INTO city(region_id, name) values (1316, 'Советабад');
REPLACE INTO city(region_id, name) values (1316, 'Шахрихан');
REPLACE INTO region(id, country_id, name) values (1329, 192, 'Canelones');
REPLACE INTO region(id, country_id, name) values (1330, 192, 'Colonia');
REPLACE INTO region(id, country_id, name) values (1331, 192, 'Lavalleja');
REPLACE INTO region(id, country_id, name) values (1332, 192, 'Maldonado');
REPLACE INTO region(id, country_id, name) values (1333, 192, 'Montevideo');
REPLACE INTO region(id, country_id, name) values (1334, 192, 'Paysand');
REPLACE INTO region(id, country_id, name) values (1335, 192, 'Ro Negro');
REPLACE INTO region(id, country_id, name) values (1336, 192, 'Rivera');
REPLACE INTO region(id, country_id, name) values (1337, 192, 'Salto');
REPLACE INTO region(id, country_id, name) values (1338, 192, 'Tacuaremb');
REPLACE INTO region(id, country_id, name) values (1339, 192, 'Treinta y Tres');
REPLACE INTO city(region_id, name) values (1082, 'Augustw');
REPLACE INTO city(region_id, name) values (1082, 'Suvalkai');
REPLACE INTO city(region_id, name) values (1082, 'Suvalki');
REPLACE INTO city(region_id, name) values (1082, 'Wygryny');
REPLACE INTO city(region_id, name) values (1161, 'Adjud');
REPLACE INTO city(region_id, name) values (1161, 'Focsani');
REPLACE INTO city(region_id, name) values (1161, 'Marasesti');
REPLACE INTO city(region_id, name) values (1161, 'Odobesti');
REPLACE INTO city(region_id, name) values (1161, 'Panciu');
REPLACE INTO city(region_id, name) values (1281, 'Адана');
REPLACE INTO city(region_id, name) values (1317, 'Алат');
REPLACE INTO city(region_id, name) values (1317, 'Бухара');
REPLACE INTO city(region_id, name) values (1317, 'Вабкент');
REPLACE INTO city(region_id, name) values (1317, 'Газли');
REPLACE INTO city(region_id, name) values (1317, 'Галаасия');
REPLACE INTO city(region_id, name) values (1317, 'Гиждуван');
REPLACE INTO city(region_id, name) values (1317, 'Каган');
REPLACE INTO city(region_id, name) values (1317, 'Каракуль');
REPLACE INTO city(region_id, name) values (1317, 'Ромитан');
REPLACE INTO city(region_id, name) values (1329, 'Arenal');
REPLACE INTO city(region_id, name) values (1329, 'Canelones');
REPLACE INTO region(id, country_id, name) values (1340, 193, 'Торсхавн');
REPLACE INTO city(region_id, name) values (1083, 'Kielce');
REPLACE INTO city(region_id, name) values (1282, 'Айдын');
REPLACE INTO city(region_id, name) values (1318, 'Галляарал');
REPLACE INTO city(region_id, name) values (1318, 'Джизак');
REPLACE INTO city(region_id, name) values (1318, 'Заамин');
REPLACE INTO city(region_id, name) values (1318, 'Усмат');
REPLACE INTO city(region_id, name) values (1318, 'Янгикишлак');
REPLACE INTO city(region_id, name) values (1330, 'Pueblo de la Paz');
REPLACE INTO city(region_id, name) values (1340, 'Торсхавн');
REPLACE INTO region(id, country_id, name) values (1341, 194, 'Фиджи');
REPLACE INTO city(region_id, name) values (1084, 'Sandomierz');
REPLACE INTO city(region_id, name) values (1084, 'Stalowa Wola');
REPLACE INTO city(region_id, name) values (1084, 'Tarnobrzeg');
REPLACE INTO city(region_id, name) values (1283, 'Амасья');
REPLACE INTO city(region_id, name) values (1319, 'Кегейли');
REPLACE INTO city(region_id, name) values (1319, 'Кунград');
REPLACE INTO city(region_id, name) values (1319, 'Мангит');
REPLACE INTO city(region_id, name) values (1319, 'Муйнак');
REPLACE INTO city(region_id, name) values (1319, 'Нукус');
REPLACE INTO city(region_id, name) values (1319, 'Тахиаташ');
REPLACE INTO city(region_id, name) values (1319, 'Тахтакупыр');
REPLACE INTO city(region_id, name) values (1319, 'Турткуль');
REPLACE INTO city(region_id, name) values (1319, 'Ходжейли');
REPLACE INTO city(region_id, name) values (1319, 'Чимбай');
REPLACE INTO city(region_id, name) values (1319, 'Шуманай');
REPLACE INTO city(region_id, name) values (1331, 'Minas');
REPLACE INTO city(region_id, name) values (1341, 'Нукуалофа');
REPLACE INTO city(region_id, name) values (1341, 'Сува');
REPLACE INTO region(id, country_id, name) values (1342, 195, 'Филиппины');
REPLACE INTO city(region_id, name) values (1085, 'Brzesko');
REPLACE INTO city(region_id, name) values (1085, 'Debica');
REPLACE INTO city(region_id, name) values (1085, 'Tarnw');
REPLACE INTO city(region_id, name) values (1284, 'Анкара');
REPLACE INTO city(region_id, name) values (1320, 'Бешкент');
REPLACE INTO city(region_id, name) values (1320, 'Гузар');
REPLACE INTO city(region_id, name) values (1320, 'Камаши');
REPLACE INTO city(region_id, name) values (1320, 'Карши');
REPLACE INTO city(region_id, name) values (1320, 'Касан');
REPLACE INTO city(region_id, name) values (1320, 'Китаб');
REPLACE INTO city(region_id, name) values (1320, 'Шахрисабз');
REPLACE INTO city(region_id, name) values (1332, 'Maldonado');
REPLACE INTO city(region_id, name) values (1332, 'Punta del Este');
REPLACE INTO city(region_id, name) values (1342, 'Давао');
REPLACE INTO city(region_id, name) values (1342, 'Замбоанга');
REPLACE INTO city(region_id, name) values (1342, 'Илоило');
REPLACE INTO city(region_id, name) values (1342, 'Кессон-Сити');
REPLACE INTO city(region_id, name) values (1342, 'Легаспи');
REPLACE INTO city(region_id, name) values (1342, 'Манила');
REPLACE INTO city(region_id, name) values (1342, 'Себу');
REPLACE INTO region(id, country_id, name) values (1343, 196, '•land');
REPLACE INTO region(id, country_id, name) values (1344, 196, 'Eastern Finland');
REPLACE INTO region(id, country_id, name) values (1345, 196, 'Lapland');
REPLACE INTO region(id, country_id, name) values (1346, 196, 'None');
REPLACE INTO region(id, country_id, name) values (1347, 196, 'Oulu');
REPLACE INTO region(id, country_id, name) values (1348, 196, 'Southern Finland');
REPLACE INTO region(id, country_id, name) values (1349, 196, 'Western Finland');
REPLACE INTO city(region_id, name) values (1086, 'Grudziadz');
REPLACE INTO city(region_id, name) values (1086, 'Torun');
REPLACE INTO city(region_id, name) values (1086, 'Wabrzezno');
REPLACE INTO city(region_id, name) values (1285, 'Анталия');
REPLACE INTO city(region_id, name) values (1321, 'Зарафшан');
REPLACE INTO city(region_id, name) values (1321, 'Навои');
REPLACE INTO city(region_id, name) values (1321, 'Тамдыбулак');
REPLACE INTO city(region_id, name) values (1321, 'Учкудук');
REPLACE INTO city(region_id, name) values (1333, 'Balneario Chacarita');
REPLACE INTO city(region_id, name) values (1333, 'Buceo');
REPLACE INTO city(region_id, name) values (1333, 'Montevideo');
REPLACE INTO city(region_id, name) values (1333, 'Pocitos');
REPLACE INTO city(region_id, name) values (1333, 'Villa Muoz');
REPLACE INTO city(region_id, name) values (1343, 'kerlund');
REPLACE INTO city(region_id, name) values (1343, 'Bast');
REPLACE INTO city(region_id, name) values (1343, 'Bengtsble');
REPLACE INTO city(region_id, name) values (1343, 'Fgl');
REPLACE INTO city(region_id, name) values (1343, 'Godby');
REPLACE INTO city(region_id, name) values (1343, 'Jomala');
REPLACE INTO city(region_id, name) values (1343, 'Karleby');
REPLACE INTO city(region_id, name) values (1343, 'Karlgrd');
REPLACE INTO city(region_id, name) values (1343, 'Marianhamina');
REPLACE INTO city(region_id, name) values (1343, 'Mariehamn');
REPLACE INTO city(region_id, name) values (1343, 'Norrberg');
REPLACE INTO region(id, country_id, name) values (1350, 197, 'Ain');
REPLACE INTO region(id, country_id, name) values (1351, 197, 'Aisne');
REPLACE INTO region(id, country_id, name) values (1352, 197, 'Allier');
REPLACE INTO region(id, country_id, name) values (1353, 197, 'Alpes-de-Haute-Provence');
REPLACE INTO region(id, country_id, name) values (1354, 197, 'Alpes-Maritimes');
REPLACE INTO region(id, country_id, name) values (1355, 197, 'Ardche');
REPLACE INTO region(id, country_id, name) values (1356, 197, 'Ardennes');
REPLACE INTO region(id, country_id, name) values (1357, 197, 'Arige');
REPLACE INTO region(id, country_id, name) values (1358, 197, 'Aube');
REPLACE INTO region(id, country_id, name) values (1359, 197, 'Aude');
REPLACE INTO region(id, country_id, name) values (1360, 197, 'Aveyron');
REPLACE INTO region(id, country_id, name) values (1361, 197, 'Bas Rhin');
REPLACE INTO region(id, country_id, name) values (1362, 197, 'Bouches-du-Rhne');
REPLACE INTO region(id, country_id, name) values (1363, 197, 'Calvados');
REPLACE INTO region(id, country_id, name) values (1364, 197, 'Cantal');
REPLACE INTO region(id, country_id, name) values (1365, 197, 'Charente');
REPLACE INTO region(id, country_id, name) values (1366, 197, 'Charente Maritime');
REPLACE INTO region(id, country_id, name) values (1367, 197, 'Cher');
REPLACE INTO region(id, country_id, name) values (1368, 197, 'Corrze');
REPLACE INTO region(id, country_id, name) values (1369, 197, 'Corse');
REPLACE INTO region(id, country_id, name) values (1370, 197, 'Cte d''''Or');
REPLACE INTO region(id, country_id, name) values (1371, 197, 'Ctes d''''Armor');
REPLACE INTO region(id, country_id, name) values (1372, 197, 'Creuse');
REPLACE INTO region(id, country_id, name) values (1373, 197, 'Deux-Svres');
REPLACE INTO region(id, country_id, name) values (1374, 197, 'Dordogne');
REPLACE INTO region(id, country_id, name) values (1375, 197, 'Doubs');
REPLACE INTO region(id, country_id, name) values (1376, 197, 'Drme');
REPLACE INTO region(id, country_id, name) values (1377, 197, 'Essone');
REPLACE INTO region(id, country_id, name) values (1378, 197, 'Eure');
REPLACE INTO region(id, country_id, name) values (1379, 197, 'Eure-et-Loire');
REPLACE INTO region(id, country_id, name) values (1380, 197, 'Finistre');
REPLACE INTO region(id, country_id, name) values (1381, 197, 'Gard');
REPLACE INTO region(id, country_id, name) values (1382, 197, 'Gers');
REPLACE INTO region(id, country_id, name) values (1383, 197, 'Gironde');
REPLACE INTO region(id, country_id, name) values (1384, 197, 'Haut Rhin');
REPLACE INTO region(id, country_id, name) values (1385, 197, 'Haute-Garonne');
REPLACE INTO region(id, country_id, name) values (1386, 197, 'Haute-Loire');
REPLACE INTO region(id, country_id, name) values (1387, 197, 'Haute-Marne');
REPLACE INTO region(id, country_id, name) values (1388, 197, 'Haute-Sane');
REPLACE INTO region(id, country_id, name) values (1389, 197, 'Haute-Savoie');
REPLACE INTO region(id, country_id, name) values (1390, 197, 'Haute-Vienne');
REPLACE INTO region(id, country_id, name) values (1391, 197, 'Hautes-Alpes');
REPLACE INTO region(id, country_id, name) values (1392, 197, 'Hautes-Pyrnes');
REPLACE INTO region(id, country_id, name) values (1393, 197, 'Hauts-de-Seine');
REPLACE INTO region(id, country_id, name) values (1394, 197, 'Hrault');
REPLACE INTO region(id, country_id, name) values (1395, 197, 'Ille et Vilaine');
REPLACE INTO region(id, country_id, name) values (1396, 197, 'Indre');
REPLACE INTO region(id, country_id, name) values (1397, 197, 'Indre-et-Loire');
REPLACE INTO region(id, country_id, name) values (1398, 197, 'Isre');
REPLACE INTO region(id, country_id, name) values (1399, 197, 'Jura');
REPLACE INTO region(id, country_id, name) values (1400, 197, 'Landes');
REPLACE INTO region(id, country_id, name) values (1401, 197, 'Loir-et-Cher');
REPLACE INTO region(id, country_id, name) values (1402, 197, 'Loire');
REPLACE INTO region(id, country_id, name) values (1403, 197, 'Loire Atlantique');
REPLACE INTO region(id, country_id, name) values (1404, 197, 'Loiret');
REPLACE INTO region(id, country_id, name) values (1405, 197, 'Lot');
REPLACE INTO region(id, country_id, name) values (1406, 197, 'Lot-et-Garonne');
REPLACE INTO region(id, country_id, name) values (1407, 197, 'Lozre');
REPLACE INTO region(id, country_id, name) values (1408, 197, 'Maine et Loire');
REPLACE INTO region(id, country_id, name) values (1409, 197, 'Manche');
REPLACE INTO region(id, country_id, name) values (1410, 197, 'Marne');
REPLACE INTO region(id, country_id, name) values (1411, 197, 'Mayenne');
REPLACE INTO region(id, country_id, name) values (1412, 197, 'Meurthe-et-Moselle');
REPLACE INTO region(id, country_id, name) values (1413, 197, 'Meuse');
REPLACE INTO region(id, country_id, name) values (1414, 197, 'Morbihan');
REPLACE INTO region(id, country_id, name) values (1415, 197, 'Moselle');
REPLACE INTO region(id, country_id, name) values (1416, 197, 'Nord');
REPLACE INTO region(id, country_id, name) values (1417, 197, 'Oise');
REPLACE INTO region(id, country_id, name) values (1418, 197, 'Orne');
REPLACE INTO region(id, country_id, name) values (1419, 197, 'Paris');
REPLACE INTO region(id, country_id, name) values (1420, 197, 'Pas-de-Calais');
REPLACE INTO region(id, country_id, name) values (1421, 197, 'Puy-de-Dme');
REPLACE INTO region(id, country_id, name) values (1422, 197, 'Pyrnes-Atlantiques');
REPLACE INTO region(id, country_id, name) values (1423, 197, 'Pyrnes-Orientales');
REPLACE INTO region(id, country_id, name) values (1424, 197, 'Rhne');
REPLACE INTO region(id, country_id, name) values (1425, 197, 'Sane et Loire');
REPLACE INTO region(id, country_id, name) values (1426, 197, 'Savoie');
REPLACE INTO region(id, country_id, name) values (1427, 197, 'Seine-et-Marne');
REPLACE INTO region(id, country_id, name) values (1428, 197, 'Seine-Maritime');
REPLACE INTO region(id, country_id, name) values (1429, 197, 'Seine-Saint-Denis');
REPLACE INTO region(id, country_id, name) values (1430, 197, 'Somme');
REPLACE INTO region(id, country_id, name) values (1431, 197, 'Tarn');
REPLACE INTO region(id, country_id, name) values (1432, 197, 'Tarn-et-Garonne');
REPLACE INTO region(id, country_id, name) values (1433, 197, 'Territoire de Belfort');
REPLACE INTO region(id, country_id, name) values (1434, 197, 'Val-d''''Oise');
REPLACE INTO region(id, country_id, name) values (1435, 197, 'Val-de-Marne');
REPLACE INTO region(id, country_id, name) values (1436, 197, 'Var');
REPLACE INTO region(id, country_id, name) values (1437, 197, 'Vaucluse');
REPLACE INTO region(id, country_id, name) values (1438, 197, 'Vende');
REPLACE INTO region(id, country_id, name) values (1439, 197, 'Vienne');
REPLACE INTO region(id, country_id, name) values (1440, 197, 'Vosges');
REPLACE INTO region(id, country_id, name) values (1441, 197, 'Yonne');
REPLACE INTO region(id, country_id, name) values (1442, 197, 'Yvelines');
REPLACE INTO city(region_id, name) values (1087, 'Szczawno-Zdrj');
REPLACE INTO city(region_id, name) values (1286, 'Артвин');
REPLACE INTO city(region_id, name) values (1322, 'Касансай');
REPLACE INTO city(region_id, name) values (1322, 'Наманган');
REPLACE INTO city(region_id, name) values (1322, 'Пап');
REPLACE INTO city(region_id, name) values (1322, 'Учкурган');
REPLACE INTO city(region_id, name) values (1322, 'Чартак');
REPLACE INTO city(region_id, name) values (1322, 'Чуст');
REPLACE INTO city(region_id, name) values (1322, 'Янгикурган');
REPLACE INTO city(region_id, name) values (1334, 'Poblado del Borracho');
REPLACE INTO city(region_id, name) values (1344, 'Ahvenlahti');
REPLACE INTO city(region_id, name) values (1344, 'Aatola');
REPLACE INTO city(region_id, name) values (1344, 'Ahmovaara');
REPLACE INTO city(region_id, name) values (1344, 'Ahola');
REPLACE INTO city(region_id, name) values (1344, 'Airaksela');
REPLACE INTO city(region_id, name) values (1344, 'Egyptinkorpi');
REPLACE INTO city(region_id, name) values (1344, 'Haso');
REPLACE INTO city(region_id, name) values (1344, 'Heiniemi');
REPLACE INTO city(region_id, name) values (1344, 'Hernejrvi');
REPLACE INTO city(region_id, name) values (1344, 'Hieru');
REPLACE INTO city(region_id, name) values (1344, 'Iisalmi');
REPLACE INTO city(region_id, name) values (1344, 'Isal''''mi');
REPLACE INTO city(region_id, name) values (1344, 'Isomki');
REPLACE INTO city(region_id, name) values (1344, 'Joensuu');
REPLACE INTO city(region_id, name) values (1344, 'Joroinen');
REPLACE INTO city(region_id, name) values (1344, 'Juankoski');
REPLACE INTO city(region_id, name) values (1344, 'Juva');
REPLACE INTO city(region_id, name) values (1344, 'Kaavi');
REPLACE INTO city(region_id, name) values (1344, 'Kalamki');
REPLACE INTO city(region_id, name) values (1344, 'Kitee');
REPLACE INTO city(region_id, name) values (1344, 'Kokkola');
REPLACE INTO city(region_id, name) values (1344, 'Kontioranta');
REPLACE INTO city(region_id, name) values (1344, 'Kuomiokoski');
REPLACE INTO city(region_id, name) values (1344, 'Kuopio');
REPLACE INTO city(region_id, name) values (1344, 'Leppvirta');
REPLACE INTO city(region_id, name) values (1344, 'Lieksa');
REPLACE INTO city(region_id, name) values (1344, 'Mikkeli');
REPLACE INTO city(region_id, name) values (1344, 'Mikkelin Maalaiskunta');
REPLACE INTO city(region_id, name) values (1344, 'Nilsi');
REPLACE INTO city(region_id, name) values (1344, 'Noljakka');
REPLACE INTO city(region_id, name) values (1344, 'Nurmes');
REPLACE INTO city(region_id, name) values (1344, 'Nurmijrvi');
REPLACE INTO city(region_id, name) values (1344, 'Outokumpu');
REPLACE INTO city(region_id, name) values (1344, 'Pieksmki');
REPLACE INTO city(region_id, name) values (1344, 'Punkaharju');
REPLACE INTO city(region_id, name) values (1344, 'Puumala');
REPLACE INTO city(region_id, name) values (1344, 'Pyhjrvi');
REPLACE INTO city(region_id, name) values (1344, 'Salo');
REPLACE INTO city(region_id, name) values (1344, 'Savonlinna');
REPLACE INTO city(region_id, name) values (1344, 'Siilinjrvi');
REPLACE INTO city(region_id, name) values (1344, 'Suonenjoki');
REPLACE INTO city(region_id, name) values (1344, 'Tohmajrvi');
REPLACE INTO city(region_id, name) values (1344, 'Tusku');
REPLACE INTO city(region_id, name) values (1344, 'Varkaus');
REPLACE INTO city(region_id, name) values (1344, 'Vehmersalmi');
REPLACE INTO city(region_id, name) values (1344, 'Viitasaari');
REPLACE INTO city(region_id, name) values (1350, 'Amareins');
REPLACE INTO city(region_id, name) values (1350, 'Argis');
REPLACE INTO city(region_id, name) values (1350, 'Bg-la-Ville');
REPLACE INTO city(region_id, name) values (1350, 'Bourg-en-Bresse');
REPLACE INTO city(region_id, name) values (1350, 'Bouvent');
REPLACE INTO city(region_id, name) values (1350, 'Cessy');
REPLACE INTO city(region_id, name) values (1350, 'Confort');
REPLACE INTO city(region_id, name) values (1350, 'Divonne-les-Bains');
REPLACE INTO city(region_id, name) values (1350, 'Ferney-Voltaire');
REPLACE INTO city(region_id, name) values (1350, 'Montceaux');
REPLACE INTO city(region_id, name) values (1350, 'Pron');
REPLACE INTO city(region_id, name) values (1350, 'Port');
REPLACE INTO city(region_id, name) values (1350, 'Saint-Nizier-le-Bouchoux');
REPLACE INTO city(region_id, name) values (1350, 'Saint-Vulbas');
REPLACE INTO city(region_id, name) values (1350, 'Vesancy');
REPLACE INTO city(region_id, name) values (1350, 'Vonnas');
REPLACE INTO region(id, country_id, name) values (1443, 198, 'Caennes');
REPLACE INTO city(region_id, name) values (1088, 'Olsztyn');
REPLACE INTO city(region_id, name) values (1287, 'Афьон');
REPLACE INTO city(region_id, name) values (1323, 'Акташ');
REPLACE INTO city(region_id, name) values (1323, 'Зиадин');
REPLACE INTO city(region_id, name) values (1323, 'Ингичка');
REPLACE INTO city(region_id, name) values (1323, 'Каттакурган');
REPLACE INTO city(region_id, name) values (1323, 'Красногвардейск');
REPLACE INTO city(region_id, name) values (1323, 'Самарканд');
REPLACE INTO city(region_id, name) values (1323, 'Ургут');
REPLACE INTO city(region_id, name) values (1335, 'Sauce');
REPLACE INTO city(region_id, name) values (1345, 'Aanaar');
REPLACE INTO city(region_id, name) values (1345, 'Aatsinki');
REPLACE INTO city(region_id, name) values (1345, 'Ahola');
REPLACE INTO city(region_id, name) values (1345, 'Akanlahti');
REPLACE INTO city(region_id, name) values (1345, 'Alanampa');
REPLACE INTO city(region_id, name) values (1345, 'Arvola');
REPLACE INTO city(region_id, name) values (1345, 'Haara');
REPLACE INTO city(region_id, name) values (1345, 'Hepola');
REPLACE INTO city(region_id, name) values (1345, 'Hoikkaniemi');
REPLACE INTO city(region_id, name) values (1345, 'Inari');
REPLACE INTO city(region_id, name) values (1345, 'Ivalo');
REPLACE INTO city(region_id, name) values (1345, 'Kainuu');
REPLACE INTO city(region_id, name) values (1345, 'Kemi');
REPLACE INTO city(region_id, name) values (1345, 'Kemijrvi');
REPLACE INTO city(region_id, name) values (1345, 'Keminmaa');
REPLACE INTO city(region_id, name) values (1345, 'Ketola');
REPLACE INTO city(region_id, name) values (1345, 'Kittil');
REPLACE INTO city(region_id, name) values (1345, 'Koivu');
REPLACE INTO city(region_id, name) values (1345, 'Kolari');
REPLACE INTO city(region_id, name) values (1345, 'Kngs');
REPLACE INTO city(region_id, name) values (1345, 'Lappea');
REPLACE INTO city(region_id, name) values (1345, 'Pello');
REPLACE INTO city(region_id, name) values (1345, 'Rovala');
REPLACE INTO city(region_id, name) values (1345, 'Rovaniemi');
REPLACE INTO city(region_id, name) values (1345, 'Rovanieni');
REPLACE INTO city(region_id, name) values (1345, 'Runkaus');
REPLACE INTO city(region_id, name) values (1345, 'Tervola');
REPLACE INTO city(region_id, name) values (1345, 'Tohmo');
REPLACE INTO city(region_id, name) values (1345, 'Tornio');
REPLACE INTO city(region_id, name) values (1345, 'Turska');
REPLACE INTO city(region_id, name) values (1351, 'Achery');
REPLACE INTO city(region_id, name) values (1351, 'Acy');
REPLACE INTO city(region_id, name) values (1351, 'Hirson');
REPLACE INTO city(region_id, name) values (1351, 'Saint-Quentin');
REPLACE INTO city(region_id, name) values (1351, 'Soissons');
REPLACE INTO city(region_id, name) values (1351, 'Soize');
REPLACE INTO city(region_id, name) values (1443, 'Cayenne');
REPLACE INTO city(region_id, name) values (1443, 'Kourou');
REPLACE INTO city(region_id, name) values (1443, 'Sinnamary');
REPLACE INTO region(id, country_id, name) values (1444, 199, 'Папеэте');
REPLACE INTO city(region_id, name) values (1089, 'Anin');
REPLACE INTO city(region_id, name) values (1089, 'Bielany');
REPLACE INTO city(region_id, name) values (1089, 'Bieliny');
REPLACE INTO city(region_id, name) values (1089, 'Dziekanow Lesny');
REPLACE INTO city(region_id, name) values (1089, 'Janczewice');
REPLACE INTO city(region_id, name) values (1089, 'Jankw Nowy');
REPLACE INTO city(region_id, name) values (1089, 'Legionowo');
REPLACE INTO city(region_id, name) values (1089, 'Ostrw');
REPLACE INTO city(region_id, name) values (1089, 'Ozarow Mazowiecki');
REPLACE INTO city(region_id, name) values (1089, 'Praga');
REPLACE INTO city(region_id, name) values (1089, 'Pruszkw');
REPLACE INTO city(region_id, name) values (1089, 'Radzymin');
REPLACE INTO city(region_id, name) values (1089, 'Varsavia');
REPLACE INTO city(region_id, name) values (1089, 'Varshava');
REPLACE INTO city(region_id, name) values (1089, 'Varsovie');
REPLACE INTO city(region_id, name) values (1089, 'Warsaw');
REPLACE INTO city(region_id, name) values (1089, 'Warschau');
REPLACE INTO city(region_id, name) values (1089, 'Warszawa');
REPLACE INTO city(region_id, name) values (1089, 'Warszwka');
REPLACE INTO city(region_id, name) values (1089, 'Wawer');
REPLACE INTO city(region_id, name) values (1089, 'Wawrzyszew Nowy');
REPLACE INTO city(region_id, name) values (1089, 'Wolominek');
REPLACE INTO city(region_id, name) values (1089, 'Zielona');
REPLACE INTO city(region_id, name) values (1089, 'Zoliborz');
REPLACE INTO city(region_id, name) values (1288, 'Балыкесир');
REPLACE INTO city(region_id, name) values (1324, 'Байсун');
REPLACE INTO city(region_id, name) values (1324, 'Денау');
REPLACE INTO city(region_id, name) values (1324, 'Карлук');
REPLACE INTO city(region_id, name) values (1324, 'Термез');
REPLACE INTO city(region_id, name) values (1324, 'Узун');
REPLACE INTO city(region_id, name) values (1324, 'Шерабад');
REPLACE INTO city(region_id, name) values (1324, 'Шурчи');
REPLACE INTO city(region_id, name) values (1336, 'Cortume');
REPLACE INTO city(region_id, name) values (1336, 'Los Potreros');
REPLACE INTO city(region_id, name) values (1336, 'Rivera');
REPLACE INTO city(region_id, name) values (1346, 'Hiukkamki');
REPLACE INTO city(region_id, name) values (1346, 'Kinola');
REPLACE INTO city(region_id, name) values (1346, 'Ruokojrvi');
REPLACE INTO city(region_id, name) values (1346, 'Vihavuoren Saha');
REPLACE INTO city(region_id, name) values (1352, 'Abrest');
REPLACE INTO city(region_id, name) values (1352, 'Bayet');
REPLACE INTO city(region_id, name) values (1352, 'Charmes');
REPLACE INTO city(region_id, name) values (1352, 'Montluon');
REPLACE INTO city(region_id, name) values (1352, 'Vichy');
REPLACE INTO city(region_id, name) values (1444, 'Папеэте');
REPLACE INTO region(id, country_id, name) values (1445, 200, 'Dubrovacko-Neretvanska');
REPLACE INTO region(id, country_id, name) values (1446, 200, 'Grad Zagreb');
REPLACE INTO region(id, country_id, name) values (1447, 200, 'Istarska');
REPLACE INTO region(id, country_id, name) values (1448, 200, 'Karlovacka');
REPLACE INTO region(id, country_id, name) values (1449, 200, 'Medimurska');
REPLACE INTO region(id, country_id, name) values (1450, 200, 'None');
REPLACE INTO region(id, country_id, name) values (1451, 200, 'Primorsko-Goranska');
REPLACE INTO region(id, country_id, name) values (1452, 200, 'Sibensko-Kninska');
REPLACE INTO region(id, country_id, name) values (1453, 200, 'Sisacko-Moslavacka');
REPLACE INTO region(id, country_id, name) values (1454, 200, 'Splitsko-Dalmatinska');
REPLACE INTO region(id, country_id, name) values (1455, 200, 'Varazdinska');
REPLACE INTO region(id, country_id, name) values (1456, 200, 'Zagrebacka');
REPLACE INTO city(region_id, name) values (1090, 'Posen');
REPLACE INTO city(region_id, name) values (1090, 'Poznan');
REPLACE INTO city(region_id, name) values (1289, 'Биледжик');
REPLACE INTO city(region_id, name) values (1325, 'Бахт');
REPLACE INTO city(region_id, name) values (1325, 'Гулистан');
REPLACE INTO city(region_id, name) values (1325, 'Димитровское');
REPLACE INTO city(region_id, name) values (1325, 'Крестьянский');
REPLACE INTO city(region_id, name) values (1325, 'Сырдарья');
REPLACE INTO city(region_id, name) values (1325, 'Сырьдарья');
REPLACE INTO city(region_id, name) values (1325, 'Хаваст');
REPLACE INTO city(region_id, name) values (1325, 'Ширин');
REPLACE INTO city(region_id, name) values (1325, 'Янгиер');
REPLACE INTO city(region_id, name) values (1337, 'Salto');
REPLACE INTO city(region_id, name) values (1347, 'Aaita');
REPLACE INTO city(region_id, name) values (1347, 'Ahenp');
REPLACE INTO city(region_id, name) values (1347, 'Aho');
REPLACE INTO city(region_id, name) values (1347, 'Aitta');
REPLACE INTO city(region_id, name) values (1347, 'Alajrvi');
REPLACE INTO city(region_id, name) values (1347, 'Auho');
REPLACE INTO city(region_id, name) values (1347, 'Haapajrvi');
REPLACE INTO city(region_id, name) values (1347, 'Haapavesi');
REPLACE INTO city(region_id, name) values (1347, 'Haukipudas');
REPLACE INTO city(region_id, name) values (1347, 'Hyrynsaimi');
REPLACE INTO city(region_id, name) values (1347, 'Jrvenp');
REPLACE INTO city(region_id, name) values (1347, 'Kajaani');
REPLACE INTO city(region_id, name) values (1347, 'Kalajoki');
REPLACE INTO city(region_id, name) values (1347, 'Kankaanp');
REPLACE INTO city(region_id, name) values (1347, 'Kempele');
REPLACE INTO city(region_id, name) values (1347, 'Kestil');
REPLACE INTO city(region_id, name) values (1347, 'Kuhmo');
REPLACE INTO city(region_id, name) values (1347, 'Kurki');
REPLACE INTO city(region_id, name) values (1347, 'Kuusamo');
REPLACE INTO city(region_id, name) values (1347, 'Muhos');
REPLACE INTO city(region_id, name) values (1347, 'Nivala');
REPLACE INTO city(region_id, name) values (1347, 'Oulainen');
REPLACE INTO city(region_id, name) values (1347, 'Oulu');
REPLACE INTO city(region_id, name) values (1347, 'Paltamo');
REPLACE INTO city(region_id, name) values (1347, 'Puolivlinkangas');
REPLACE INTO city(region_id, name) values (1347, 'Pyhsalmi');
REPLACE INTO city(region_id, name) values (1347, 'Raahe');
REPLACE INTO city(region_id, name) values (1347, 'Sievi');
REPLACE INTO city(region_id, name) values (1347, 'Somero');
REPLACE INTO city(region_id, name) values (1347, 'Sotkamo');
REPLACE INTO city(region_id, name) values (1347, 'Suomusal''''mi');
REPLACE INTO city(region_id, name) values (1347, 'Suomussalmi');
REPLACE INTO city(region_id, name) values (1347, 'Taipalo');
REPLACE INTO city(region_id, name) values (1347, 'Utajrvi');
REPLACE INTO city(region_id, name) values (1347, 'Vaala');
REPLACE INTO city(region_id, name) values (1347, 'Vesa');
REPLACE INTO city(region_id, name) values (1347, 'Vuokatti');
REPLACE INTO city(region_id, name) values (1347, 'Ylivieska');
REPLACE INTO city(region_id, name) values (1353, 'Argens');
REPLACE INTO city(region_id, name) values (1353, 'Banon');
REPLACE INTO city(region_id, name) values (1353, 'Mlan');
REPLACE INTO city(region_id, name) values (1353, 'Saint-Andr-les-Alpes');
REPLACE INTO city(region_id, name) values (1445, 'Dubrovnik');
REPLACE INTO region(id, country_id, name) values (1457, 201, 'Чад');
REPLACE INTO city(region_id, name) values (1091, 'Rypin');
REPLACE INTO city(region_id, name) values (1091, 'W‚oc‚awek');
REPLACE INTO city(region_id, name) values (1290, 'Бурса');
REPLACE INTO city(region_id, name) values (1326, 'Алимкент');
REPLACE INTO city(region_id, name) values (1326, 'Алмазар');
REPLACE INTO city(region_id, name) values (1326, 'Алмалык');
REPLACE INTO city(region_id, name) values (1326, 'Ангрен');
REPLACE INTO city(region_id, name) values (1326, 'Ахангаран');
REPLACE INTO city(region_id, name) values (1326, 'Бакабад');
REPLACE INTO city(region_id, name) values (1326, 'Бекабад');
REPLACE INTO city(region_id, name) values (1326, 'Бука');
REPLACE INTO city(region_id, name) values (1326, 'Газалкент');
REPLACE INTO city(region_id, name) values (1326, 'Искандар');
REPLACE INTO city(region_id, name) values (1326, 'Келес');
REPLACE INTO city(region_id, name) values (1326, 'Паркент');
REPLACE INTO city(region_id, name) values (1326, 'Пскент');
REPLACE INTO city(region_id, name) values (1326, 'Сиджак');
REPLACE INTO city(region_id, name) values (1326, 'Солдатский');
REPLACE INTO city(region_id, name) values (1326, 'Ташкент');
REPLACE INTO city(region_id, name) values (1326, 'Тойтепа');
REPLACE INTO city(region_id, name) values (1326, 'Чиназ');
REPLACE INTO city(region_id, name) values (1326, 'Чирчик');
REPLACE INTO city(region_id, name) values (1326, 'Янгиабад');
REPLACE INTO city(region_id, name) values (1326, 'Янгибазар');
REPLACE INTO city(region_id, name) values (1326, 'Янгиюль');
REPLACE INTO city(region_id, name) values (1338, 'Tacuaremb');
REPLACE INTO city(region_id, name) values (1348, 'by');
REPLACE INTO city(region_id, name) values (1348, 'Ahjo');
REPLACE INTO city(region_id, name) values (1348, 'Ahola');
REPLACE INTO city(region_id, name) values (1348, 'Ala-Malmi');
REPLACE INTO city(region_id, name) values (1348, 'minnefors');
REPLACE INTO city(region_id, name) values (1348, 'Asikkala');
REPLACE INTO city(region_id, name) values (1348, 'Askola');
REPLACE INTO city(region_id, name) values (1348, 'Bengtsr');
REPLACE INTO city(region_id, name) values (1348, 'Borg');
REPLACE INTO city(region_id, name) values (1348, 'Box');
REPLACE INTO city(region_id, name) values (1348, 'Daj');
REPLACE INTO city(region_id, name) values (1348, 'Epoo');
REPLACE INTO city(region_id, name) values (1348, 'Esbo');
REPLACE INTO city(region_id, name) values (1348, 'Espoo');
REPLACE INTO city(region_id, name) values (1348, 'Forssa');
REPLACE INTO city(region_id, name) values (1348, 'Haaga');
REPLACE INTO city(region_id, name) values (1348, 'Hakunila');
REPLACE INTO city(region_id, name) values (1348, 'Hlsinge');
REPLACE INTO city(region_id, name) values (1348, 'Hmeenlinna');
REPLACE INTO city(region_id, name) values (1348, 'Hamina');
REPLACE INTO city(region_id, name) values (1348, 'Hanko');
REPLACE INTO city(region_id, name) values (1348, 'Hanski');
REPLACE INTO city(region_id, name) values (1348, 'Hauho');
REPLACE INTO city(region_id, name) values (1348, 'Heimala');
REPLACE INTO city(region_id, name) values (1348, 'Heinola');
REPLACE INTO city(region_id, name) values (1348, 'Helsinge');
REPLACE INTO city(region_id, name) values (1348, 'Helsingfors');
REPLACE INTO city(region_id, name) values (1348, 'Helsinki');
REPLACE INTO city(region_id, name) values (1348, 'Hyvinge');
REPLACE INTO city(region_id, name) values (1348, 'Hyvink');
REPLACE INTO city(region_id, name) values (1348, 'Imatra');
REPLACE INTO city(region_id, name) values (1348, 'Ing');
REPLACE INTO city(region_id, name) values (1348, 'Janakkala');
REPLACE INTO city(region_id, name) values (1348, 'Jrvenp');
REPLACE INTO city(region_id, name) values (1348, 'Joensuu');
REPLACE INTO city(region_id, name) values (1348, 'Joutseno');
REPLACE INTO city(region_id, name) values (1348, 'Kaipiainen');
REPLACE INTO city(region_id, name) values (1348, 'Karjaa');
REPLACE INTO city(region_id, name) values (1348, 'Kerava');
REPLACE INTO city(region_id, name) values (1348, 'Kirkkonummi');
REPLACE INTO city(region_id, name) values (1348, 'Klaukkala');
REPLACE INTO city(region_id, name) values (1348, 'Kontro');
REPLACE INTO city(region_id, name) values (1348, 'Kotimki');
REPLACE INTO city(region_id, name) values (1348, 'Kotka');
REPLACE INTO city(region_id, name) values (1348, 'Kourula');
REPLACE INTO city(region_id, name) values (1348, 'Kouvola');
REPLACE INTO city(region_id, name) values (1348, 'Kouvola-Tornionmki');
REPLACE INTO city(region_id, name) values (1348, 'Kuopiola');
REPLACE INTO city(region_id, name) values (1348, 'Kuusankoski');
REPLACE INTO city(region_id, name) values (1348, 'Kymin Tehtaat');
REPLACE INTO city(region_id, name) values (1348, 'Lahti');
REPLACE INTO city(region_id, name) values (1348, 'Lappeenranta');
REPLACE INTO city(region_id, name) values (1348, 'Lappenranta');
REPLACE INTO city(region_id, name) values (1348, 'Liljendal');
REPLACE INTO city(region_id, name) values (1348, 'Lohja');
REPLACE INTO city(region_id, name) values (1348, 'Loviisa');
REPLACE INTO city(region_id, name) values (1348, 'Lovisa');
REPLACE INTO city(region_id, name) values (1348, 'Malmi');
REPLACE INTO city(region_id, name) values (1348, 'Miehikkl');
REPLACE INTO city(region_id, name) values (1348, 'Nummela');
REPLACE INTO city(region_id, name) values (1348, 'Nurmijrvi');
REPLACE INTO city(region_id, name) values (1348, 'Oulunkyl');
REPLACE INTO city(region_id, name) values (1348, 'Parikkala');
REPLACE INTO city(region_id, name) values (1348, 'Porvo');
REPLACE INTO city(region_id, name) values (1348, 'Porvoo');
REPLACE INTO city(region_id, name) values (1348, 'Pukkila');
REPLACE INTO city(region_id, name) values (1348, 'Pyhjrvi');
REPLACE INTO city(region_id, name) values (1348, 'Riihimki');
REPLACE INTO city(region_id, name) values (1348, 'Salo');
REPLACE INTO city(region_id, name) values (1348, 'Simpele');
REPLACE INTO city(region_id, name) values (1348, 'Siuntio');
REPLACE INTO city(region_id, name) values (1348, 'Storkrr');
REPLACE INTO city(region_id, name) values (1348, 'Tammisaari');
REPLACE INTO city(region_id, name) values (1348, 'Tapiola');
REPLACE INTO city(region_id, name) values (1348, 'Tavastehus');
REPLACE INTO city(region_id, name) values (1348, 'Tenhola');
REPLACE INTO city(region_id, name) values (1348, 'Turkia');
REPLACE INTO city(region_id, name) values (1348, 'Uusimaa');
REPLACE INTO city(region_id, name) values (1348, 'Vainikkala');
REPLACE INTO city(region_id, name) values (1348, 'Vanda');
REPLACE INTO city(region_id, name) values (1348, 'Vantaa');
REPLACE INTO city(region_id, name) values (1348, 'Yelsinki');
REPLACE INTO city(region_id, name) values (1354, 'Aiglun');
REPLACE INTO city(region_id, name) values (1354, 'Antibes');
REPLACE INTO city(region_id, name) values (1354, 'Auribeau-sur-Siagne');
REPLACE INTO city(region_id, name) values (1354, 'Auvare');
REPLACE INTO city(region_id, name) values (1354, 'Beaulieu-sur-Mer');
REPLACE INTO city(region_id, name) values (1354, 'Beausoleil');
REPLACE INTO city(region_id, name) values (1354, 'Belvdre');
REPLACE INTO city(region_id, name) values (1354, 'Biot');
REPLACE INTO city(region_id, name) values (1354, 'Cannes');
REPLACE INTO city(region_id, name) values (1354, 'Cap-d''''Ail');
REPLACE INTO city(region_id, name) values (1354, 'Juan-les-Pins');
REPLACE INTO city(region_id, name) values (1354, 'La Tour');
REPLACE INTO city(region_id, name) values (1354, 'Mandelieu-la-Napoule');
REPLACE INTO city(region_id, name) values (1354, 'Menton');
REPLACE INTO city(region_id, name) values (1354, 'Mougins');
REPLACE INTO city(region_id, name) values (1354, 'Nice');
REPLACE INTO city(region_id, name) values (1354, 'Saint-Jean-Cap-Ferrat');
REPLACE INTO city(region_id, name) values (1354, 'Valbonne');
REPLACE INTO city(region_id, name) values (1354, 'Villeneuve-Loubet');
REPLACE INTO city(region_id, name) values (1446, 'Adamovec');
REPLACE INTO city(region_id, name) values (1446, 'Dubrava');
REPLACE INTO city(region_id, name) values (1446, 'Sesvete');
REPLACE INTO city(region_id, name) values (1446, 'Zabreg');
REPLACE INTO city(region_id, name) values (1446, 'Zagrabia');
REPLACE INTO city(region_id, name) values (1446, 'Zagreb');
REPLACE INTO city(region_id, name) values (1457, 'Абеше');
REPLACE INTO city(region_id, name) values (1457, 'Ларжо');
REPLACE INTO city(region_id, name) values (1457, 'Нджамена');
REPLACE INTO region(id, country_id, name) values (1458, 202, 'Черногория');
REPLACE INTO city(region_id, name) values (1092, 'Baki');
REPLACE INTO city(region_id, name) values (1092, 'Brzykw');
REPLACE INTO city(region_id, name) values (1092, 'Bukownica');
REPLACE INTO city(region_id, name) values (1092, 'Krzyki');
REPLACE INTO city(region_id, name) values (1092, 'Olesnica');
REPLACE INTO city(region_id, name) values (1092, 'Srodmiescie');
REPLACE INTO city(region_id, name) values (1092, 'Swidnica Polska');
REPLACE INTO city(region_id, name) values (1092, 'Wo‚ow');
REPLACE INTO city(region_id, name) values (1092, 'Wroc‚aw Bartoszewice');
REPLACE INTO city(region_id, name) values (1092, 'Wroc‚aw Pracze');
REPLACE INTO city(region_id, name) values (1092, 'Wroc‚aw Strachowice');
REPLACE INTO city(region_id, name) values (1092, 'Wroc‚aw-Gadow Ma‚y');
REPLACE INTO city(region_id, name) values (1092, 'Wroc‚aw-Kar‚owice');
REPLACE INTO city(region_id, name) values (1092, 'Wroc‚aw-Osobowice');
REPLACE INTO city(region_id, name) values (1092, 'Wroc‚aw-Psie Pole');
REPLACE INTO city(region_id, name) values (1291, 'Газиантеп');
REPLACE INTO city(region_id, name) values (1327, 'Алтыарык');
REPLACE INTO city(region_id, name) values (1327, 'Бешарык');
REPLACE INTO city(region_id, name) values (1327, 'Вуадиль');
REPLACE INTO city(region_id, name) values (1327, 'Дангара');
REPLACE INTO city(region_id, name) values (1327, 'Коканд');
REPLACE INTO city(region_id, name) values (1327, 'Кува');
REPLACE INTO city(region_id, name) values (1327, 'Кувасай');
REPLACE INTO city(region_id, name) values (1327, 'Маргилан');
REPLACE INTO city(region_id, name) values (1327, 'Учкуприк');
REPLACE INTO city(region_id, name) values (1327, 'Фергана');
REPLACE INTO city(region_id, name) values (1327, 'Яйпан');
REPLACE INTO city(region_id, name) values (1339, 'Arrozal Treinta y Tres');
REPLACE INTO city(region_id, name) values (1339, 'Paso de Piriz');
REPLACE INTO city(region_id, name) values (1349, 'nekoski');
REPLACE INTO city(region_id, name) values (1349, 'Aarlahti');
REPLACE INTO city(region_id, name) values (1349, 'Aartuka');
REPLACE INTO city(region_id, name) values (1349, 'Aasla');
REPLACE INTO city(region_id, name) values (1349, 'bo');
REPLACE INTO city(region_id, name) values (1349, 'Ahlholm');
REPLACE INTO city(region_id, name) values (1349, 'Aho');
REPLACE INTO city(region_id, name) values (1349, 'Aijala');
REPLACE INTO city(region_id, name) values (1349, 'Alajrvi');
REPLACE INTO city(region_id, name) values (1349, 'Alastaro');
REPLACE INTO city(region_id, name) values (1349, 'Brnd');
REPLACE INTO city(region_id, name) values (1349, 'Etel-Vartsala');
REPLACE INTO city(region_id, name) values (1349, 'Eura');
REPLACE INTO city(region_id, name) values (1349, 'Haapamki');
REPLACE INTO city(region_id, name) values (1349, 'Haapasalo');
REPLACE INTO city(region_id, name) values (1349, 'Halikko');
REPLACE INTO city(region_id, name) values (1349, 'Helsinge');
REPLACE INTO city(region_id, name) values (1349, 'Helsinki');
REPLACE INTO city(region_id, name) values (1349, 'Huittinen');
REPLACE INTO city(region_id, name) values (1349, 'Jakobstad');
REPLACE INTO city(region_id, name) values (1349, 'Jms');
REPLACE INTO city(region_id, name) values (1349, 'Jeppo');
REPLACE INTO city(region_id, name) values (1349, 'Joensuu');
REPLACE INTO city(region_id, name) values (1349, 'Jokela');
REPLACE INTO city(region_id, name) values (1349, 'Juva');
REPLACE INTO city(region_id, name) values (1349, 'Jyvskyl');
REPLACE INTO city(region_id, name) values (1349, 'Jyvskyln Maalaiskunta');
REPLACE INTO city(region_id, name) values (1349, 'Kaarina');
REPLACE INTO city(region_id, name) values (1349, 'Kangasala');
REPLACE INTO city(region_id, name) values (1349, 'Kangasniemi');
REPLACE INTO city(region_id, name) values (1349, 'Kankaanp');
REPLACE INTO city(region_id, name) values (1349, 'Kauhajoki');
REPLACE INTO city(region_id, name) values (1349, 'Kauhava');
REPLACE INTO city(region_id, name) values (1349, 'Kaustinen');
REPLACE INTO city(region_id, name) values (1349, 'Keuruu');
REPLACE INTO city(region_id, name) values (1349, 'Kokemki');
REPLACE INTO city(region_id, name) values (1349, 'Kokkola');
REPLACE INTO city(region_id, name) values (1349, 'Kotka');
REPLACE INTO city(region_id, name) values (1349, 'Kouvala');
REPLACE INTO city(region_id, name) values (1349, 'Kouvola');
REPLACE INTO city(region_id, name) values (1349, 'Kovalanmki');
REPLACE INTO city(region_id, name) values (1349, 'Kristinestad');
REPLACE INTO city(region_id, name) values (1349, 'Kurejoki');
REPLACE INTO city(region_id, name) values (1349, 'Kurikka');
REPLACE INTO city(region_id, name) values (1349, 'Laasala');
REPLACE INTO city(region_id, name) values (1349, 'Lahti');
REPLACE INTO city(region_id, name) values (1349, 'Lahtinen');
REPLACE INTO city(region_id, name) values (1349, 'Lappajrvi');
REPLACE INTO city(region_id, name) values (1349, 'Lapua');
REPLACE INTO city(region_id, name) values (1349, 'Laukaa');
REPLACE INTO city(region_id, name) values (1349, 'Laupunen');
REPLACE INTO city(region_id, name) values (1349, 'Lieto');
REPLACE INTO city(region_id, name) values (1349, 'Loimaa');
REPLACE INTO city(region_id, name) values (1349, 'Maunula');
REPLACE INTO city(region_id, name) values (1349, 'Merikarvia');
REPLACE INTO city(region_id, name) values (1349, 'Naantali');
REPLACE INTO city(region_id, name) values (1349, 'Nrpes');
REPLACE INTO city(region_id, name) values (1349, 'Nyukarlebyu');
REPLACE INTO city(region_id, name) values (1349, 'Parkano');
REPLACE INTO city(region_id, name) values (1349, 'Pietarsaari');
REPLACE INTO city(region_id, name) values (1349, 'Pitkjrvi');
REPLACE INTO city(region_id, name) values (1349, 'Pori');
REPLACE INTO city(region_id, name) values (1349, 'Raisio');
REPLACE INTO city(region_id, name) values (1349, 'Ramsi');
REPLACE INTO city(region_id, name) values (1349, 'Rauma');
REPLACE INTO city(region_id, name) values (1349, 'Redamo');
REPLACE INTO city(region_id, name) values (1349, 'Riihikoski');
REPLACE INTO city(region_id, name) values (1349, 'Riihimki');
REPLACE INTO city(region_id, name) values (1349, 'Salo');
REPLACE INTO city(region_id, name) values (1349, 'Seinjoki');
REPLACE INTO city(region_id, name) values (1349, 'Somerniemi');
REPLACE INTO city(region_id, name) values (1349, 'Somero');
REPLACE INTO city(region_id, name) values (1349, 'Sydnmaa');
REPLACE INTO city(region_id, name) values (1349, 'Tammerfors');
REPLACE INTO city(region_id, name) values (1349, 'Tampere');
REPLACE INTO city(region_id, name) values (1349, 'Tourula');
REPLACE INTO city(region_id, name) values (1349, 'Turku');
REPLACE INTO city(region_id, name) values (1349, 'Tuuri');
REPLACE INTO city(region_id, name) values (1349, 'Urjala');
REPLACE INTO city(region_id, name) values (1349, 'Usikaupunki');
REPLACE INTO city(region_id, name) values (1349, 'Uusikaupunki');
REPLACE INTO city(region_id, name) values (1349, 'Vaasa');
REPLACE INTO city(region_id, name) values (1349, 'Valkeakoski');
REPLACE INTO city(region_id, name) values (1349, 'Vammala');
REPLACE INTO city(region_id, name) values (1349, 'Vasa');
REPLACE INTO city(region_id, name) values (1349, 'Vihtavuori');
REPLACE INTO city(region_id, name) values (1349, 'Virrat');
REPLACE INTO city(region_id, name) values (1349, 'Vista');
REPLACE INTO city(region_id, name) values (1349, 'Vuoskoski');
REPLACE INTO city(region_id, name) values (1349, 'Wasa');
REPLACE INTO city(region_id, name) values (1355, 'Alboussire');
REPLACE INTO city(region_id, name) values (1355, 'Aubenas');
REPLACE INTO city(region_id, name) values (1355, 'Beauvne');
REPLACE INTO city(region_id, name) values (1355, 'Chambonas');
REPLACE INTO city(region_id, name) values (1355, 'Joyeuse');
REPLACE INTO city(region_id, name) values (1355, 'La Voulte-sur-Rhne');
REPLACE INTO city(region_id, name) values (1355, 'Saint-Pray');
REPLACE INTO city(region_id, name) values (1447, 'Abrega');
REPLACE INTO city(region_id, name) values (1447, 'Materada');
REPLACE INTO city(region_id, name) values (1447, 'Opatija');
REPLACE INTO city(region_id, name) values (1447, 'Pazin');
REPLACE INTO city(region_id, name) values (1447, 'Porec');
REPLACE INTO city(region_id, name) values (1447, 'Rovinj');
REPLACE INTO city(region_id, name) values (1458, 'Бар');
REPLACE INTO city(region_id, name) values (1458, 'Будва');
REPLACE INTO city(region_id, name) values (1458, 'Колашин');
REPLACE INTO city(region_id, name) values (1458, 'Подгорица');
REPLACE INTO city(region_id, name) values (1458, 'Тиват');
REPLACE INTO city(region_id, name) values (1458, 'Херцег-Нови');
REPLACE INTO city(region_id, name) values (1458, 'Цетинье');
REPLACE INTO region(id, country_id, name) values (1459, 203, 'Hlavni Mesto Praha');
REPLACE INTO region(id, country_id, name) values (1460, 203, 'Jihocesky Kraj');
REPLACE INTO region(id, country_id, name) values (1461, 203, 'Jihomoravsky Kraj');
REPLACE INTO region(id, country_id, name) values (1462, 203, 'Karlovarsky Kraj');
REPLACE INTO region(id, country_id, name) values (1463, 203, 'Kralovehradecky Kraj');
REPLACE INTO region(id, country_id, name) values (1464, 203, 'Liberecky Kraj');
REPLACE INTO region(id, country_id, name) values (1465, 203, 'Moravskoslezsky Kraj');
REPLACE INTO region(id, country_id, name) values (1466, 203, 'None');
REPLACE INTO region(id, country_id, name) values (1467, 203, 'Olomoucky Kraj');
REPLACE INTO region(id, country_id, name) values (1468, 203, 'Pardubicky Kraj');
REPLACE INTO region(id, country_id, name) values (1469, 203, 'Plzensky Kraj');
REPLACE INTO region(id, country_id, name) values (1470, 203, 'Stredocesky Kraj');
REPLACE INTO region(id, country_id, name) values (1471, 203, 'Ustecky Kraj');
REPLACE INTO region(id, country_id, name) values (1472, 203, 'Vysocina');
REPLACE INTO region(id, country_id, name) values (1473, 203, 'Zlinsky Kraj');
REPLACE INTO city(region_id, name) values (1093, 'Abtei');
REPLACE INTO city(region_id, name) values (1093, 'Bia‚ogard');
REPLACE INTO city(region_id, name) values (1093, 'Borne');
REPLACE INTO city(region_id, name) values (1093, 'Kalisz Pomorski');
REPLACE INTO city(region_id, name) values (1093, 'Ko‚obrzeg');
REPLACE INTO city(region_id, name) values (1093, 'Kolberg');
REPLACE INTO city(region_id, name) values (1093, 'Koszalin');
REPLACE INTO city(region_id, name) values (1093, 'Plate');
REPLACE INTO city(region_id, name) values (1093, 'S‚ajsino');
REPLACE INTO city(region_id, name) values (1093, 'Stargard Szczecinski');
REPLACE INTO city(region_id, name) values (1093, 'Stettin');
REPLACE INTO city(region_id, name) values (1093, 'Swinioujscie');
REPLACE INTO city(region_id, name) values (1093, 'Swinoujscie');
REPLACE INTO city(region_id, name) values (1093, 'Szczecin');
REPLACE INTO city(region_id, name) values (1093, 'Szczecin Gumience');
REPLACE INTO city(region_id, name) values (1093, 'Szczecinek');
REPLACE INTO city(region_id, name) values (1093, 'Trzebiatw');
REPLACE INTO city(region_id, name) values (1292, 'Денизли');
REPLACE INTO city(region_id, name) values (1328, 'Ургенч');
REPLACE INTO city(region_id, name) values (1328, 'Хива');
REPLACE INTO city(region_id, name) values (1356, 'Aiglemont');
REPLACE INTO city(region_id, name) values (1356, 'Charleville-Mzires');
REPLACE INTO city(region_id, name) values (1356, 'Rethel');
REPLACE INTO city(region_id, name) values (1356, 'Sedan');
REPLACE INTO city(region_id, name) values (1448, 'Karlovac');
REPLACE INTO city(region_id, name) values (1459, 'Praha');
REPLACE INTO region(id, country_id, name) values (1474, 204, 'Aisn del General Carlos Ibnez del Campo');
REPLACE INTO region(id, country_id, name) values (1475, 204, 'Antofagasta');
REPLACE INTO region(id, country_id, name) values (1476, 204, 'Araucana');
REPLACE INTO region(id, country_id, name) values (1477, 204, 'Atacama');
REPLACE INTO region(id, country_id, name) values (1478, 204, 'Bo-Bo');
REPLACE INTO region(id, country_id, name) values (1479, 204, 'Coquimbo');
REPLACE INTO region(id, country_id, name) values (1480, 204, 'Libertador General Bernardo O''''Higgins');
REPLACE INTO region(id, country_id, name) values (1481, 204, 'Los Lagos');
REPLACE INTO region(id, country_id, name) values (1482, 204, 'Magallanes y de la Antrtica Chilena');
REPLACE INTO region(id, country_id, name) values (1483, 204, 'Maule');
REPLACE INTO region(id, country_id, name) values (1484, 204, 'Region Metropolitana');
REPLACE INTO region(id, country_id, name) values (1485, 204, 'Tarapac');
REPLACE INTO region(id, country_id, name) values (1486, 204, 'Valparaso');
REPLACE INTO city(region_id, name) values (1094, 'Dub');
REPLACE INTO city(region_id, name) values (1094, 'Tomaszw Lubelski');
REPLACE INTO city(region_id, name) values (1094, 'Zamosc');
REPLACE INTO city(region_id, name) values (1293, 'Измир');
REPLACE INTO city(region_id, name) values (1357, 'Aigues-Vives');
REPLACE INTO city(region_id, name) values (1357, 'Albis');
REPLACE INTO city(region_id, name) values (1357, 'Allires');
REPLACE INTO city(region_id, name) values (1357, 'Saverdun');
REPLACE INTO city(region_id, name) values (1357, 'Sem');
REPLACE INTO city(region_id, name) values (1449, 'Cakovec');
REPLACE INTO city(region_id, name) values (1449, 'Nedelisce');
REPLACE INTO city(region_id, name) values (1460, 'Bhmisch Budweis');
REPLACE INTO city(region_id, name) values (1460, 'Budejovice');
REPLACE INTO city(region_id, name) values (1460, 'Budweis');
REPLACE INTO city(region_id, name) values (1460, 'Ceske Budejovice');
REPLACE INTO city(region_id, name) values (1460, 'Ceske Krumlov');
REPLACE INTO city(region_id, name) values (1460, 'Cesky Krumlov');
REPLACE INTO city(region_id, name) values (1460, 'Krummau');
REPLACE INTO city(region_id, name) values (1460, 'Psek');
REPLACE INTO city(region_id, name) values (1460, 'Prachatice');
REPLACE INTO city(region_id, name) values (1460, 'Prachatitz');
REPLACE INTO city(region_id, name) values (1460, 'Strakonice');
REPLACE INTO city(region_id, name) values (1460, 'Tbor');
REPLACE INTO city(region_id, name) values (1474, 'Coihaique');
REPLACE INTO city(region_id, name) values (1474, 'Coyhaique');
REPLACE INTO region(id, country_id, name) values (1487, 205, 'Aargau');
REPLACE INTO region(id, country_id, name) values (1488, 205, 'Appenzell Ausserrhoden');
REPLACE INTO region(id, country_id, name) values (1489, 205, 'Appenzell Innerrhoden');
REPLACE INTO region(id, country_id, name) values (1490, 205, 'Basel-Landschaft');
REPLACE INTO region(id, country_id, name) values (1491, 205, 'Basel-Stadt');
REPLACE INTO region(id, country_id, name) values (1492, 205, 'Bern');
REPLACE INTO region(id, country_id, name) values (1493, 205, 'Fribourg');
REPLACE INTO region(id, country_id, name) values (1494, 205, 'Genve');
REPLACE INTO region(id, country_id, name) values (1495, 205, 'Glarus');
REPLACE INTO region(id, country_id, name) values (1496, 205, 'Graubnden');
REPLACE INTO region(id, country_id, name) values (1497, 205, 'Jura');
REPLACE INTO region(id, country_id, name) values (1498, 205, 'Luzern');
REPLACE INTO region(id, country_id, name) values (1499, 205, 'Neuchtel');
REPLACE INTO region(id, country_id, name) values (1500, 205, 'Nidwalden');
REPLACE INTO region(id, country_id, name) values (1501, 205, 'Obwalden');
REPLACE INTO region(id, country_id, name) values (1502, 205, 'Sankt Gallen');
REPLACE INTO region(id, country_id, name) values (1503, 205, 'Schaffhausen');
REPLACE INTO region(id, country_id, name) values (1504, 205, 'Schwyz');
REPLACE INTO region(id, country_id, name) values (1505, 205, 'Solothurn');
REPLACE INTO region(id, country_id, name) values (1506, 205, 'Thurgau');
REPLACE INTO region(id, country_id, name) values (1507, 205, 'Ticino');
REPLACE INTO region(id, country_id, name) values (1508, 205, 'Uri');
REPLACE INTO region(id, country_id, name) values (1509, 205, 'Valais');
REPLACE INTO region(id, country_id, name) values (1510, 205, 'Vaud');
REPLACE INTO region(id, country_id, name) values (1511, 205, 'Zug');
REPLACE INTO region(id, country_id, name) values (1512, 205, 'Zrich');
REPLACE INTO city(region_id, name) values (1095, 'Gubin');
REPLACE INTO city(region_id, name) values (1095, 'Krosno Odrzanskie');
REPLACE INTO city(region_id, name) values (1095, 'Sulechw');
REPLACE INTO city(region_id, name) values (1095, 'Zagan');
REPLACE INTO city(region_id, name) values (1095, 'Zary');
REPLACE INTO city(region_id, name) values (1294, 'Испарта');
REPLACE INTO city(region_id, name) values (1358, 'Ailleville');
REPLACE INTO city(region_id, name) values (1358, 'Amance');
REPLACE INTO city(region_id, name) values (1358, 'Arsonval');
REPLACE INTO city(region_id, name) values (1358, 'Bar-sur-Seine');
REPLACE INTO city(region_id, name) values (1358, 'Mry-sur-Seine');
REPLACE INTO city(region_id, name) values (1358, 'Troyes');
REPLACE INTO city(region_id, name) values (1450, 'Pula');
REPLACE INTO city(region_id, name) values (1461, 'Berno');
REPLACE INTO city(region_id, name) values (1461, 'Blansko');
REPLACE INTO city(region_id, name) values (1461, 'Breclav');
REPLACE INTO city(region_id, name) values (1461, 'Brno');
REPLACE INTO city(region_id, name) values (1461, 'Brnn');
REPLACE INTO city(region_id, name) values (1461, 'Hodonn');
REPLACE INTO city(region_id, name) values (1461, 'Vyskov');
REPLACE INTO city(region_id, name) values (1461, 'Znojmo');
REPLACE INTO city(region_id, name) values (1475, 'Antofagasta');
REPLACE INTO city(region_id, name) values (1487, 'Aarau');
REPLACE INTO city(region_id, name) values (1487, 'Aarburg');
REPLACE INTO city(region_id, name) values (1487, 'Baden');
REPLACE INTO city(region_id, name) values (1487, 'Birr');
REPLACE INTO city(region_id, name) values (1487, 'Dttingen');
REPLACE INTO city(region_id, name) values (1487, 'Frick');
REPLACE INTO city(region_id, name) values (1487, 'Kaiseraugst');
REPLACE INTO city(region_id, name) values (1487, 'Lenzburg');
REPLACE INTO city(region_id, name) values (1487, 'Mellingen');
REPLACE INTO city(region_id, name) values (1487, 'Menziken');
REPLACE INTO city(region_id, name) values (1487, 'Merenschwand');
REPLACE INTO city(region_id, name) values (1487, 'Mumpf');
REPLACE INTO city(region_id, name) values (1487, 'Niederlenz');
REPLACE INTO city(region_id, name) values (1487, 'Oberentfelden');
REPLACE INTO city(region_id, name) values (1487, 'Oberrti');
REPLACE INTO city(region_id, name) values (1487, 'Rheinfelden');
REPLACE INTO city(region_id, name) values (1487, 'Seengen');
REPLACE INTO city(region_id, name) values (1487, 'Sins');
REPLACE INTO city(region_id, name) values (1487, 'Stilli');
REPLACE INTO city(region_id, name) values (1487, 'Suhr');
REPLACE INTO city(region_id, name) values (1487, 'Turgi');
REPLACE INTO city(region_id, name) values (1487, 'Villmergen');
REPLACE INTO city(region_id, name) values (1487, 'Wettingen');
REPLACE INTO city(region_id, name) values (1487, 'Wrenlingen');
REPLACE INTO city(region_id, name) values (1487, 'Zofingen');
REPLACE INTO region(id, country_id, name) values (1513, 206, 'Blekinge Lan');
REPLACE INTO region(id, country_id, name) values (1514, 206, 'Dalarnas Lan');
REPLACE INTO region(id, country_id, name) values (1515, 206, 'Gavleborgs Lan');
REPLACE INTO region(id, country_id, name) values (1516, 206, 'Gotlands Lan');
REPLACE INTO region(id, country_id, name) values (1517, 206, 'Hallands Lan');
REPLACE INTO region(id, country_id, name) values (1518, 206, 'Jamtlands Lan');
REPLACE INTO region(id, country_id, name) values (1519, 206, 'Jonkopings Lan');
REPLACE INTO region(id, country_id, name) values (1520, 206, 'Kalmar Lan');
REPLACE INTO region(id, country_id, name) values (1521, 206, 'Kronobergs Lan');
REPLACE INTO region(id, country_id, name) values (1522, 206, 'None');
REPLACE INTO region(id, country_id, name) values (1523, 206, 'Norrbottens Lan');
REPLACE INTO region(id, country_id, name) values (1524, 206, 'Orebro Lan');
REPLACE INTO region(id, country_id, name) values (1525, 206, 'Ostergotlands Lan');
REPLACE INTO region(id, country_id, name) values (1526, 206, 'Skane Lan');
REPLACE INTO region(id, country_id, name) values (1527, 206, 'Sodermanlands Lan');
REPLACE INTO region(id, country_id, name) values (1528, 206, 'Stockholms Lan');
REPLACE INTO region(id, country_id, name) values (1529, 206, 'Uppsala Lan');
REPLACE INTO region(id, country_id, name) values (1530, 206, 'Varmlands Lan');
REPLACE INTO region(id, country_id, name) values (1531, 206, 'Vasterbottens Lan');
REPLACE INTO region(id, country_id, name) values (1532, 206, 'Vasternorrlands Lan');
REPLACE INTO region(id, country_id, name) values (1533, 206, 'Vastmanlands Lan');
REPLACE INTO region(id, country_id, name) values (1534, 206, 'Vastra Gotaland');
REPLACE INTO city(region_id, name) values (1295, 'Мерсин');
REPLACE INTO city(region_id, name) values (1359, 'Ajac');
REPLACE INTO city(region_id, name) values (1359, 'Azille');
REPLACE INTO city(region_id, name) values (1359, 'Carcassonne');
REPLACE INTO city(region_id, name) values (1359, 'Castelnaudary');
REPLACE INTO city(region_id, name) values (1359, 'Fa');
REPLACE INTO city(region_id, name) values (1359, 'Fabrezan');
REPLACE INTO city(region_id, name) values (1359, 'Lzignan-Corbires');
REPLACE INTO city(region_id, name) values (1359, 'Limoux');
REPLACE INTO city(region_id, name) values (1359, 'Luc-sur-Orbieu');
REPLACE INTO city(region_id, name) values (1359, 'Narbonne');
REPLACE INTO city(region_id, name) values (1359, 'Narbonne-Plage');
REPLACE INTO city(region_id, name) values (1359, 'Villelongue-d''''Aude');
REPLACE INTO city(region_id, name) values (1451, 'Barusic');
REPLACE INTO city(region_id, name) values (1451, 'Opatija');
REPLACE INTO city(region_id, name) values (1451, 'Rijeka');
REPLACE INTO city(region_id, name) values (1462, 'Carlsbad');
REPLACE INTO city(region_id, name) values (1462, 'Cheb');
REPLACE INTO city(region_id, name) values (1462, 'Eger');
REPLACE INTO city(region_id, name) values (1462, 'Falkenau');
REPLACE INTO city(region_id, name) values (1462, 'Falknov');
REPLACE INTO city(region_id, name) values (1462, 'Karl Vary');
REPLACE INTO city(region_id, name) values (1462, 'Karlovy Vary');
REPLACE INTO city(region_id, name) values (1462, 'Karlsbad');
REPLACE INTO city(region_id, name) values (1462, 'Sokolov');
REPLACE INTO city(region_id, name) values (1462, 'Sokolov nad Ohri');
REPLACE INTO city(region_id, name) values (1476, 'Pucn');
REPLACE INTO city(region_id, name) values (1476, 'Temuco');
REPLACE INTO city(region_id, name) values (1488, 'Gais');
REPLACE INTO city(region_id, name) values (1488, 'Heiden');
REPLACE INTO city(region_id, name) values (1488, 'Herisau');
REPLACE INTO city(region_id, name) values (1488, 'Zrchersmhle');
REPLACE INTO city(region_id, name) values (1513, 'Abborremla');
REPLACE INTO city(region_id, name) values (1513, 'lmtamla');
REPLACE INTO city(region_id, name) values (1513, 'Asarum');
REPLACE INTO city(region_id, name) values (1513, 'Backaryd');
REPLACE INTO city(region_id, name) values (1513, 'Karlshamn');
REPLACE INTO city(region_id, name) values (1513, 'Karlskrona');
REPLACE INTO city(region_id, name) values (1513, 'Kylinge');
REPLACE INTO city(region_id, name) values (1513, 'Olofstrm');
REPLACE INTO city(region_id, name) values (1513, 'Rdeby');
REPLACE INTO city(region_id, name) values (1513, 'Ronneby');
REPLACE INTO city(region_id, name) values (1513, 'Slvesborg');
REPLACE INTO region(id, country_id, name) values (1535, 207, 'Шри-Ланка');
REPLACE INTO city(region_id, name) values (1296, 'Кэйсери');
REPLACE INTO city(region_id, name) values (1360, 'Agen-d''''Aveyron');
REPLACE INTO city(region_id, name) values (1360, 'Auriac-Lagast');
REPLACE INTO city(region_id, name) values (1360, 'Bozouls');
REPLACE INTO city(region_id, name) values (1360, 'Brandonnet');
REPLACE INTO city(region_id, name) values (1360, 'Brommat');
REPLACE INTO city(region_id, name) values (1360, 'Curan');
REPLACE INTO city(region_id, name) values (1360, 'Nant');
REPLACE INTO city(region_id, name) values (1360, 'Rodez');
REPLACE INTO city(region_id, name) values (1360, 'Saint-Beaulize');
REPLACE INTO city(region_id, name) values (1452, 'Sebenico');
REPLACE INTO city(region_id, name) values (1452, 'Sibenik');
REPLACE INTO city(region_id, name) values (1463, 'Gradets Kralove');
REPLACE INTO city(region_id, name) values (1463, 'Hradec Krlov');
REPLACE INTO city(region_id, name) values (1463, 'Jicin');
REPLACE INTO city(region_id, name) values (1463, 'Nchod');
REPLACE INTO city(region_id, name) values (1463, 'Reichenau');
REPLACE INTO city(region_id, name) values (1463, 'Rychnov nad Kneznou');
REPLACE INTO city(region_id, name) values (1463, 'Trutnov');
REPLACE INTO city(region_id, name) values (1477, 'Copiap');
REPLACE INTO city(region_id, name) values (1489, 'Appenzell');
REPLACE INTO city(region_id, name) values (1489, 'Gonten');
REPLACE INTO city(region_id, name) values (1514, 'Avesta');
REPLACE INTO city(region_id, name) values (1514, 'Bodarna');
REPLACE INTO city(region_id, name) values (1514, 'Borlnge');
REPLACE INTO city(region_id, name) values (1514, 'Falun');
REPLACE INTO city(region_id, name) values (1514, 'Gagnef');
REPLACE INTO city(region_id, name) values (1514, 'Grngesberg');
REPLACE INTO city(region_id, name) values (1514, 'Hedemora');
REPLACE INTO city(region_id, name) values (1514, 'Hkberget');
REPLACE INTO city(region_id, name) values (1514, 'Ludvika');
REPLACE INTO city(region_id, name) values (1514, 'Mora-Noret');
REPLACE INTO city(region_id, name) values (1535, 'Коломбо');
REPLACE INTO region(id, country_id, name) values (1536, 208, 'Azuay');
REPLACE INTO region(id, country_id, name) values (1537, 208, 'Bolvar');
REPLACE INTO region(id, country_id, name) values (1538, 208, 'Chimborazo');
REPLACE INTO region(id, country_id, name) values (1539, 208, 'El Oro');
REPLACE INTO region(id, country_id, name) values (1540, 208, 'Galpagos');
REPLACE INTO region(id, country_id, name) values (1541, 208, 'Guayas');
REPLACE INTO region(id, country_id, name) values (1542, 208, 'Imbabura');
REPLACE INTO region(id, country_id, name) values (1543, 208, 'Loja');
REPLACE INTO region(id, country_id, name) values (1544, 208, 'Manab');
REPLACE INTO region(id, country_id, name) values (1545, 208, 'Napo');
REPLACE INTO region(id, country_id, name) values (1546, 208, 'Pastaza');
REPLACE INTO region(id, country_id, name) values (1547, 208, 'Pichincha');
REPLACE INTO region(id, country_id, name) values (1548, 208, 'Tungurahua');
REPLACE INTO city(region_id, name) values (1297, 'Карс');
REPLACE INTO city(region_id, name) values (1361, 'Achenheim');
REPLACE INTO city(region_id, name) values (1361, 'Allenwiller');
REPLACE INTO city(region_id, name) values (1361, 'Altenheim');
REPLACE INTO city(region_id, name) values (1361, 'Barr');
REPLACE INTO city(region_id, name) values (1361, 'Illkirch-Graffenstaden');
REPLACE INTO city(region_id, name) values (1361, 'Niederbronn-les-Bains');
REPLACE INTO city(region_id, name) values (1361, 'Russ');
REPLACE INTO city(region_id, name) values (1361, 'Saverne');
REPLACE INTO city(region_id, name) values (1361, 'Schiltigheim');
REPLACE INTO city(region_id, name) values (1361, 'Slestat');
REPLACE INTO city(region_id, name) values (1361, 'Strasbourg');
REPLACE INTO city(region_id, name) values (1361, 'Wintzenbach');
REPLACE INTO city(region_id, name) values (1453, 'Cesko Selo');
REPLACE INTO city(region_id, name) values (1453, 'Sisak');
REPLACE INTO city(region_id, name) values (1464, 'Ceska Lipa');
REPLACE INTO city(region_id, name) values (1464, 'Jablonec');
REPLACE INTO city(region_id, name) values (1464, 'Jablonec nad Nisou');
REPLACE INTO city(region_id, name) values (1464, 'Liberec');
REPLACE INTO city(region_id, name) values (1464, 'Lipa');
REPLACE INTO city(region_id, name) values (1464, 'Reichenberg');
REPLACE INTO city(region_id, name) values (1464, 'Semily');
REPLACE INTO city(region_id, name) values (1478, 'Boca Bo-Bo');
REPLACE INTO city(region_id, name) values (1478, 'Cabrero');
REPLACE INTO city(region_id, name) values (1478, 'Cajn de Mela');
REPLACE INTO city(region_id, name) values (1478, 'Callaqui');
REPLACE INTO city(region_id, name) values (1478, 'Chilln');
REPLACE INTO city(region_id, name) values (1478, 'Ciudad de Concepcion');
REPLACE INTO city(region_id, name) values (1478, 'Concepcin');
REPLACE INTO city(region_id, name) values (1478, 'Lota Alto');
REPLACE INTO city(region_id, name) values (1478, 'Quirihue');
REPLACE INTO city(region_id, name) values (1490, 'Allschwil');
REPLACE INTO city(region_id, name) values (1490, 'Arisdorf');
REPLACE INTO city(region_id, name) values (1490, 'Arlesheim');
REPLACE INTO city(region_id, name) values (1490, 'Binningen');
REPLACE INTO city(region_id, name) values (1490, 'Ettingen');
REPLACE INTO city(region_id, name) values (1490, 'Frenkendorf');
REPLACE INTO city(region_id, name) values (1490, 'Laufen');
REPLACE INTO city(region_id, name) values (1490, 'Liestal');
REPLACE INTO city(region_id, name) values (1490, 'Mnchenstein');
REPLACE INTO city(region_id, name) values (1490, 'Muttenz');
REPLACE INTO city(region_id, name) values (1490, 'Sissach');
REPLACE INTO city(region_id, name) values (1515, 'Bollns');
REPLACE INTO city(region_id, name) values (1515, 'Delsbo');
REPLACE INTO city(region_id, name) values (1515, 'Gfle');
REPLACE INTO city(region_id, name) values (1515, 'Gvle');
REPLACE INTO city(region_id, name) values (1515, 'Hudiksvall');
REPLACE INTO city(region_id, name) values (1515, 'Ljusdal');
REPLACE INTO city(region_id, name) values (1515, 'Sandviken');
REPLACE INTO city(region_id, name) values (1515, 'Sderhamn');
REPLACE INTO city(region_id, name) values (1515, 'Valbo');
REPLACE INTO city(region_id, name) values (1536, 'Cuenca');
REPLACE INTO region(id, country_id, name) values (1549, 209, 'Малабо');
REPLACE INTO city(region_id, name) values (1298, 'Измит');
REPLACE INTO city(region_id, name) values (1298, 'Кокели');
REPLACE INTO city(region_id, name) values (1362, 'Aix-en-Provence');
REPLACE INTO city(region_id, name) values (1362, 'Arles');
REPLACE INTO city(region_id, name) values (1362, 'Aubagne');
REPLACE INTO city(region_id, name) values (1362, 'Belcodne');
REPLACE INTO city(region_id, name) values (1362, 'Bouc-Bel-Air');
REPLACE INTO city(region_id, name) values (1362, 'Carry-le-Rouet');
REPLACE INTO city(region_id, name) values (1362, 'Marseille');
REPLACE INTO city(region_id, name) values (1362, 'Martigues');
REPLACE INTO city(region_id, name) values (1362, 'Saint-Paul-lez-Durance');
REPLACE INTO city(region_id, name) values (1362, 'Salon-de-Provence');
REPLACE INTO city(region_id, name) values (1362, 'Tarascon');
REPLACE INTO city(region_id, name) values (1454, 'Spalato');
REPLACE INTO city(region_id, name) values (1454, 'Split');
REPLACE INTO city(region_id, name) values (1465, 'Bruntl');
REPLACE INTO city(region_id, name) values (1465, 'Freistadt');
REPLACE INTO city(region_id, name) values (1465, 'Frdek-Mstek');
REPLACE INTO city(region_id, name) values (1465, 'Karvin');
REPLACE INTO city(region_id, name) values (1465, 'Novy Jicin');
REPLACE INTO city(region_id, name) values (1465, 'Opava');
REPLACE INTO city(region_id, name) values (1465, 'Ostrava');
REPLACE INTO city(region_id, name) values (1479, 'Algarrobo');
REPLACE INTO city(region_id, name) values (1479, 'Illapel');
REPLACE INTO city(region_id, name) values (1479, 'La Serena');
REPLACE INTO city(region_id, name) values (1479, 'Ovalle');
REPLACE INTO city(region_id, name) values (1479, 'Vicua');
REPLACE INTO city(region_id, name) values (1491, 'Basel');
REPLACE INTO city(region_id, name) values (1491, 'Bettingen');
REPLACE INTO city(region_id, name) values (1516, 'Alby');
REPLACE INTO city(region_id, name) values (1516, 'Roma');
REPLACE INTO city(region_id, name) values (1516, 'Visby');
REPLACE INTO city(region_id, name) values (1537, 'Asuncin');
REPLACE INTO city(region_id, name) values (1537, 'Bilovn');
REPLACE INTO city(region_id, name) values (1549, 'Малабо');
REPLACE INTO region(id, country_id, name) values (1550, 210, 'Эритрея');
REPLACE INTO city(region_id, name) values (1299, 'Кониа');
REPLACE INTO city(region_id, name) values (1363, 'Ablon');
REPLACE INTO city(region_id, name) values (1363, 'Anisy');
REPLACE INTO city(region_id, name) values (1363, 'Caen');
REPLACE INTO city(region_id, name) values (1363, 'Canon');
REPLACE INTO city(region_id, name) values (1363, 'Deauville');
REPLACE INTO city(region_id, name) values (1363, 'Douville-en-Auge');
REPLACE INTO city(region_id, name) values (1455, 'Varazdin');
REPLACE INTO city(region_id, name) values (1466, 'Abaschin');
REPLACE INTO city(region_id, name) values (1466, 'Adlerova Hut');
REPLACE INTO city(region_id, name) values (1466, 'Brno-Kralovo');
REPLACE INTO city(region_id, name) values (1466, 'Filz');
REPLACE INTO city(region_id, name) values (1466, 'Jablonn nad Orlic');
REPLACE INTO city(region_id, name) values (1466, 'Kladno');
REPLACE INTO city(region_id, name) values (1466, 'Krupka');
REPLACE INTO city(region_id, name) values (1466, 'Mal Skla');
REPLACE INTO city(region_id, name) values (1466, 'Prague-Vinohrady');
REPLACE INTO city(region_id, name) values (1466, 'Pretin');
REPLACE INTO city(region_id, name) values (1466, 'Raabe');
REPLACE INTO city(region_id, name) values (1466, 'Vsebor');
REPLACE INTO city(region_id, name) values (1480, 'Codegua');
REPLACE INTO city(region_id, name) values (1480, 'Isla del Guindo');
REPLACE INTO city(region_id, name) values (1480, 'Peumo');
REPLACE INTO city(region_id, name) values (1480, 'Rancagua');
REPLACE INTO city(region_id, name) values (1480, 'San Vicente de Taguatagua');
REPLACE INTO city(region_id, name) values (1492, 'Arch');
REPLACE INTO city(region_id, name) values (1492, 'Bellelay');
REPLACE INTO city(region_id, name) values (1492, 'Belp');
REPLACE INTO city(region_id, name) values (1492, 'Bern');
REPLACE INTO city(region_id, name) values (1492, 'Biglen');
REPLACE INTO city(region_id, name) values (1492, 'Boll');
REPLACE INTO city(region_id, name) values (1492, 'Brienzwiler');
REPLACE INTO city(region_id, name) values (1492, 'Corgmont');
REPLACE INTO city(region_id, name) values (1492, 'Heimenschwand');
REPLACE INTO city(region_id, name) values (1492, 'Herzogenbuchsee');
REPLACE INTO city(region_id, name) values (1492, 'Huttwil');
REPLACE INTO city(region_id, name) values (1492, 'Interlaken');
REPLACE INTO city(region_id, name) values (1492, 'Langenthal');
REPLACE INTO city(region_id, name) values (1492, 'Lotzwil');
REPLACE INTO city(region_id, name) values (1492, 'Lyss');
REPLACE INTO city(region_id, name) values (1492, 'Mrigen');
REPLACE INTO city(region_id, name) values (1492, 'Nidau');
REPLACE INTO city(region_id, name) values (1492, 'Steffisburg');
REPLACE INTO city(region_id, name) values (1492, 'Thun');
REPLACE INTO city(region_id, name) values (1492, 'Uttigen');
REPLACE INTO city(region_id, name) values (1492, 'Zweiltschinen');
REPLACE INTO city(region_id, name) values (1517, 'Abild');
REPLACE INTO city(region_id, name) values (1517, 'ker');
REPLACE INTO city(region_id, name) values (1517, 'Allared');
REPLACE INTO city(region_id, name) values (1517, 'Falkenberg');
REPLACE INTO city(region_id, name) values (1517, 'Halmstad');
REPLACE INTO city(region_id, name) values (1517, 'Hyltebruk');
REPLACE INTO city(region_id, name) values (1517, 'Kpinge');
REPLACE INTO city(region_id, name) values (1517, 'Kungsbacka');
REPLACE INTO city(region_id, name) values (1517, 'Varberg');
REPLACE INTO city(region_id, name) values (1538, 'Riobamba');
REPLACE INTO city(region_id, name) values (1550, 'Асмара');
REPLACE INTO region(id, country_id, name) values (1551, 211, 'Эстония');
REPLACE INTO city(region_id, name) values (1300, 'Кириккал');
REPLACE INTO city(region_id, name) values (1364, 'Aurillac');
REPLACE INTO city(region_id, name) values (1364, 'Bassignac');
REPLACE INTO city(region_id, name) values (1456, 'Dubrava');
REPLACE INTO city(region_id, name) values (1456, 'Topolje');
REPLACE INTO city(region_id, name) values (1456, 'Vrbovec');
REPLACE INTO city(region_id, name) values (1456, 'Zadar');
REPLACE INTO city(region_id, name) values (1456, 'Zara');
REPLACE INTO city(region_id, name) values (1467, 'Jesenk');
REPLACE INTO city(region_id, name) values (1467, 'Olomouc');
REPLACE INTO city(region_id, name) values (1467, 'Prerov');
REPLACE INTO city(region_id, name) values (1467, 'Prostejov');
REPLACE INTO city(region_id, name) values (1467, 'Sumperk');
REPLACE INTO city(region_id, name) values (1481, 'Aguas Buenas');
REPLACE INTO city(region_id, name) values (1481, 'Ancud');
REPLACE INTO city(region_id, name) values (1481, 'Antillanca');
REPLACE INTO city(region_id, name) values (1481, 'California');
REPLACE INTO city(region_id, name) values (1481, 'Castro');
REPLACE INTO city(region_id, name) values (1481, 'Osorno');
REPLACE INTO city(region_id, name) values (1481, 'Pichil');
REPLACE INTO city(region_id, name) values (1481, 'Puerto Montt');
REPLACE INTO city(region_id, name) values (1481, 'Valdivia');
REPLACE INTO city(region_id, name) values (1493, 'Barberche');
REPLACE INTO city(region_id, name) values (1493, 'Bulle');
REPLACE INTO city(region_id, name) values (1493, 'Cheyres');
REPLACE INTO city(region_id, name) values (1493, 'Fribourg');
REPLACE INTO city(region_id, name) values (1518, 'lven');
REPLACE INTO city(region_id, name) values (1518, 'stersund');
REPLACE INTO city(region_id, name) values (1518, 'Stockholm');
REPLACE INTO city(region_id, name) values (1539, 'Alvarez');
REPLACE INTO city(region_id, name) values (1539, 'Machala');
REPLACE INTO city(region_id, name) values (1551, 'Абья-Палуоя');
REPLACE INTO city(region_id, name) values (1551, 'Азери');
REPLACE INTO city(region_id, name) values (1551, 'Антсла');
REPLACE INTO city(region_id, name) values (1551, 'Валга');
REPLACE INTO city(region_id, name) values (1551, 'Васкнарва');
REPLACE INTO city(region_id, name) values (1551, 'Вильянди');
REPLACE INTO city(region_id, name) values (1551, 'Выру');
REPLACE INTO city(region_id, name) values (1551, 'Йыгева');
REPLACE INTO city(region_id, name) values (1551, 'Йыхви');
REPLACE INTO city(region_id, name) values (1551, 'Калласте');
REPLACE INTO city(region_id, name) values (1551, 'Кейла');
REPLACE INTO city(region_id, name) values (1551, 'Кехра');
REPLACE INTO city(region_id, name) values (1551, 'Кивиыли');
REPLACE INTO city(region_id, name) values (1551, 'Килинги');
REPLACE INTO city(region_id, name) values (1551, 'Килинги-Нымме');
REPLACE INTO city(region_id, name) values (1551, 'Кингисепп');
REPLACE INTO city(region_id, name) values (1551, 'Кохтла-Ярве');
REPLACE INTO city(region_id, name) values (1551, 'Кунда');
REPLACE INTO city(region_id, name) values (1551, 'Куресааре');
REPLACE INTO city(region_id, name) values (1551, 'Кярдла');
REPLACE INTO city(region_id, name) values (1551, 'Муствээ');
REPLACE INTO city(region_id, name) values (1551, 'Мыйзакюла');
REPLACE INTO city(region_id, name) values (1551, 'Нарва');
REPLACE INTO city(region_id, name) values (1551, 'Пайде');
REPLACE INTO city(region_id, name) values (1551, 'Палдиски');
REPLACE INTO city(region_id, name) values (1551, 'Пылва');
REPLACE INTO city(region_id, name) values (1551, 'Пылтсамаа');
REPLACE INTO city(region_id, name) values (1551, 'Пярну');
REPLACE INTO city(region_id, name) values (1551, 'Раквере');
REPLACE INTO city(region_id, name) values (1551, 'Рапла');
REPLACE INTO city(region_id, name) values (1551, 'Ряпино');
REPLACE INTO city(region_id, name) values (1551, 'Силламяэ');
REPLACE INTO city(region_id, name) values (1551, 'Сууре-Яани');
REPLACE INTO city(region_id, name) values (1551, 'Таллин');
REPLACE INTO city(region_id, name) values (1551, 'Тапа');
REPLACE INTO city(region_id, name) values (1551, 'Тарту');
REPLACE INTO city(region_id, name) values (1551, 'Тырва');
REPLACE INTO city(region_id, name) values (1551, 'Хаапсалу');
REPLACE INTO city(region_id, name) values (1551, 'Эльва');
REPLACE INTO region(id, country_id, name) values (1552, 212, 'Эфиопия');
REPLACE INTO city(region_id, name) values (1301, 'Кутахиа');
REPLACE INTO city(region_id, name) values (1365, 'Aigre');
REPLACE INTO city(region_id, name) values (1365, 'Angoulme');
REPLACE INTO city(region_id, name) values (1365, 'Cognac');
REPLACE INTO city(region_id, name) values (1468, 'Chrudim');
REPLACE INTO city(region_id, name) values (1468, 'Pardubice');
REPLACE INTO city(region_id, name) values (1468, 'Pardubitz');
REPLACE INTO city(region_id, name) values (1468, 'Svitave');
REPLACE INTO city(region_id, name) values (1468, 'st nad Orlic');
REPLACE INTO city(region_id, name) values (1482, 'Magallanes');
REPLACE INTO city(region_id, name) values (1482, 'Punta Arenas');
REPLACE INTO city(region_id, name) values (1494, 'Bellevue');
REPLACE INTO city(region_id, name) values (1494, 'Bernex');
REPLACE INTO city(region_id, name) values (1494, 'Chambsy');
REPLACE INTO city(region_id, name) values (1494, 'Chancy');
REPLACE INTO city(region_id, name) values (1494, 'Chne-Bougeries');
REPLACE INTO city(region_id, name) values (1494, 'Collonge-Bellerive');
REPLACE INTO city(region_id, name) values (1494, 'Cologny');
REPLACE INTO city(region_id, name) values (1494, 'Confignon');
REPLACE INTO city(region_id, name) values (1494, 'Genf');
REPLACE INTO city(region_id, name) values (1494, 'Hermance');
REPLACE INTO city(region_id, name) values (1494, 'Jussy');
REPLACE INTO city(region_id, name) values (1494, 'La Praille');
REPLACE INTO city(region_id, name) values (1494, 'Le Grand-Saconnex');
REPLACE INTO city(region_id, name) values (1494, 'Meyrin');
REPLACE INTO city(region_id, name) values (1494, 'Onex');
REPLACE INTO city(region_id, name) values (1494, 'Plan-les-Ouates');
REPLACE INTO city(region_id, name) values (1494, 'Russin');
REPLACE INTO city(region_id, name) values (1494, 'Vernier');
REPLACE INTO city(region_id, name) values (1494, 'Versoix');
REPLACE INTO city(region_id, name) values (1494, 'Vsenaz');
REPLACE INTO city(region_id, name) values (1519, 'Bodafors');
REPLACE INTO city(region_id, name) values (1519, 'Eksj');
REPLACE INTO city(region_id, name) values (1519, 'Gislaved');
REPLACE INTO city(region_id, name) values (1519, 'Huskvarna');
REPLACE INTO city(region_id, name) values (1519, 'Jnkping');
REPLACE INTO city(region_id, name) values (1519, 'Nssj');
REPLACE INTO city(region_id, name) values (1519, 'Trans');
REPLACE INTO city(region_id, name) values (1519, 'Vrnamo');
REPLACE INTO city(region_id, name) values (1519, 'Vetlanda');
REPLACE INTO city(region_id, name) values (1540, 'Puerto Ayora');
REPLACE INTO city(region_id, name) values (1552, 'Аддис-Абеба');
REPLACE INTO city(region_id, name) values (1552, 'Гондэр');
REPLACE INTO city(region_id, name) values (1552, 'Дэссе');
REPLACE INTO region(id, country_id, name) values (1553, 213, 'Йоханесбург');
REPLACE INTO city(region_id, name) values (1302, 'Малатиа');
REPLACE INTO city(region_id, name) values (1366, 'Beaugeay');
REPLACE INTO city(region_id, name) values (1366, 'Benon');
REPLACE INTO city(region_id, name) values (1366, 'La Rochelle');
REPLACE INTO city(region_id, name) values (1366, 'Nantill');
REPLACE INTO city(region_id, name) values (1366, 'Royan');
REPLACE INTO city(region_id, name) values (1366, 'Saint-Georges-de-Didonne');
REPLACE INTO city(region_id, name) values (1469, 'Domazlice');
REPLACE INTO city(region_id, name) values (1469, 'Klatovy');
REPLACE INTO city(region_id, name) values (1469, 'Pilsen');
REPLACE INTO city(region_id, name) values (1469, 'Plzen');
REPLACE INTO city(region_id, name) values (1469, 'Rokycan');
REPLACE INTO city(region_id, name) values (1469, 'Rokycany');
REPLACE INTO city(region_id, name) values (1469, 'Tachov');
REPLACE INTO city(region_id, name) values (1483, 'Baos de Panimvida');
REPLACE INTO city(region_id, name) values (1483, 'Caliboro');
REPLACE INTO city(region_id, name) values (1483, 'Talca');
REPLACE INTO city(region_id, name) values (1495, 'Filzbach');
REPLACE INTO city(region_id, name) values (1495, 'Matt');
REPLACE INTO city(region_id, name) values (1495, 'Mollis');
REPLACE INTO city(region_id, name) values (1520, 'Aboda');
REPLACE INTO city(region_id, name) values (1520, 'Borsna');
REPLACE INTO city(region_id, name) values (1520, 'Degerhamn');
REPLACE INTO city(region_id, name) values (1520, 'Hgsby');
REPLACE INTO city(region_id, name) values (1520, 'Hultsfred');
REPLACE INTO city(region_id, name) values (1520, 'Kalmar');
REPLACE INTO city(region_id, name) values (1520, 'Malm');
REPLACE INTO city(region_id, name) values (1520, 'Mrlunda');
REPLACE INTO city(region_id, name) values (1520, 'Oskarshamn');
REPLACE INTO city(region_id, name) values (1520, 'Vstervik');
REPLACE INTO city(region_id, name) values (1520, 'Vimmerby');
REPLACE INTO city(region_id, name) values (1541, 'Alfredo Baquerizo Moreno');
REPLACE INTO city(region_id, name) values (1541, 'Bella Vista');
REPLACE INTO city(region_id, name) values (1541, 'Durn');
REPLACE INTO city(region_id, name) values (1541, 'Guayaquil');
REPLACE INTO city(region_id, name) values (1541, 'Salinas');
REPLACE INTO city(region_id, name) values (1553, 'Йоханесбург');
REPLACE INTO region(id, country_id, name) values (1554, 214, 'Cheju');
REPLACE INTO region(id, country_id, name) values (1555, 214, 'Chollabuk');
REPLACE INTO region(id, country_id, name) values (1556, 214, 'Chollanam');
REPLACE INTO region(id, country_id, name) values (1557, 214, 'Chungcheongbuk');
REPLACE INTO region(id, country_id, name) values (1558, 214, 'Chungcheongnam');
REPLACE INTO region(id, country_id, name) values (1559, 214, 'Incheon');
REPLACE INTO region(id, country_id, name) values (1560, 214, 'Kangweon');
REPLACE INTO region(id, country_id, name) values (1561, 214, 'Kwangju');
REPLACE INTO region(id, country_id, name) values (1562, 214, 'Kyeonggi');
REPLACE INTO region(id, country_id, name) values (1563, 214, 'Kyeongsangbuk');
REPLACE INTO region(id, country_id, name) values (1564, 214, 'Kyeongsangnam');
REPLACE INTO region(id, country_id, name) values (1565, 214, 'Pusan');
REPLACE INTO region(id, country_id, name) values (1566, 214, 'Seoul');
REPLACE INTO region(id, country_id, name) values (1567, 214, 'Taegu');
REPLACE INTO region(id, country_id, name) values (1568, 214, 'Taejeon');
REPLACE INTO region(id, country_id, name) values (1569, 214, 'Ulsan');
REPLACE INTO region(id, country_id, name) values (1570, 214, 'Южная Корея');
REPLACE INTO city(region_id, name) values (1303, 'Маниса');
REPLACE INTO city(region_id, name) values (1367, 'Annoix');
REPLACE INTO city(region_id, name) values (1367, 'Azy');
REPLACE INTO city(region_id, name) values (1367, 'Bourges');
REPLACE INTO city(region_id, name) values (1367, 'Cerbois');
REPLACE INTO city(region_id, name) values (1367, 'Chry');
REPLACE INTO city(region_id, name) values (1367, 'Culan');
REPLACE INTO city(region_id, name) values (1367, 'Uzay-le-Venon');
REPLACE INTO city(region_id, name) values (1367, 'Vierzon');
REPLACE INTO city(region_id, name) values (1470, 'Benesov');
REPLACE INTO city(region_id, name) values (1470, 'Beroun');
REPLACE INTO city(region_id, name) values (1470, 'Kladno');
REPLACE INTO city(region_id, name) values (1470, 'Koln');
REPLACE INTO city(region_id, name) values (1470, 'Kutn Hora');
REPLACE INTO city(region_id, name) values (1470, 'Melnik');
REPLACE INTO city(region_id, name) values (1470, 'Mlad Boleslav');
REPLACE INTO city(region_id, name) values (1470, 'Nimburg');
REPLACE INTO city(region_id, name) values (1470, 'Nymburk');
REPLACE INTO city(region_id, name) values (1470, 'Pribram');
REPLACE INTO city(region_id, name) values (1470, 'Rakovnk');
REPLACE INTO city(region_id, name) values (1484, 'CiudadSantiago');
REPLACE INTO city(region_id, name) values (1484, 'La Florida');
REPLACE INTO city(region_id, name) values (1484, 'La Granja');
REPLACE INTO city(region_id, name) values (1484, 'La Reina');
REPLACE INTO city(region_id, name) values (1484, 'Lampa');
REPLACE INTO city(region_id, name) values (1484, 'Maip');
REPLACE INTO city(region_id, name) values (1484, 'uoa');
REPLACE INTO city(region_id, name) values (1484, 'Pealoln');
REPLACE INTO city(region_id, name) values (1484, 'Puente Alto');
REPLACE INTO city(region_id, name) values (1484, 'Quilicura');
REPLACE INTO city(region_id, name) values (1484, 'San Bernardo');
REPLACE INTO city(region_id, name) values (1484, 'San Joaqun');
REPLACE INTO city(region_id, name) values (1484, 'Santiago');
REPLACE INTO city(region_id, name) values (1496, 'Ardez');
REPLACE INTO city(region_id, name) values (1496, 'Bivio');
REPLACE INTO city(region_id, name) values (1496, 'Chur');
REPLACE INTO city(region_id, name) values (1496, 'Davos Platz');
REPLACE INTO city(region_id, name) values (1496, 'Klosters');
REPLACE INTO city(region_id, name) values (1496, 'Pontresina');
REPLACE INTO city(region_id, name) values (1496, 'Poschiavo');
REPLACE INTO city(region_id, name) values (1496, 'Samedan');
REPLACE INTO city(region_id, name) values (1496, 'Sils im Domleschg');
REPLACE INTO city(region_id, name) values (1496, 'Silvaplana');
REPLACE INTO city(region_id, name) values (1521, 'latorp');
REPLACE INTO city(region_id, name) values (1521, 'lmehult');
REPLACE INTO city(region_id, name) values (1521, 'Ljungby');
REPLACE INTO city(region_id, name) values (1521, 'Markaryd');
REPLACE INTO city(region_id, name) values (1521, 'Vxj');
REPLACE INTO city(region_id, name) values (1521, 'Vexi');
REPLACE INTO city(region_id, name) values (1542, 'Ibarra');
REPLACE INTO city(region_id, name) values (1554, 'Чею');
REPLACE INTO region(id, country_id, name) values (1571, 215, 'Южная Осетия');
REPLACE INTO city(region_id, name) values (1304, 'Адапазари');
REPLACE INTO city(region_id, name) values (1368, 'Brive-la-Gaillarde');
REPLACE INTO city(region_id, name) values (1368, 'Corrze');
REPLACE INTO city(region_id, name) values (1471, 'Aussig');
REPLACE INTO city(region_id, name) values (1471, 'Chomutov');
REPLACE INTO city(region_id, name) values (1471, 'Decin');
REPLACE INTO city(region_id, name) values (1471, 'Litomerice');
REPLACE INTO city(region_id, name) values (1471, 'Louny');
REPLACE INTO city(region_id, name) values (1471, 'Most');
REPLACE INTO city(region_id, name) values (1471, 'Teplice');
REPLACE INTO city(region_id, name) values (1471, 'Teplice-Sanov');
REPLACE INTO city(region_id, name) values (1471, 'st');
REPLACE INTO city(region_id, name) values (1471, 'st nad Labem');
REPLACE INTO city(region_id, name) values (1485, 'Alto del Molino');
REPLACE INTO city(region_id, name) values (1485, 'Arica');
REPLACE INTO city(region_id, name) values (1485, 'Iquique');
REPLACE INTO city(region_id, name) values (1497, 'Alle');
REPLACE INTO city(region_id, name) values (1497, 'Delmont');
REPLACE INTO city(region_id, name) values (1497, 'La Chaux-des-Breuleux');
REPLACE INTO city(region_id, name) values (1522, 'Brmsebro');
REPLACE INTO city(region_id, name) values (1522, 'Linds');
REPLACE INTO city(region_id, name) values (1522, 'Lindshammar');
REPLACE INTO city(region_id, name) values (1522, 'Sylarna');
REPLACE INTO city(region_id, name) values (1543, 'Loja');
REPLACE INTO city(region_id, name) values (1555, 'Кунсан');
REPLACE INTO city(region_id, name) values (1555, 'Намвон');
REPLACE INTO city(region_id, name) values (1571, 'Джава');
REPLACE INTO city(region_id, name) values (1571, 'Цхинвали');
REPLACE INTO region(id, country_id, name) values (1572, 216, 'Ямайка');
REPLACE INTO city(region_id, name) values (1305, 'Самсун');
REPLACE INTO city(region_id, name) values (1369, 'Ajaccio');
REPLACE INTO city(region_id, name) values (1369, 'Bastelica');
REPLACE INTO city(region_id, name) values (1369, 'Bastia');
REPLACE INTO city(region_id, name) values (1369, 'Calvi');
REPLACE INTO city(region_id, name) values (1369, 'L''''le-Rousse');
REPLACE INTO city(region_id, name) values (1369, 'Porto');
REPLACE INTO city(region_id, name) values (1369, 'Propriano');
REPLACE INTO city(region_id, name) values (1472, 'Deutsch Brod');
REPLACE INTO city(region_id, name) values (1472, 'Havlickuv Brod');
REPLACE INTO city(region_id, name) values (1472, 'Jihlava');
REPLACE INTO city(region_id, name) values (1472, 'Pelhrimov');
REPLACE INTO city(region_id, name) values (1472, 'Pilgram');
REPLACE INTO city(region_id, name) values (1472, 'Trebic');
REPLACE INTO city(region_id, name) values (1472, 'Zdar');
REPLACE INTO city(region_id, name) values (1472, 'Zdar nad Sazavou');
REPLACE INTO city(region_id, name) values (1486, 'Calera');
REPLACE INTO city(region_id, name) values (1486, 'Peablanca');
REPLACE INTO city(region_id, name) values (1486, 'Placilla de Peuelas');
REPLACE INTO city(region_id, name) values (1486, 'Putaendo');
REPLACE INTO city(region_id, name) values (1486, 'Quilpu');
REPLACE INTO city(region_id, name) values (1486, 'San Antonio');
REPLACE INTO city(region_id, name) values (1486, 'Valparaso');
REPLACE INTO city(region_id, name) values (1486, 'Via del Mar');
REPLACE INTO city(region_id, name) values (1498, 'Ballwil');
REPLACE INTO city(region_id, name) values (1498, 'Dagmersellen');
REPLACE INTO city(region_id, name) values (1498, 'Doppleschwand');
REPLACE INTO city(region_id, name) values (1498, 'Ebikon');
REPLACE INTO city(region_id, name) values (1498, 'Eich');
REPLACE INTO city(region_id, name) values (1498, 'Emmen');
REPLACE INTO city(region_id, name) values (1498, 'Gelfingen');
REPLACE INTO city(region_id, name) values (1498, 'Kriens');
REPLACE INTO city(region_id, name) values (1498, 'Luthern');
REPLACE INTO city(region_id, name) values (1498, 'Luzern');
REPLACE INTO city(region_id, name) values (1498, 'Nottwil');
REPLACE INTO city(region_id, name) values (1498, 'Sursee');
REPLACE INTO city(region_id, name) values (1523, 'lvsbyn');
REPLACE INTO city(region_id, name) values (1523, 'Boden');
REPLACE INTO city(region_id, name) values (1523, 'Bodn');
REPLACE INTO city(region_id, name) values (1523, 'Gllivare');
REPLACE INTO city(region_id, name) values (1523, 'Haaparanta');
REPLACE INTO city(region_id, name) values (1523, 'Haparanda');
REPLACE INTO city(region_id, name) values (1523, 'Kalix');
REPLACE INTO city(region_id, name) values (1523, 'Kallax');
REPLACE INTO city(region_id, name) values (1523, 'Kiruna');
REPLACE INTO city(region_id, name) values (1523, 'Lappea');
REPLACE INTO city(region_id, name) values (1523, 'Lule');
REPLACE INTO city(region_id, name) values (1523, 'Malmberget');
REPLACE INTO city(region_id, name) values (1523, 'Persn');
REPLACE INTO city(region_id, name) values (1523, 'Pite');
REPLACE INTO city(region_id, name) values (1523, 'Uumaa');
REPLACE INTO city(region_id, name) values (1544, 'Manta');
REPLACE INTO city(region_id, name) values (1544, 'Montecristi');
REPLACE INTO city(region_id, name) values (1544, 'Portoviejo');
REPLACE INTO city(region_id, name) values (1544, 'Rocafuerte');
REPLACE INTO city(region_id, name) values (1556, 'Йосу');
REPLACE INTO city(region_id, name) values (1556, 'Мокп''''о');
REPLACE INTO city(region_id, name) values (1556, 'Чечон');
REPLACE INTO region(id, country_id, name) values (1573, 217, 'Айти');
REPLACE INTO region(id, country_id, name) values (1574, 217, 'Аомори');
REPLACE INTO region(id, country_id, name) values (1575, 217, 'Вакаяма');
REPLACE INTO region(id, country_id, name) values (1576, 217, 'Гумма');
REPLACE INTO region(id, country_id, name) values (1577, 217, 'Ибараки');
REPLACE INTO region(id, country_id, name) values (1578, 217, 'Ивате');
REPLACE INTO region(id, country_id, name) values (1579, 217, 'Исикава');
REPLACE INTO region(id, country_id, name) values (1580, 217, 'Кагосима');
REPLACE INTO region(id, country_id, name) values (1581, 217, 'Канагава');
REPLACE INTO region(id, country_id, name) values (1582, 217, 'Киото');
REPLACE INTO region(id, country_id, name) values (1583, 217, 'Коти');
REPLACE INTO region(id, country_id, name) values (1584, 217, 'Мияги');
REPLACE INTO region(id, country_id, name) values (1585, 217, 'Миядзаки');
REPLACE INTO region(id, country_id, name) values (1586, 217, 'Нагано');
REPLACE INTO region(id, country_id, name) values (1587, 217, 'Нагасаки');
REPLACE INTO region(id, country_id, name) values (1588, 217, 'Нара');
REPLACE INTO region(id, country_id, name) values (1589, 217, 'Ниигата');
REPLACE INTO region(id, country_id, name) values (1590, 217, 'Окаяма');
REPLACE INTO region(id, country_id, name) values (1591, 217, 'Окинава');
REPLACE INTO region(id, country_id, name) values (1592, 217, 'Осака');
REPLACE INTO region(id, country_id, name) values (1593, 217, 'Сага');
REPLACE INTO region(id, country_id, name) values (1594, 217, 'Сайтама');
REPLACE INTO region(id, country_id, name) values (1595, 217, 'Сига');
REPLACE INTO region(id, country_id, name) values (1596, 217, 'Сидзуока');
REPLACE INTO region(id, country_id, name) values (1597, 217, 'Тиба');
REPLACE INTO region(id, country_id, name) values (1598, 217, 'Токио');
REPLACE INTO region(id, country_id, name) values (1599, 217, 'Токусима');
REPLACE INTO region(id, country_id, name) values (1600, 217, 'Тотиги');
REPLACE INTO region(id, country_id, name) values (1601, 217, 'Тояма');
REPLACE INTO region(id, country_id, name) values (1602, 217, 'Фукуи');
REPLACE INTO region(id, country_id, name) values (1603, 217, 'Фукуока');
REPLACE INTO region(id, country_id, name) values (1604, 217, 'Фукусима');
REPLACE INTO region(id, country_id, name) values (1605, 217, 'Хиросима');
REPLACE INTO region(id, country_id, name) values (1606, 217, 'Хоккайдо');
REPLACE INTO region(id, country_id, name) values (1607, 217, 'Хпого');
REPLACE INTO region(id, country_id, name) values (1608, 217, 'Эхиме');
REPLACE INTO region(id, country_id, name) values (1609, 217, 'Ямагути');
REPLACE INTO region(id, country_id, name) values (1610, 217, 'Яманаси');
REPLACE INTO city(region_id, name) values (1306, 'Сивас');
REPLACE INTO city(region_id, name) values (1370, 'Ahuy');
REPLACE INTO city(region_id, name) values (1370, 'Chtillon-sur-Seine');
REPLACE INTO city(region_id, name) values (1370, 'Chenve');
REPLACE INTO city(region_id, name) values (1370, 'Dijon');
REPLACE INTO city(region_id, name) values (1370, 'Nicey');
REPLACE INTO city(region_id, name) values (1370, 'Spoy');
REPLACE INTO city(region_id, name) values (1370, 'Touillon');
REPLACE INTO city(region_id, name) values (1473, 'Gottwaldov');
REPLACE INTO city(region_id, name) values (1473, 'Kromeriz');
REPLACE INTO city(region_id, name) values (1473, 'Uherske Hradiste');
REPLACE INTO city(region_id, name) values (1473, 'Vsetn');
REPLACE INTO city(region_id, name) values (1473, 'Wszetyn');
REPLACE INTO city(region_id, name) values (1473, 'Zln');
REPLACE INTO city(region_id, name) values (1499, 'La Chaux-de-Fonds');
REPLACE INTO city(region_id, name) values (1499, 'Le Landeron');
REPLACE INTO city(region_id, name) values (1499, 'Marin-Epagnier');
REPLACE INTO city(region_id, name) values (1499, 'Neuchtel');
REPLACE INTO city(region_id, name) values (1524, 'Backa');
REPLACE INTO city(region_id, name) values (1524, 'Hallsberg');
REPLACE INTO city(region_id, name) values (1524, 'Kariskoga');
REPLACE INTO city(region_id, name) values (1524, 'Karlskoga');
REPLACE INTO city(region_id, name) values (1524, 'Lindesberg');
REPLACE INTO city(region_id, name) values (1524, 'Lund');
REPLACE INTO city(region_id, name) values (1524, 'na');
REPLACE INTO city(region_id, name) values (1524, 'rebro');
REPLACE INTO city(region_id, name) values (1524, 'Stlldalen');
REPLACE INTO city(region_id, name) values (1545, 'C.J. Arosemena Tola');
REPLACE INTO city(region_id, name) values (1557, 'Чонгжу');
REPLACE INTO city(region_id, name) values (1557, 'Чунгжу');
REPLACE INTO city(region_id, name) values (1573, 'Ичиномия');
REPLACE INTO city(region_id, name) values (1573, 'Касугаи');
REPLACE INTO city(region_id, name) values (1573, 'Нагоиа');
REPLACE INTO city(region_id, name) values (1573, 'Оказаки');
REPLACE INTO city(region_id, name) values (1573, 'Тойота');
REPLACE INTO city(region_id, name) values (1573, 'Тойохаши');
REPLACE INTO city(region_id, name) values (1307, 'Стамбул');
REPLACE INTO city(region_id, name) values (1371, 'Andel');
REPLACE INTO city(region_id, name) values (1371, 'Chtelaudren');
REPLACE INTO city(region_id, name) values (1371, 'Guingamp');
REPLACE INTO city(region_id, name) values (1371, 'Loscout-sur-Meu');
REPLACE INTO city(region_id, name) values (1371, 'Plrin');
REPLACE INTO city(region_id, name) values (1371, 'Saint-Brieuc');
REPLACE INTO city(region_id, name) values (1371, 'Saint-Jacut-de-la-Mer');
REPLACE INTO city(region_id, name) values (1500, 'Beckenried');
REPLACE INTO city(region_id, name) values (1500, 'Kehrsiten');
REPLACE INTO city(region_id, name) values (1500, 'Stans');
REPLACE INTO city(region_id, name) values (1525, 'Finspng');
REPLACE INTO city(region_id, name) values (1525, 'Linkping');
REPLACE INTO city(region_id, name) values (1525, 'Mjlby');
REPLACE INTO city(region_id, name) values (1525, 'Motala');
REPLACE INTO city(region_id, name) values (1525, 'Norrkping');
REPLACE INTO city(region_id, name) values (1525, 'Skrblacka');
REPLACE INTO city(region_id, name) values (1525, 'Vadstena');
REPLACE INTO city(region_id, name) values (1546, 'Amazonas');
REPLACE INTO city(region_id, name) values (1558, 'Асан');
REPLACE INTO city(region_id, name) values (1558, 'Ч''''онан');
REPLACE INTO city(region_id, name) values (1574, 'Аомори');
REPLACE INTO city(region_id, name) values (1574, 'Гошогавара');
REPLACE INTO city(region_id, name) values (1574, 'Хачинохе');
REPLACE INTO city(region_id, name) values (1574, 'Хиросаки');
REPLACE INTO city(region_id, name) values (1308, 'Корум');
REPLACE INTO city(region_id, name) values (1372, 'Ars');
REPLACE INTO city(region_id, name) values (1372, 'Guret');
REPLACE INTO city(region_id, name) values (1501, 'Grafenort');
REPLACE INTO city(region_id, name) values (1526, 'hus');
REPLACE INTO city(region_id, name) values (1526, 'karp');
REPLACE INTO city(region_id, name) values (1526, 'Alstad');
REPLACE INTO city(region_id, name) values (1526, 'ngelholm');
REPLACE INTO city(region_id, name) values (1526, 'Arlv');
REPLACE INTO city(region_id, name) values (1526, 'storp');
REPLACE INTO city(region_id, name) values (1526, 'Bjrnholm');
REPLACE INTO city(region_id, name) values (1526, 'Bromma');
REPLACE INTO city(region_id, name) values (1526, 'Eslv');
REPLACE INTO city(region_id, name) values (1526, 'Flenninge');
REPLACE INTO city(region_id, name) values (1526, 'Hlsingborg');
REPLACE INTO city(region_id, name) values (1526, 'Hssleholm');
REPLACE INTO city(region_id, name) values (1526, 'Helsingborg');
REPLACE INTO city(region_id, name) values (1526, 'Kristianstad');
REPLACE INTO city(region_id, name) values (1526, 'Landskrona');
REPLACE INTO city(region_id, name) values (1526, 'Lund');
REPLACE INTO city(region_id, name) values (1526, 'Malm');
REPLACE INTO city(region_id, name) values (1526, 'Osby');
REPLACE INTO city(region_id, name) values (1526, 'Simrishamn');
REPLACE INTO city(region_id, name) values (1526, 'Stockholm');
REPLACE INTO city(region_id, name) values (1526, 'Viken');
REPLACE INTO city(region_id, name) values (1526, 'Yxenhult');
REPLACE INTO city(region_id, name) values (1547, 'Arcadia');
REPLACE INTO city(region_id, name) values (1547, 'Machachi');
REPLACE INTO city(region_id, name) values (1547, 'Quinche');
REPLACE INTO city(region_id, name) values (1547, 'Quito');
REPLACE INTO city(region_id, name) values (1547, 'Santo Domingo de los Colorados');
REPLACE INTO city(region_id, name) values (1559, 'Инчхон');
REPLACE INTO city(region_id, name) values (1575, 'Вакэйама');
REPLACE INTO city(region_id, name) values (1575, 'Шингу');
REPLACE INTO city(region_id, name) values (1309, 'Эдирн');
REPLACE INTO city(region_id, name) values (1373, 'Bressuire');
REPLACE INTO city(region_id, name) values (1373, 'Chrign');
REPLACE INTO city(region_id, name) values (1373, 'Niort');
REPLACE INTO city(region_id, name) values (1502, 'Bad Ragaz');
REPLACE INTO city(region_id, name) values (1502, 'Flawil');
REPLACE INTO city(region_id, name) values (1502, 'Flums');
REPLACE INTO city(region_id, name) values (1502, 'Gams');
REPLACE INTO city(region_id, name) values (1502, 'Goldach');
REPLACE INTO city(region_id, name) values (1502, 'Gommiswald');
REPLACE INTO city(region_id, name) values (1502, 'Heerbrugg');
REPLACE INTO city(region_id, name) values (1502, 'Jona');
REPLACE INTO city(region_id, name) values (1502, 'Lichtensteig');
REPLACE INTO city(region_id, name) values (1502, 'Niederuzwil');
REPLACE INTO city(region_id, name) values (1502, 'Rheineck');
REPLACE INTO city(region_id, name) values (1502, 'Rorschacherberg');
REPLACE INTO city(region_id, name) values (1502, 'Sargans');
REPLACE INTO city(region_id, name) values (1502, 'Uzwil');
REPLACE INTO city(region_id, name) values (1502, 'Wittenbach');
REPLACE INTO city(region_id, name) values (1527, 'rsta');
REPLACE INTO city(region_id, name) values (1527, 'Eskilstuna');
REPLACE INTO city(region_id, name) values (1527, 'Flen');
REPLACE INTO city(region_id, name) values (1527, 'Lundby');
REPLACE INTO city(region_id, name) values (1527, 'Nykping');
REPLACE INTO city(region_id, name) values (1527, 'Rosenlund');
REPLACE INTO city(region_id, name) values (1527, 'Strngns');
REPLACE INTO city(region_id, name) values (1527, 'Trosa');
REPLACE INTO city(region_id, name) values (1527, 'Vingker');
REPLACE INTO city(region_id, name) values (1548, 'Baos');
REPLACE INTO city(region_id, name) values (1548, 'Benigno Vela');
REPLACE INTO city(region_id, name) values (1548, 'Bentez');
REPLACE INTO city(region_id, name) values (1560, 'Вонжу');
REPLACE INTO city(region_id, name) values (1560, 'Кангнунг');
REPLACE INTO city(region_id, name) values (1560, 'Тондычон');
REPLACE INTO city(region_id, name) values (1560, 'Чунчон');
REPLACE INTO city(region_id, name) values (1576, 'Кириу');
REPLACE INTO city(region_id, name) values (1576, 'Маебаши');
REPLACE INTO city(region_id, name) values (1576, 'Ота');
REPLACE INTO city(region_id, name) values (1576, 'Такасаки');
REPLACE INTO city(region_id, name) values (1310, 'Элазиг');
REPLACE INTO city(region_id, name) values (1374, 'Besse');
REPLACE INTO city(region_id, name) values (1374, 'Cercles');
REPLACE INTO city(region_id, name) values (1374, 'Le Bugue');
REPLACE INTO city(region_id, name) values (1374, 'Monbazillac');
REPLACE INTO city(region_id, name) values (1374, 'Pazayac');
REPLACE INTO city(region_id, name) values (1374, 'Prigueux');
REPLACE INTO city(region_id, name) values (1374, 'Sarlat-la-Canda');
REPLACE INTO city(region_id, name) values (1503, 'Beringen');
REPLACE INTO city(region_id, name) values (1503, 'Schaffhausen');
REPLACE INTO city(region_id, name) values (1528, 'Abborkroken');
REPLACE INTO city(region_id, name) values (1528, 'by');
REPLACE INTO city(region_id, name) values (1528, 'dala');
REPLACE INTO city(region_id, name) values (1528, 'kersberg');
REPLACE INTO city(region_id, name) values (1528, 'kersberga');
REPLACE INTO city(region_id, name) values (1528, 'keshov');
REPLACE INTO city(region_id, name) values (1528, 'Albano');
REPLACE INTO city(region_id, name) values (1528, 'Alby');
REPLACE INTO city(region_id, name) values (1528, 'lmora');
REPLACE INTO city(region_id, name) values (1528, 'Almvik');
REPLACE INTO city(region_id, name) values (1528, 'lsten');
REPLACE INTO city(region_id, name) values (1528, 'Alvik');
REPLACE INTO city(region_id, name) values (1528, 'lvsj');
REPLACE INTO city(region_id, name) values (1528, 'rsta');
REPLACE INTO city(region_id, name) values (1528, 'Aspudden');
REPLACE INTO city(region_id, name) values (1528, 'Backa');
REPLACE INTO city(region_id, name) values (1528, 'Barkaby');
REPLACE INTO city(region_id, name) values (1528, 'Botkyrka');
REPLACE INTO city(region_id, name) values (1528, 'Bro');
REPLACE INTO city(region_id, name) values (1528, 'Bromma');
REPLACE INTO city(region_id, name) values (1528, 'Dalar');
REPLACE INTO city(region_id, name) values (1528, 'Danderyd');
REPLACE INTO city(region_id, name) values (1528, 'Drottningholm');
REPLACE INTO city(region_id, name) values (1528, 'Eriksund');
REPLACE INTO city(region_id, name) values (1528, 'Fagersj');
REPLACE INTO city(region_id, name) values (1528, 'Farsta');
REPLACE INTO city(region_id, name) values (1528, 'Fiskstra');
REPLACE INTO city(region_id, name) values (1528, 'Fittja');
REPLACE INTO city(region_id, name) values (1528, 'Fridhem');
REPLACE INTO city(region_id, name) values (1528, 'Gamla Stan');
REPLACE INTO city(region_id, name) values (1528, 'Grundvik');
REPLACE INTO city(region_id, name) values (1528, 'Handen');
REPLACE INTO city(region_id, name) values (1528, 'Harg');
REPLACE INTO city(region_id, name) values (1528, 'Hsselby');
REPLACE INTO city(region_id, name) values (1528, 'Huddinge');
REPLACE INTO city(region_id, name) values (1528, 'Husby');
REPLACE INTO city(region_id, name) values (1528, 'Islinge');
REPLACE INTO city(region_id, name) values (1528, 'Jakobsberg');
REPLACE INTO city(region_id, name) values (1528, 'Karlsvik');
REPLACE INTO city(region_id, name) values (1528, 'Kista');
REPLACE INTO city(region_id, name) values (1528, 'Kristineberg');
REPLACE INTO city(region_id, name) values (1528, 'Labben');
REPLACE INTO city(region_id, name) values (1528, 'Liding');
REPLACE INTO city(region_id, name) values (1528, 'Marsta');
REPLACE INTO city(region_id, name) values (1528, 'Mrsta');
REPLACE INTO city(region_id, name) values (1528, 'Nacka');
REPLACE INTO city(region_id, name) values (1528, 'Norrtelje');
REPLACE INTO city(region_id, name) values (1528, 'Norsborg');
REPLACE INTO city(region_id, name) values (1528, 'Nynshamm');
REPLACE INTO city(region_id, name) values (1528, 'Nynshamn');
REPLACE INTO city(region_id, name) values (1528, 'Orninge');
REPLACE INTO city(region_id, name) values (1528, 'stermalm');
REPLACE INTO city(region_id, name) values (1528, 'Rickeby');
REPLACE INTO city(region_id, name) values (1528, 'Rinkeby');
REPLACE INTO city(region_id, name) values (1528, 'Saln');
REPLACE INTO city(region_id, name) values (1528, 'Saltsjbaden');
REPLACE INTO city(region_id, name) values (1528, 'Sigtuna');
REPLACE INTO city(region_id, name) values (1528, 'Skrholmen');
REPLACE INTO city(region_id, name) values (1528, 'Sdermalm');
REPLACE INTO city(region_id, name) values (1528, 'Sdertlje');
REPLACE INTO city(region_id, name) values (1528, 'Sollentuna');
REPLACE INTO city(region_id, name) values (1528, 'Solna');
REPLACE INTO city(region_id, name) values (1528, 'Sol');
REPLACE INTO city(region_id, name) values (1528, 'Sotinge');
REPLACE INTO city(region_id, name) values (1528, 'Spnga');
REPLACE INTO city(region_id, name) values (1528, 'Stockholm');
REPLACE INTO city(region_id, name) values (1528, 'Stocksund');
REPLACE INTO city(region_id, name) values (1528, 'Storholmen');
REPLACE INTO city(region_id, name) values (1528, 'Sundbyberg');
REPLACE INTO city(region_id, name) values (1528, 'Sundyberg');
REPLACE INTO city(region_id, name) values (1528, 'Svarts');
REPLACE INTO city(region_id, name) values (1528, 'Svedmyra');
REPLACE INTO city(region_id, name) values (1528, 'Tby');
REPLACE INTO city(region_id, name) values (1528, 'Tumba');
REPLACE INTO city(region_id, name) values (1528, 'Uplands Vsby');
REPLACE INTO city(region_id, name) values (1528, 'Upplands-Vsby');
REPLACE INTO city(region_id, name) values (1528, 'Uppsala');
REPLACE INTO city(region_id, name) values (1528, 'Vllingby');
REPLACE INTO city(region_id, name) values (1528, 'Vrby');
REPLACE INTO city(region_id, name) values (1528, 'Vista');
REPLACE INTO city(region_id, name) values (1528, 'Vitsand');
REPLACE INTO city(region_id, name) values (1561, 'Кванчжу');
REPLACE INTO city(region_id, name) values (1577, 'Ибараки');
REPLACE INTO city(region_id, name) values (1577, 'Мито');
REPLACE INTO city(region_id, name) values (1577, 'Хитачи');
REPLACE INTO city(region_id, name) values (1577, 'Цущиура');
REPLACE INTO city(region_id, name) values (1311, 'Эрзинкан');
REPLACE INTO city(region_id, name) values (1375, 'Alaise');
REPLACE INTO city(region_id, name) values (1375, 'Besanon');
REPLACE INTO city(region_id, name) values (1375, 'Doubs');
REPLACE INTO city(region_id, name) values (1375, 'Montbliard');
REPLACE INTO city(region_id, name) values (1375, 'Sochaux');
REPLACE INTO city(region_id, name) values (1375, 'Vaux-et-Chantegrue');
REPLACE INTO city(region_id, name) values (1375, 'Villers-le-Lac');
REPLACE INTO city(region_id, name) values (1504, 'Altendorf');
REPLACE INTO city(region_id, name) values (1504, 'Brunnen');
REPLACE INTO city(region_id, name) values (1504, 'Einsiedeln');
REPLACE INTO city(region_id, name) values (1504, 'Sattel');
REPLACE INTO city(region_id, name) values (1504, 'Schindellegi');
REPLACE INTO city(region_id, name) values (1504, 'Schwyz');
REPLACE INTO city(region_id, name) values (1529, 'dalen');
REPLACE INTO city(region_id, name) values (1529, 'Askskr');
REPLACE INTO city(region_id, name) values (1529, 'Blsta');
REPLACE INTO city(region_id, name) values (1529, 'Enkping');
REPLACE INTO city(region_id, name) values (1529, 'Fiskvik');
REPLACE INTO city(region_id, name) values (1529, 'Malma');
REPLACE INTO city(region_id, name) values (1529, 'Skutskr');
REPLACE INTO city(region_id, name) values (1529, 'Tierp');
REPLACE INTO city(region_id, name) values (1529, 'Uppland');
REPLACE INTO city(region_id, name) values (1529, 'Uppsala');
REPLACE INTO city(region_id, name) values (1562, 'Йонгжу');
REPLACE INTO city(region_id, name) values (1562, 'Сувон');
REPLACE INTO city(region_id, name) values (1578, 'Мииако');
REPLACE INTO city(region_id, name) values (1578, 'Мориока');
REPLACE INTO city(region_id, name) values (1312, 'Эрзурум');
REPLACE INTO city(region_id, name) values (1376, 'Alixan');
REPLACE INTO city(region_id, name) values (1376, 'Barbires');
REPLACE INTO city(region_id, name) values (1376, 'Beauvallon');
REPLACE INTO city(region_id, name) values (1376, 'Bourg-ls-Valence');
REPLACE INTO city(region_id, name) values (1376, 'Montlimar');
REPLACE INTO city(region_id, name) values (1376, 'Pierrelatte');
REPLACE INTO city(region_id, name) values (1376, 'Romans-sur-Isre');
REPLACE INTO city(region_id, name) values (1376, 'Tain-l''''Hermitage');
REPLACE INTO city(region_id, name) values (1376, 'Valence');
REPLACE INTO city(region_id, name) values (1505, 'Egerkingen');
REPLACE INTO city(region_id, name) values (1505, 'Gerlafingen');
REPLACE INTO city(region_id, name) values (1505, 'Grenchen');
REPLACE INTO city(region_id, name) values (1505, 'Halten');
REPLACE INTO city(region_id, name) values (1505, 'Obergsgen');
REPLACE INTO city(region_id, name) values (1505, 'Olten');
REPLACE INTO city(region_id, name) values (1505, 'Solothurn');
REPLACE INTO city(region_id, name) values (1530, 'Filipstad');
REPLACE INTO city(region_id, name) values (1530, 'Grums');
REPLACE INTO city(region_id, name) values (1530, 'Hammar');
REPLACE INTO city(region_id, name) values (1530, 'Karlstad');
REPLACE INTO city(region_id, name) values (1530, 'Kristinehamn');
REPLACE INTO city(region_id, name) values (1530, 'Lesjfors');
REPLACE INTO city(region_id, name) values (1530, 'Linds');
REPLACE INTO city(region_id, name) values (1530, 'Storfors');
REPLACE INTO city(region_id, name) values (1530, 'Vesters');
REPLACE INTO city(region_id, name) values (1563, 'Андонг');
REPLACE INTO city(region_id, name) values (1563, 'Кионгджу');
REPLACE INTO city(region_id, name) values (1563, 'П''''оханг');
REPLACE INTO city(region_id, name) values (1579, 'Каназава');
REPLACE INTO city(region_id, name) values (1313, 'Ескисехир');
REPLACE INTO city(region_id, name) values (1377, 'Bivres');
REPLACE INTO city(region_id, name) values (1377, 'vry');
REPLACE INTO city(region_id, name) values (1506, 'Amriswil');
REPLACE INTO city(region_id, name) values (1506, 'Arbon');
REPLACE INTO city(region_id, name) values (1506, 'Egnach');
REPLACE INTO city(region_id, name) values (1506, 'Frauenfeld');
REPLACE INTO city(region_id, name) values (1506, 'Kreuzlingen');
REPLACE INTO city(region_id, name) values (1506, 'Romanshorn');
REPLACE INTO city(region_id, name) values (1506, 'Schlattingen');
REPLACE INTO city(region_id, name) values (1506, 'Steckborn');
REPLACE INTO city(region_id, name) values (1531, 'sele');
REPLACE INTO city(region_id, name) values (1531, 'Boliden');
REPLACE INTO city(region_id, name) values (1531, 'Skellefte');
REPLACE INTO city(region_id, name) values (1531, 'Ume');
REPLACE INTO city(region_id, name) values (1564, 'Масан');
REPLACE INTO city(region_id, name) values (1564, 'Мирианг');
REPLACE INTO city(region_id, name) values (1564, 'Чинхэ');
REPLACE INTO city(region_id, name) values (1564, 'Чиню');
REPLACE INTO city(region_id, name) values (1580, 'Каноя');
REPLACE INTO city(region_id, name) values (1378, 'Acon');
REPLACE INTO city(region_id, name) values (1378, 'Amfreville-sur-Iton');
REPLACE INTO city(region_id, name) values (1378, 'Brionne');
REPLACE INTO city(region_id, name) values (1378, 'vreux');
REPLACE INTO city(region_id, name) values (1378, 'Vernon');
REPLACE INTO city(region_id, name) values (1507, 'Agno');
REPLACE INTO city(region_id, name) values (1507, 'Ascona');
REPLACE INTO city(region_id, name) values (1507, 'Bellinzona');
REPLACE INTO city(region_id, name) values (1507, 'Locarno');
REPLACE INTO city(region_id, name) values (1507, 'Lugano');
REPLACE INTO city(region_id, name) values (1507, 'Stabio');
REPLACE INTO city(region_id, name) values (1507, 'Tenero');
REPLACE INTO city(region_id, name) values (1532, 'Alby');
REPLACE INTO city(region_id, name) values (1532, 'lfva');
REPLACE INTO city(region_id, name) values (1532, 'Almsjns');
REPLACE INTO city(region_id, name) values (1532, 'nge');
REPLACE INTO city(region_id, name) values (1532, 'Hrnsand');
REPLACE INTO city(region_id, name) values (1532, 'Husum');
REPLACE INTO city(region_id, name) values (1532, 'Kramfors');
REPLACE INTO city(region_id, name) values (1532, 'Lucksta');
REPLACE INTO city(region_id, name) values (1532, 'rnskldsvik');
REPLACE INTO city(region_id, name) values (1532, 'Sundsvall');
REPLACE INTO city(region_id, name) values (1565, 'Пусан');
REPLACE INTO city(region_id, name) values (1581, 'Зуши');
REPLACE INTO city(region_id, name) values (1581, 'Йокогама');
REPLACE INTO city(region_id, name) values (1581, 'Йокосука');
REPLACE INTO city(region_id, name) values (1581, 'Камакура');
REPLACE INTO city(region_id, name) values (1581, 'Одавара');
REPLACE INTO city(region_id, name) values (1581, 'Хиратсука');
REPLACE INTO city(region_id, name) values (1379, 'Anet');
REPLACE INTO city(region_id, name) values (1379, 'Brou');
REPLACE INTO city(region_id, name) values (1379, 'Chartres');
REPLACE INTO city(region_id, name) values (1508, 'Erstfeld');
REPLACE INTO city(region_id, name) values (1508, 'Intschi');
REPLACE INTO city(region_id, name) values (1508, 'Realp');
REPLACE INTO city(region_id, name) values (1508, 'Rtli');
REPLACE INTO city(region_id, name) values (1508, 'Sisikon');
REPLACE INTO city(region_id, name) values (1533, 'Aberga');
REPLACE INTO city(region_id, name) values (1533, 'Arboga');
REPLACE INTO city(region_id, name) values (1533, 'vestbo');
REPLACE INTO city(region_id, name) values (1533, 'Fagersta');
REPLACE INTO city(region_id, name) values (1533, 'Kping');
REPLACE INTO city(region_id, name) values (1533, 'Olsta');
REPLACE INTO city(region_id, name) values (1533, 'Sala');
REPLACE INTO city(region_id, name) values (1533, 'Vsters');
REPLACE INTO city(region_id, name) values (1566, 'Сеул');
REPLACE INTO city(region_id, name) values (1582, 'Киото');
REPLACE INTO city(region_id, name) values (1582, 'Маизуру');
REPLACE INTO city(region_id, name) values (1582, 'Фукучииама');
REPLACE INTO city(region_id, name) values (1380, 'Audierne');
REPLACE INTO city(region_id, name) values (1380, 'Brest');
REPLACE INTO city(region_id, name) values (1380, 'Huelgoat');
REPLACE INTO city(region_id, name) values (1380, 'Molan-sur-Mer');
REPLACE INTO city(region_id, name) values (1380, 'Quimper');
REPLACE INTO city(region_id, name) values (1509, 'Arolla');
REPLACE INTO city(region_id, name) values (1509, 'Brig');
REPLACE INTO city(region_id, name) values (1509, 'Collombey');
REPLACE INTO city(region_id, name) values (1509, 'Leukerbad');
REPLACE INTO city(region_id, name) values (1509, 'Monthey');
REPLACE INTO city(region_id, name) values (1509, 'Sierre');
REPLACE INTO city(region_id, name) values (1509, 'Sion');
REPLACE INTO city(region_id, name) values (1534, '');
REPLACE INTO city(region_id, name) values (1534, 'Bengtsfors');
REPLACE INTO city(region_id, name) values (1534, 'Bjurdammen');
REPLACE INTO city(region_id, name) values (1534, 'Bors');
REPLACE INTO city(region_id, name) values (1534, 'Borrs');
REPLACE INTO city(region_id, name) values (1534, 'Fly');
REPLACE INTO city(region_id, name) values (1534, 'Goeteborg');
REPLACE INTO city(region_id, name) values (1534, 'Gteborg');
REPLACE INTO city(region_id, name) values (1534, 'Goteburg');
REPLACE INTO city(region_id, name) values (1534, 'Gtene');
REPLACE INTO city(region_id, name) values (1534, 'Gothenburg');
REPLACE INTO city(region_id, name) values (1534, 'Kunglv');
REPLACE INTO city(region_id, name) values (1534, 'Lidkping');
REPLACE INTO city(region_id, name) values (1534, 'Malm');
REPLACE INTO city(region_id, name) values (1534, 'Mariestad');
REPLACE INTO city(region_id, name) values (1534, 'Mlndal');
REPLACE INTO city(region_id, name) values (1534, 'Skene');
REPLACE INTO city(region_id, name) values (1534, 'Skepplanda');
REPLACE INTO city(region_id, name) values (1534, 'Skvde');
REPLACE INTO city(region_id, name) values (1534, 'Strmstad');
REPLACE INTO city(region_id, name) values (1534, 'Svinesund');
REPLACE INTO city(region_id, name) values (1534, 'Trollhttan');
REPLACE INTO city(region_id, name) values (1534, 'Uddevalla');
REPLACE INTO city(region_id, name) values (1534, 'Ulricehamn');
REPLACE INTO city(region_id, name) values (1534, 'Vnersborg');
REPLACE INTO city(region_id, name) values (1534, 'Ytterstad');
REPLACE INTO city(region_id, name) values (1567, 'Тэгу');
REPLACE INTO city(region_id, name) values (1583, 'Кочи');
REPLACE INTO city(region_id, name) values (1381, 'Als');
REPLACE INTO city(region_id, name) values (1381, 'Marguerittes');
REPLACE INTO city(region_id, name) values (1381, 'Nmes');
REPLACE INTO city(region_id, name) values (1381, 'Poulx');
REPLACE INTO city(region_id, name) values (1510, 'Ballaigues');
REPLACE INTO city(region_id, name) values (1510, 'Belmont-sur-Lausanne');
REPLACE INTO city(region_id, name) values (1510, 'Chexbres');
REPLACE INTO city(region_id, name) values (1510, 'Epalinges');
REPLACE INTO city(region_id, name) values (1510, 'Gryon');
REPLACE INTO city(region_id, name) values (1510, 'Lausanne');
REPLACE INTO city(region_id, name) values (1510, 'Leysin');
REPLACE INTO city(region_id, name) values (1510, 'Montreux');
REPLACE INTO city(region_id, name) values (1510, 'Nyon');
REPLACE INTO city(region_id, name) values (1510, 'Rolle');
REPLACE INTO city(region_id, name) values (1510, 'Vevey');
REPLACE INTO city(region_id, name) values (1510, 'Yens');
REPLACE INTO city(region_id, name) values (1510, 'Yverdon');
REPLACE INTO city(region_id, name) values (1568, 'Тэджон');
REPLACE INTO city(region_id, name) values (1584, 'Ишиномаки');
REPLACE INTO city(region_id, name) values (1584, 'Матсушима');
REPLACE INTO city(region_id, name) values (1584, 'Сендай');
REPLACE INTO city(region_id, name) values (1584, 'Фурукава');
REPLACE INTO city(region_id, name) values (1382, 'Auch');
REPLACE INTO city(region_id, name) values (1382, 'Gaujan');
REPLACE INTO city(region_id, name) values (1382, 'Sainte-Christie-d''''Armagnac');
REPLACE INTO city(region_id, name) values (1511, 'Baar');
REPLACE INTO city(region_id, name) values (1511, 'Cham');
REPLACE INTO city(region_id, name) values (1511, 'Rotkreuz');
REPLACE INTO city(region_id, name) values (1511, 'Zug');
REPLACE INTO city(region_id, name) values (1569, 'Ульсан');
REPLACE INTO city(region_id, name) values (1585, 'Мииазаки');
REPLACE INTO city(region_id, name) values (1585, 'Мииаконойо');
REPLACE INTO city(region_id, name) values (1383, 'Andernos-les-Bains');
REPLACE INTO city(region_id, name) values (1383, 'Arcachon');
REPLACE INTO city(region_id, name) values (1383, 'Aubiac');
REPLACE INTO city(region_id, name) values (1383, 'Blanquefort');
REPLACE INTO city(region_id, name) values (1383, 'Bordeaux');
REPLACE INTO city(region_id, name) values (1383, 'Cadillac');
REPLACE INTO city(region_id, name) values (1383, 'Carbon-Blanc');
REPLACE INTO city(region_id, name) values (1383, 'Langon');
REPLACE INTO city(region_id, name) values (1512, 'Adliswil');
REPLACE INTO city(region_id, name) values (1512, 'Affoltern am Albis');
REPLACE INTO city(region_id, name) values (1512, 'Bassersdorf');
REPLACE INTO city(region_id, name) values (1512, 'Bauma');
REPLACE INTO city(region_id, name) values (1512, 'Brtten');
REPLACE INTO city(region_id, name) values (1512, 'Blach');
REPLACE INTO city(region_id, name) values (1512, 'Dielsdorf');
REPLACE INTO city(region_id, name) values (1512, 'Dietikon');
REPLACE INTO city(region_id, name) values (1512, 'Dietlikon');
REPLACE INTO city(region_id, name) values (1512, 'Dbendorf');
REPLACE INTO city(region_id, name) values (1512, 'Feldbach');
REPLACE INTO city(region_id, name) values (1512, 'Hombrechtikon');
REPLACE INTO city(region_id, name) values (1512, 'Horgen');
REPLACE INTO city(region_id, name) values (1512, 'Kloten');
REPLACE INTO city(region_id, name) values (1512, 'Lindau');
REPLACE INTO city(region_id, name) values (1512, 'Mnnedorf');
REPLACE INTO city(region_id, name) values (1512, 'Stfa');
REPLACE INTO city(region_id, name) values (1512, 'Thalwil');
REPLACE INTO city(region_id, name) values (1512, 'Uetliberg');
REPLACE INTO city(region_id, name) values (1512, 'Wdenswil');
REPLACE INTO city(region_id, name) values (1512, 'Winterthur');
REPLACE INTO city(region_id, name) values (1512, 'Zumikon');
REPLACE INTO city(region_id, name) values (1512, 'Zrich');
REPLACE INTO city(region_id, name) values (1570, 'Кимпо');
REPLACE INTO city(region_id, name) values (1586, 'Матсумото');
REPLACE INTO city(region_id, name) values (1586, 'Нагано');
REPLACE INTO city(region_id, name) values (1586, 'Саку');
REPLACE INTO city(region_id, name) values (1384, 'Bollwiller');
REPLACE INTO city(region_id, name) values (1384, 'Colmar');
REPLACE INTO city(region_id, name) values (1384, 'Illzach');
REPLACE INTO city(region_id, name) values (1384, 'Mulhouse');
REPLACE INTO city(region_id, name) values (1384, 'Riedisheim');
REPLACE INTO city(region_id, name) values (1384, 'Saint-Amarin');
REPLACE INTO city(region_id, name) values (1384, 'Saint-Louis');
REPLACE INTO city(region_id, name) values (1384, 'Thann');
REPLACE INTO city(region_id, name) values (1587, 'Исахая');
REPLACE INTO city(region_id, name) values (1587, 'Нагасаки');
REPLACE INTO city(region_id, name) values (1587, 'Сасэбо');
REPLACE INTO city(region_id, name) values (1385, 'Arbas');
REPLACE INTO city(region_id, name) values (1385, 'Colomiers');
REPLACE INTO city(region_id, name) values (1385, 'Lavalette');
REPLACE INTO city(region_id, name) values (1385, 'Lourde');
REPLACE INTO city(region_id, name) values (1385, 'Menville');
REPLACE INTO city(region_id, name) values (1385, 'Muret');
REPLACE INTO city(region_id, name) values (1385, 'Toulouse');
REPLACE INTO city(region_id, name) values (1588, 'Нара');
REPLACE INTO city(region_id, name) values (1386, 'Beaux');
REPLACE INTO city(region_id, name) values (1386, 'Langeac');
REPLACE INTO city(region_id, name) values (1386, 'Le Puy-en-Velay');
REPLACE INTO city(region_id, name) values (1386, 'Sainte-Florine');
REPLACE INTO city(region_id, name) values (1589, 'Нагаока');
REPLACE INTO city(region_id, name) values (1589, 'Ниигата');
REPLACE INTO city(region_id, name) values (1589, 'Цубаме');
REPLACE INTO city(region_id, name) values (1589, 'Шибата');
REPLACE INTO city(region_id, name) values (1590, 'Окэйама');
REPLACE INTO city(region_id, name) values (1388, 'Amage');
REPLACE INTO city(region_id, name) values (1591, 'Ишигаки');
REPLACE INTO city(region_id, name) values (1591, 'Наха');
REPLACE INTO city(region_id, name) values (1389, 'Annecy');
REPLACE INTO city(region_id, name) values (1389, 'Annemasse');
REPLACE INTO city(region_id, name) values (1389, 'Chamonix-Mont-Blanc');
REPLACE INTO city(region_id, name) values (1389, 'Cluses');
REPLACE INTO city(region_id, name) values (1389, 'Douvaine');
REPLACE INTO city(region_id, name) values (1389, 'vian-les-Bains');
REPLACE INTO city(region_id, name) values (1389, 'Saint-Julien-en-Genevois');
REPLACE INTO city(region_id, name) values (1389, 'Veigy-Foncenex');
REPLACE INTO city(region_id, name) values (1592, 'Даито');
REPLACE INTO city(region_id, name) values (1592, 'Матсубара');
REPLACE INTO city(region_id, name) values (1592, 'Ниагава');
REPLACE INTO city(region_id, name) values (1592, 'Осака');
REPLACE INTO city(region_id, name) values (1592, 'Хираката');
REPLACE INTO city(region_id, name) values (1592, 'Яо');
REPLACE INTO city(region_id, name) values (1390, 'Aixe-sur-Vienne');
REPLACE INTO city(region_id, name) values (1390, 'Couzeix');
REPLACE INTO city(region_id, name) values (1390, 'Limoges');
REPLACE INTO city(region_id, name) values (1593, 'Каратсу');
REPLACE INTO city(region_id, name) values (1593, 'Сага');
REPLACE INTO city(region_id, name) values (1391, 'Claret');
REPLACE INTO city(region_id, name) values (1391, 'Gap');
REPLACE INTO city(region_id, name) values (1391, 'Orcires');
REPLACE INTO city(region_id, name) values (1391, 'Vallouise');
REPLACE INTO city(region_id, name) values (1594, 'Вараби');
REPLACE INTO city(region_id, name) values (1594, 'Иватсуки');
REPLACE INTO city(region_id, name) values (1594, 'Йоно');
REPLACE INTO city(region_id, name) values (1594, 'Кавагоэ');
REPLACE INTO city(region_id, name) values (1594, 'Кавагучи');
REPLACE INTO city(region_id, name) values (1594, 'Кошигэйа');
REPLACE INTO city(region_id, name) values (1594, 'Кумагэйа');
REPLACE INTO city(region_id, name) values (1594, 'Сока');
REPLACE INTO city(region_id, name) values (1594, 'Ханно');
REPLACE INTO city(region_id, name) values (1392, 'Arn');
REPLACE INTO city(region_id, name) values (1392, 'Lannemezan');
REPLACE INTO city(region_id, name) values (1392, 'Lourdes');
REPLACE INTO city(region_id, name) values (1392, 'Maulon-Barousse');
REPLACE INTO city(region_id, name) values (1392, 'Tarbes');
REPLACE INTO city(region_id, name) values (1392, 'Vic-en-Bigorre');
REPLACE INTO city(region_id, name) values (1595, 'Отсу');
REPLACE INTO city(region_id, name) values (1595, 'Хикон');
REPLACE INTO city(region_id, name) values (1393, 'Bois-Colombes');
REPLACE INTO city(region_id, name) values (1393, 'Boulogne-Billancourt');
REPLACE INTO city(region_id, name) values (1393, 'Bourg-la-Reine');
REPLACE INTO city(region_id, name) values (1393, 'Nanterre');
REPLACE INTO city(region_id, name) values (1393, 'Neuilly-sur-Seine');
REPLACE INTO city(region_id, name) values (1393, 'Puteaux');
REPLACE INTO city(region_id, name) values (1393, 'Saint-Cloud');
REPLACE INTO city(region_id, name) values (1596, 'Атами');
REPLACE INTO city(region_id, name) values (1596, 'Фуджи');
REPLACE INTO city(region_id, name) values (1394, 'Agde');
REPLACE INTO city(region_id, name) values (1394, 'Bdarieux');
REPLACE INTO city(region_id, name) values (1394, 'Bziers');
REPLACE INTO city(region_id, name) values (1394, 'La Grande Motte');
REPLACE INTO city(region_id, name) values (1394, 'Montpellier');
REPLACE INTO city(region_id, name) values (1394, 'Plaissan');
REPLACE INTO city(region_id, name) values (1394, 'Poussan');
REPLACE INTO city(region_id, name) values (1394, 'Ste');
REPLACE INTO city(region_id, name) values (1597, 'Ичикава');
REPLACE INTO city(region_id, name) values (1597, 'Кашива');
REPLACE INTO city(region_id, name) values (1597, 'Нода');
REPLACE INTO city(region_id, name) values (1597, 'Фунабаши');
REPLACE INTO city(region_id, name) values (1597, 'Чиба');
REPLACE INTO city(region_id, name) values (1395, 'Baguer-Morvan');
REPLACE INTO city(region_id, name) values (1395, 'Cancale');
REPLACE INTO city(region_id, name) values (1395, 'Dinard');
REPLACE INTO city(region_id, name) values (1395, 'Fougres');
REPLACE INTO city(region_id, name) values (1395, 'Gvez');
REPLACE INTO city(region_id, name) values (1395, 'Laill');
REPLACE INTO city(region_id, name) values (1395, 'Rennes');
REPLACE INTO city(region_id, name) values (1395, 'Saint-Malo');
REPLACE INTO city(region_id, name) values (1395, 'Vitr');
REPLACE INTO city(region_id, name) values (1598, 'Кодаира');
REPLACE INTO city(region_id, name) values (1598, 'Мачида');
REPLACE INTO city(region_id, name) values (1598, 'Митака');
REPLACE INTO city(region_id, name) values (1598, 'Мусашино');
REPLACE INTO city(region_id, name) values (1598, 'Тачикава');
REPLACE INTO city(region_id, name) values (1598, 'Токио');
REPLACE INTO city(region_id, name) values (1598, 'Хачиойи');
REPLACE INTO city(region_id, name) values (1598, 'Хофу');
REPLACE INTO city(region_id, name) values (1396, 'Chteauroux');
REPLACE INTO city(region_id, name) values (1599, 'Токушима');
REPLACE INTO city(region_id, name) values (1397, 'Amboise');
REPLACE INTO city(region_id, name) values (1397, 'Cormery');
REPLACE INTO city(region_id, name) values (1397, 'Saint-Martin-le-Beau');
REPLACE INTO city(region_id, name) values (1397, 'Tours');
REPLACE INTO city(region_id, name) values (1600, 'Ашикага');
REPLACE INTO city(region_id, name) values (1600, 'Отавара');
REPLACE INTO city(region_id, name) values (1600, 'Утсуномииа');
REPLACE INTO city(region_id, name) values (1398, 'Bourgoin-Jallieu');
REPLACE INTO city(region_id, name) values (1398, 'Grenoble');
REPLACE INTO city(region_id, name) values (1601, 'Такаока');
REPLACE INTO city(region_id, name) values (1601, 'Тояма');
REPLACE INTO city(region_id, name) values (1399, 'Abergement-le-Petit');
REPLACE INTO city(region_id, name) values (1399, 'Besain');
REPLACE INTO city(region_id, name) values (1399, 'Biarne');
REPLACE INTO city(region_id, name) values (1399, 'Dole');
REPLACE INTO city(region_id, name) values (1399, 'Lains');
REPLACE INTO city(region_id, name) values (1399, 'Lons-le-Saunier');
REPLACE INTO city(region_id, name) values (1399, 'Tavaux');
REPLACE INTO city(region_id, name) values (1602, 'Оно');
REPLACE INTO city(region_id, name) values (1602, 'Фукуи');
REPLACE INTO city(region_id, name) values (1400, 'Aire-sur-l''''Adour');
REPLACE INTO city(region_id, name) values (1400, 'Azur');
REPLACE INTO city(region_id, name) values (1400, 'Mont-de-Marsan');
REPLACE INTO city(region_id, name) values (1400, 'Saint-Michel-Escalus');
REPLACE INTO city(region_id, name) values (1603, 'Китакиушу');
REPLACE INTO city(region_id, name) values (1603, 'Ногата');
REPLACE INTO city(region_id, name) values (1603, 'Омута');
REPLACE INTO city(region_id, name) values (1603, 'Фукуока');
REPLACE INTO city(region_id, name) values (1401, 'Arville');
REPLACE INTO city(region_id, name) values (1401, 'Blois');
REPLACE INTO city(region_id, name) values (1401, 'Romorantin-Lanthenay');
REPLACE INTO city(region_id, name) values (1604, 'Иваки');
REPLACE INTO city(region_id, name) values (1604, 'Корииама');
REPLACE INTO city(region_id, name) values (1402, 'Bard');
REPLACE INTO city(region_id, name) values (1402, 'La Gresle');
REPLACE INTO city(region_id, name) values (1402, 'La Valla');
REPLACE INTO city(region_id, name) values (1402, 'La Versanne');
REPLACE INTO city(region_id, name) values (1402, 'Lay');
REPLACE INTO city(region_id, name) values (1402, 'Mably');
REPLACE INTO city(region_id, name) values (1402, 'Roanne');
REPLACE INTO city(region_id, name) values (1402, 'Saint-tienne');
REPLACE INTO city(region_id, name) values (1605, 'Фукуиама');
REPLACE INTO city(region_id, name) values (1605, 'Хирошима');
REPLACE INTO city(region_id, name) values (1403, 'Abbaretz');
REPLACE INTO city(region_id, name) values (1403, 'Ancenis');
REPLACE INTO city(region_id, name) values (1403, 'Casson');
REPLACE INTO city(region_id, name) values (1403, 'La Baule-Escoublac');
REPLACE INTO city(region_id, name) values (1403, 'La Roche-Blanche');
REPLACE INTO city(region_id, name) values (1403, 'Nantes');
REPLACE INTO city(region_id, name) values (1403, 'Pornic');
REPLACE INTO city(region_id, name) values (1403, 'Port-Saint-Pre');
REPLACE INTO city(region_id, name) values (1403, 'Saint-Lyphard');
REPLACE INTO city(region_id, name) values (1403, 'Saint-Nazaire');
REPLACE INTO city(region_id, name) values (1606, 'Абашири');
REPLACE INTO city(region_id, name) values (1606, 'Асахигава');
REPLACE INTO city(region_id, name) values (1606, 'Вакканаи');
REPLACE INTO city(region_id, name) values (1606, 'Китами');
REPLACE INTO city(region_id, name) values (1606, 'Куширо');
REPLACE INTO city(region_id, name) values (1606, 'Обихиро');
REPLACE INTO city(region_id, name) values (1606, 'Отару');
REPLACE INTO city(region_id, name) values (1606, 'Саппоро');
REPLACE INTO city(region_id, name) values (1606, 'Томакомаи');
REPLACE INTO city(region_id, name) values (1606, 'Хакодата');
REPLACE INTO city(region_id, name) values (1404, 'Chapelon');
REPLACE INTO city(region_id, name) values (1404, 'Gien');
REPLACE INTO city(region_id, name) values (1404, 'Montargis');
REPLACE INTO city(region_id, name) values (1404, 'Orlans');
REPLACE INTO city(region_id, name) values (1607, 'Акаши');
REPLACE INTO city(region_id, name) values (1607, 'Какогава');
REPLACE INTO city(region_id, name) values (1607, 'Химейи');
REPLACE INTO city(region_id, name) values (1405, 'Baladou');
REPLACE INTO city(region_id, name) values (1405, 'Cahors');
REPLACE INTO city(region_id, name) values (1405, 'Figeac');
REPLACE INTO city(region_id, name) values (1405, 'Vers');
REPLACE INTO city(region_id, name) values (1608, 'Увайима');
REPLACE INTO city(region_id, name) values (1406, 'Agen');
REPLACE INTO city(region_id, name) values (1406, 'Estillac');
REPLACE INTO city(region_id, name) values (1406, 'Laroque-Timbaut');
REPLACE INTO city(region_id, name) values (1609, 'Ивакуни');
REPLACE INTO city(region_id, name) values (1609, 'Токуиама');
REPLACE INTO city(region_id, name) values (1609, 'Ямагучи');
REPLACE INTO city(region_id, name) values (1407, 'Langogne');
REPLACE INTO city(region_id, name) values (1407, 'Malbouzon');
REPLACE INTO city(region_id, name) values (1407, 'Mende');
REPLACE INTO city(region_id, name) values (1610, 'Кофу');
REPLACE INTO city(region_id, name) values (1408, 'Angers');
REPLACE INTO city(region_id, name) values (1408, 'Avrill');
REPLACE INTO city(region_id, name) values (1408, 'Cholet');
REPLACE INTO city(region_id, name) values (1408, 'Saumur');
REPLACE INTO city(region_id, name) values (1409, 'Cherbourg');
REPLACE INTO city(region_id, name) values (1409, 'Margueray');
REPLACE INTO city(region_id, name) values (1409, 'Pirou');
REPLACE INTO city(region_id, name) values (1409, 'Saint-L');
REPLACE INTO city(region_id, name) values (1409, 'Tamerville');
REPLACE INTO city(region_id, name) values (1410, 'Ay');
REPLACE INTO city(region_id, name) values (1410, 'Chlons-en-Champagne');
REPLACE INTO city(region_id, name) values (1410, 'Cormontreuil');
REPLACE INTO city(region_id, name) values (1410, 'pernay');
REPLACE INTO city(region_id, name) values (1410, 'Reims');
REPLACE INTO city(region_id, name) values (1410, 'Soudron');
REPLACE INTO city(region_id, name) values (1411, 'Laval');
REPLACE INTO city(region_id, name) values (1411, 'Montenay');
REPLACE INTO city(region_id, name) values (1412, 'Avril');
REPLACE INTO city(region_id, name) values (1412, 'Batilly');
REPLACE INTO city(region_id, name) values (1412, 'Laneuveville-devant-Nancy');
REPLACE INTO city(region_id, name) values (1412, 'Longwy');
REPLACE INTO city(region_id, name) values (1412, 'Nancy');
REPLACE INTO city(region_id, name) values (1413, 'tain');
REPLACE INTO city(region_id, name) values (1413, 'Montsec');
REPLACE INTO city(region_id, name) values (1414, 'Ambon');
REPLACE INTO city(region_id, name) values (1414, 'Baden');
REPLACE INTO city(region_id, name) values (1414, 'Hennebont');
REPLACE INTO city(region_id, name) values (1414, 'Larmor-Plage');
REPLACE INTO city(region_id, name) values (1414, 'Lorient');
REPLACE INTO city(region_id, name) values (1414, 'Pontivy');
REPLACE INTO city(region_id, name) values (1414, 'Vannes');
REPLACE INTO city(region_id, name) values (1415, 'Amnville');
REPLACE INTO city(region_id, name) values (1415, 'Ancerville');
REPLACE INTO city(region_id, name) values (1415, 'Beux');
REPLACE INTO city(region_id, name) values (1415, 'Forbach');
REPLACE INTO city(region_id, name) values (1415, 'Hayange');
REPLACE INTO city(region_id, name) values (1415, 'Holling');
REPLACE INTO city(region_id, name) values (1415, 'Longeville-ls-Saint-Avold');
REPLACE INTO city(region_id, name) values (1415, 'Marsal');
REPLACE INTO city(region_id, name) values (1415, 'Marsilly');
REPLACE INTO city(region_id, name) values (1415, 'Metz');
REPLACE INTO city(region_id, name) values (1415, 'Porcelette');
REPLACE INTO city(region_id, name) values (1415, 'Sarreguemines');
REPLACE INTO city(region_id, name) values (1415, 'Stiring-Wendel');
REPLACE INTO city(region_id, name) values (1415, 'Thimonville');
REPLACE INTO city(region_id, name) values (1415, 'Thionville');
REPLACE INTO city(region_id, name) values (1416, 'Bry');
REPLACE INTO city(region_id, name) values (1416, 'Cambrai');
REPLACE INTO city(region_id, name) values (1416, 'Cartignies');
REPLACE INTO city(region_id, name) values (1416, 'Cassel');
REPLACE INTO city(region_id, name) values (1416, 'Denain');
REPLACE INTO city(region_id, name) values (1416, 'Douai');
REPLACE INTO city(region_id, name) values (1416, 'Dunkerque');
REPLACE INTO city(region_id, name) values (1416, 'Lille');
REPLACE INTO city(region_id, name) values (1416, 'Roubaix');
REPLACE INTO city(region_id, name) values (1416, 'Tourcoing');
REPLACE INTO city(region_id, name) values (1416, 'Valenciennes');
REPLACE INTO city(region_id, name) values (1416, 'Villeneuve-d''''Ascq');
REPLACE INTO city(region_id, name) values (1417, 'Abbecourt');
REPLACE INTO city(region_id, name) values (1417, 'Beauvais');
REPLACE INTO city(region_id, name) values (1417, 'Chantilly');
REPLACE INTO city(region_id, name) values (1417, 'Compigne');
REPLACE INTO city(region_id, name) values (1417, 'Litz');
REPLACE INTO city(region_id, name) values (1417, 'Marseille-en-Beauvaisis');
REPLACE INTO city(region_id, name) values (1417, 'Nogent-sur-Oise');
REPLACE INTO city(region_id, name) values (1417, 'Noyon');
REPLACE INTO city(region_id, name) values (1418, 'Alenon');
REPLACE INTO city(region_id, name) values (1418, 'Bagnoles-de-l''''Orne');
REPLACE INTO city(region_id, name) values (1419, 'Paris');
REPLACE INTO city(region_id, name) values (1420, 'Arras');
REPLACE INTO city(region_id, name) values (1420, 'Boulogne-sur-Mer');
REPLACE INTO city(region_id, name) values (1420, 'Calais');
REPLACE INTO city(region_id, name) values (1420, 'taples');
REPLACE INTO city(region_id, name) values (1420, 'Le Parcq');
REPLACE INTO city(region_id, name) values (1420, 'Lens');
REPLACE INTO city(region_id, name) values (1421, 'Aulnat');
REPLACE INTO city(region_id, name) values (1421, 'Bourg-Lastic');
REPLACE INTO city(region_id, name) values (1421, 'Chas');
REPLACE INTO city(region_id, name) values (1421, 'Clermont-Ferrand');
REPLACE INTO city(region_id, name) values (1421, 'Cournon-d''''Auvergne');
REPLACE INTO city(region_id, name) values (1422, 'Anglet');
REPLACE INTO city(region_id, name) values (1422, 'Bastans');
REPLACE INTO city(region_id, name) values (1422, 'Bayonne');
REPLACE INTO city(region_id, name) values (1422, 'Biarritz');
REPLACE INTO city(region_id, name) values (1422, 'Billre');
REPLACE INTO city(region_id, name) values (1422, 'Hendaye');
REPLACE INTO city(region_id, name) values (1422, 'Oloron-Sainte-Marie');
REPLACE INTO city(region_id, name) values (1422, 'Pau');
REPLACE INTO city(region_id, name) values (1422, 'Saint-Esteben');
REPLACE INTO city(region_id, name) values (1422, 'Sus');
REPLACE INTO city(region_id, name) values (1423, 'Baillestavy');
REPLACE INTO city(region_id, name) values (1423, 'Canet-Plage');
REPLACE INTO city(region_id, name) values (1423, 'Oms');
REPLACE INTO city(region_id, name) values (1423, 'Perpignan');
REPLACE INTO city(region_id, name) values (1423, 'Pia');
REPLACE INTO city(region_id, name) values (1423, 'Saint-Laurent-de-Cerdans');
REPLACE INTO city(region_id, name) values (1423, 'Thuir');
REPLACE INTO city(region_id, name) values (1423, 'Toulouges');
REPLACE INTO city(region_id, name) values (1424, 'Alix');
REPLACE INTO city(region_id, name) values (1424, 'Ancy');
REPLACE INTO city(region_id, name) values (1424, 'Bron');
REPLACE INTO city(region_id, name) values (1424, 'Caluire-et-Cuire');
REPLACE INTO city(region_id, name) values (1424, 'Limas');
REPLACE INTO city(region_id, name) values (1424, 'Lyon');
REPLACE INTO city(region_id, name) values (1424, 'Meyzieu');
REPLACE INTO city(region_id, name) values (1424, 'Saint-Didier-au-Mont-d''''Or');
REPLACE INTO city(region_id, name) values (1424, 'Saint-tienne-des-Oullires');
REPLACE INTO city(region_id, name) values (1424, 'Taluyers');
REPLACE INTO city(region_id, name) values (1424, 'Vnissieux');
REPLACE INTO city(region_id, name) values (1424, 'Vernaison');
REPLACE INTO city(region_id, name) values (1424, 'Villefranche-sur-Sane');
REPLACE INTO city(region_id, name) values (1425, 'Autun');
REPLACE INTO city(region_id, name) values (1425, 'Charbonnires');
REPLACE INTO city(region_id, name) values (1425, 'Mcon');
REPLACE INTO city(region_id, name) values (1425, 'Paray-le-Monial');
REPLACE INTO city(region_id, name) values (1426, 'Aix-les-Bains');
REPLACE INTO city(region_id, name) values (1426, 'Albertville');
REPLACE INTO city(region_id, name) values (1426, 'Bourdeau');
REPLACE INTO city(region_id, name) values (1426, 'Chambry');
REPLACE INTO city(region_id, name) values (1426, 'Courchevel');
REPLACE INTO city(region_id, name) values (1426, 'Saint-Andr');
REPLACE INTO city(region_id, name) values (1427, 'Amponville');
REPLACE INTO city(region_id, name) values (1427, 'Chelles');
REPLACE INTO city(region_id, name) values (1427, 'Coulommiers');
REPLACE INTO city(region_id, name) values (1427, 'Fontainebleau');
REPLACE INTO city(region_id, name) values (1427, 'Melun');
REPLACE INTO city(region_id, name) values (1428, 'tretat');
REPLACE INTO city(region_id, name) values (1428, 'Le Havre');
REPLACE INTO city(region_id, name) values (1428, 'Rouen');
REPLACE INTO city(region_id, name) values (1428, 'Vieux-Manoir');
REPLACE INTO city(region_id, name) values (1429, 'Drancy');
REPLACE INTO city(region_id, name) values (1429, 'Gournay-sur-Marne');
REPLACE INTO city(region_id, name) values (1429, 'Le Blanc-Mesnil');
REPLACE INTO city(region_id, name) values (1429, 'Neuilly-Plaisance');
REPLACE INTO city(region_id, name) values (1429, 'Pantin');
REPLACE INTO city(region_id, name) values (1429, 'Saint-Denis');
REPLACE INTO city(region_id, name) values (1429, 'Stains');
REPLACE INTO city(region_id, name) values (1430, 'Abbeville');
REPLACE INTO city(region_id, name) values (1430, 'Amiens');
REPLACE INTO city(region_id, name) values (1430, 'Digeon');
REPLACE INTO city(region_id, name) values (1431, 'Albi');
REPLACE INTO city(region_id, name) values (1431, 'Gaillac');
REPLACE INTO city(region_id, name) values (1431, 'Le Vintrou');
REPLACE INTO city(region_id, name) values (1431, 'Viane');
REPLACE INTO city(region_id, name) values (1432, 'Bouloc');
REPLACE INTO city(region_id, name) values (1432, 'Moissac');
REPLACE INTO city(region_id, name) values (1432, 'Montauban');
REPLACE INTO city(region_id, name) values (1433, 'Bavilliers');
REPLACE INTO city(region_id, name) values (1433, 'Belfort');
REPLACE INTO city(region_id, name) values (1433, 'Rchsy');
REPLACE INTO city(region_id, name) values (1434, 'Ableiges');
REPLACE INTO city(region_id, name) values (1434, 'Arnouville-ls-Gonesse');
REPLACE INTO city(region_id, name) values (1435, 'Ablon-sur-Seine');
REPLACE INTO city(region_id, name) values (1435, 'Alfortville');
REPLACE INTO city(region_id, name) values (1435, 'Choisy-le-Roi');
REPLACE INTO city(region_id, name) values (1435, 'Ivry-sur-Seine');
REPLACE INTO city(region_id, name) values (1435, 'Limeil-Brvannes');
REPLACE INTO city(region_id, name) values (1435, 'Maisons-Alfort');
REPLACE INTO city(region_id, name) values (1435, 'Orly');
REPLACE INTO city(region_id, name) values (1435, 'Saint-Maur-des-Fosss');
REPLACE INTO city(region_id, name) values (1435, 'Vincennes');
REPLACE INTO city(region_id, name) values (1436, 'Draguignan');
REPLACE INTO city(region_id, name) values (1436, 'Frjus');
REPLACE INTO city(region_id, name) values (1436, 'Gassin');
REPLACE INTO city(region_id, name) values (1436, 'Hyres');
REPLACE INTO city(region_id, name) values (1436, 'La Londe-les-Maures');
REPLACE INTO city(region_id, name) values (1436, 'Le Beausset');
REPLACE INTO city(region_id, name) values (1436, 'Le Lavandou');
REPLACE INTO city(region_id, name) values (1436, 'Saint-Maximin-la-Sainte-Baume');
REPLACE INTO city(region_id, name) values (1436, 'Saint-Raphal');
REPLACE INTO city(region_id, name) values (1436, 'Saint-Tropez');
REPLACE INTO city(region_id, name) values (1436, 'Sanary-sur-Mer');
REPLACE INTO city(region_id, name) values (1436, 'Toulon');
REPLACE INTO city(region_id, name) values (1437, 'Apt');
REPLACE INTO city(region_id, name) values (1437, 'Avignon');
REPLACE INTO city(region_id, name) values (1437, 'Bonnieux');
REPLACE INTO city(region_id, name) values (1437, 'L''''Isle-sur-la-Sorgue');
REPLACE INTO city(region_id, name) values (1437, 'Montfavet');
REPLACE INTO city(region_id, name) values (1437, 'Orange');
REPLACE INTO city(region_id, name) values (1437, 'Saint-Christol');
REPLACE INTO city(region_id, name) values (1438, 'Angles');
REPLACE INTO city(region_id, name) values (1438, 'Chavagnes-les-Redoux');
REPLACE INTO city(region_id, name) values (1438, 'La Roche-sur-Yon');
REPLACE INTO city(region_id, name) values (1438, 'Les Sables-d''''Olonne');
REPLACE INTO city(region_id, name) values (1438, 'Saint-Prouant');
REPLACE INTO city(region_id, name) values (1438, 'Vix');
REPLACE INTO city(region_id, name) values (1439, 'Chtellerault');
REPLACE INTO city(region_id, name) values (1439, 'Genay');
REPLACE INTO city(region_id, name) values (1439, 'Poitiers');
REPLACE INTO city(region_id, name) values (1439, 'Saint-Saviol');
REPLACE INTO city(region_id, name) values (1440, 'pinal');
REPLACE INTO city(region_id, name) values (1440, 'Remiremont');
REPLACE INTO city(region_id, name) values (1440, 'Vittel');
REPLACE INTO city(region_id, name) values (1441, 'Angely');
REPLACE INTO city(region_id, name) values (1441, 'Auxerre');
REPLACE INTO city(region_id, name) values (1441, 'Villeneuve-sur-Yonne');
REPLACE INTO city(region_id, name) values (1441, 'Yrouerre');
REPLACE INTO city(region_id, name) values (1442, 'La Celle-Saint-Cloud');
REPLACE INTO city(region_id, name) values (1442, 'La Verrire');
REPLACE INTO city(region_id, name) values (1442, 'Le Vsinet');
REPLACE INTO city(region_id, name) values (1442, 'Marly-le-Roi');
REPLACE INTO city(region_id, name) values (1442, 'Rambouillet');
REPLACE INTO city(region_id, name) values (1442, 'Verneuil-sur-Seine');
REPLACE INTO city(region_id, name) values (1442, 'Versailles');
REPLACE INTO city(region_id, name) values (1442, 'Vert');